INSERT INTO elections(election_id,name,description,candidates_deadline,start_date,end_date,is_published,votes_limit,places_limit)
VALUES
(1,'Wybory do Samorządu 2012','Wybory do samorządu 2012.','2012-01-01','2012-01-10','2012-02-10',TRUE,2,10),
(2,'Wybory do Rady Wydziału 2012','Wybory do rady wydziału 2012.','2012-05-01','2012-05-10','2012-06-10',FALSE,2,1),
(3,'Wybory do Samorządu 2013','Wybory do samorządu 2013.','2013-01-01','2013-01-10','2013-03-01',FALSE,3,10),
(4,'Wybory do zarządu gazety wydziału 2012','','2012-10-20','2012-10-22','2012-10-25',FALSE,1,1),
(5,'Wybory do Rady Wydziału 2013','','2013-10-20','2013-10-22','2013-11-20',FALSE,2,1),
(6,'Wybory do zarządu gazety wydziału 2013','','2013-01-20','2013-02-10','2013-02-25',FALSE,1,1);

INSERT INTO candidates(candidate_id,election_id,user_id,is_accepted) VALUES
(1,1,'133356',TRUE),
(2,1,'139982',TRUE),
(3,1,'140547',TRUE),
(4,1,'148391',TRUE),
(5,1,'148981',TRUE),
(6,1,'153607',TRUE),
(7,1,'157584',TRUE),
(8,1,'177461',TRUE),
(9,1,'192912',TRUE),
(10,1,'196609',TRUE),
(11,1,'215772',TRUE),
(12,1,'221643',TRUE),
(13,1,'226091',TRUE),
(14,1,'229028',TRUE),
(15,1,'229946',TRUE),
(16,1,'232142',TRUE),
(17,1,'244436',TRUE),
(18,1,'247539',TRUE),
(19,1,'261841',TRUE),
(20,1,'265825',TRUE),
(21,1,'267948',TRUE),
(22,1,'268819',TRUE),
(23,1,'279051',TRUE),
(24,1,'280679',TRUE),
(25,1,'288509',TRUE),
(26,1,'289154',TRUE),
(27,1,'305923',TRUE),
(28,1,'309868',TRUE),
(29,1,'316809',TRUE),
(30,1,'324132',TRUE),
(31,1,'327092',TRUE),
(32,1,'333668',TRUE),
(33,1,'127714',FALSE),
(34,1,'163500',FALSE),
(35,1,'293441',FALSE),
(36,1,'302315',FALSE),
(37,1,'317754',FALSE),
(38,1,'321620',FALSE);
INSERT INTO votes(candidate_id,user_id) VALUES
(31,'125042'),
(29,'125121'),
(18,'125150'),
(7,'125275'),
(13,'125336'),
(32,'125541'),
(1,'125646'),
(14,'125739'),
(29,'125814'),
(23,'125830'),
(32,'125894'),
(28,'125941'),
(23,'126028'),
(25,'126058'),
(15,'126328'),
(28,'126399'),
(7,'126411'),
(20,'126454'),
(16,'126555'),
(4,'126595'),
(12,'126663'),
(23,'126869'),
(22,'127038'),
(20,'127042'),
(19,'127094'),
(21,'127141'),
(6,'127159'),
(11,'127168'),
(22,'127211'),
(6,'127217'),
(1,'127410'),
(12,'127449'),
(13,'127659'),
(29,'127900'),
(31,'128028'),
(5,'128261'),
(22,'128274'),
(22,'128355'),
(19,'128397'),
(24,'128686'),
(32,'128786'),
(32,'128791'),
(22,'128850'),
(9,'129111'),
(6,'129251'),
(27,'129283'),
(28,'129333'),
(12,'129395'),
(6,'129416'),
(5,'129560'),
(28,'129605'),
(13,'129689'),
(31,'129708'),
(32,'129815'),
(3,'129846'),
(7,'129910'),
(19,'129979'),
(11,'130221'),
(5,'130321'),
(32,'130392'),
(16,'130400'),
(32,'130454'),
(18,'130510'),
(6,'130611'),
(26,'130656'),
(29,'130670'),
(14,'130761'),
(27,'130775'),
(8,'130969'),
(30,'130988'),
(2,'131024'),
(30,'131037'),
(19,'131079'),
(6,'131245'),
(8,'131254'),
(29,'131283'),
(24,'131312'),
(23,'131349'),
(12,'131492'),
(17,'131523'),
(26,'131681'),
(8,'131715'),
(2,'131722'),
(1,'131885'),
(9,'132256'),
(16,'132470'),
(6,'132579'),
(29,'132649'),
(31,'132828'),
(15,'132897'),
(10,'132907'),
(2,'133014'),
(22,'133044'),
(32,'133223'),
(15,'133240'),
(6,'133509'),
(19,'133545'),
(27,'133574'),
(18,'133667'),
(16,'133678'),
(15,'133780'),
(22,'133983'),
(25,'134111'),
(28,'134192'),
(20,'134548'),
(23,'134570'),
(12,'134718'),
(5,'135082'),
(25,'135316'),
(26,'135351'),
(32,'135419'),
(24,'135432'),
(27,'135442'),
(30,'135451'),
(30,'135566'),
(24,'135984'),
(18,'136016'),
(12,'136088'),
(4,'136103'),
(11,'136164'),
(10,'136170'),
(13,'136301'),
(17,'136304'),
(5,'136656'),
(15,'136720'),
(24,'136892'),
(10,'136969'),
(22,'137109'),
(18,'137136'),
(22,'137353'),
(2,'137595'),
(23,'137839'),
(21,'138187'),
(13,'138345'),
(27,'138461'),
(11,'138638'),
(19,'138869'),
(9,'139056'),
(3,'139066'),
(2,'139093'),
(9,'139166'),
(32,'139489'),
(4,'139513'),
(17,'139561'),
(29,'139661'),
(11,'139682'),
(22,'139982'),
(13,'140030'),
(32,'140228'),
(18,'140246'),
(18,'140385'),
(22,'140388'),
(10,'140630'),
(30,'140898'),
(27,'141103'),
(22,'141327'),
(7,'141389'),
(5,'141623'),
(22,'141630'),
(23,'141680'),
(28,'141706'),
(20,'141751'),
(16,'141785'),
(20,'141786'),
(18,'141909'),
(19,'142013'),
(23,'142168'),
(6,'142203'),
(23,'142219'),
(7,'142268'),
(10,'142335'),
(14,'142918'),
(14,'143125'),
(10,'143331'),
(23,'143570'),
(23,'143682'),
(12,'143909'),
(27,'143957'),
(27,'144035'),
(28,'144134'),
(17,'144143'),
(15,'144161'),
(1,'144229'),
(21,'144335'),
(13,'144340'),
(20,'144485'),
(5,'144517'),
(8,'144792'),
(5,'144919'),
(29,'145023'),
(26,'145435'),
(2,'145451'),
(6,'145492'),
(27,'145581'),
(23,'145963'),
(8,'146072'),
(7,'146099'),
(3,'146199'),
(30,'146253'),
(26,'146338'),
(27,'146354'),
(17,'146454'),
(19,'146503'),
(30,'146568'),
(26,'146598'),
(4,'146710'),
(32,'146783'),
(4,'146844'),
(23,'146897'),
(14,'147012'),
(6,'147074'),
(8,'147293'),
(20,'147318'),
(4,'147357'),
(18,'147550'),
(7,'147839'),
(2,'147892'),
(5,'147946'),
(7,'148077'),
(30,'148156'),
(17,'148203'),
(27,'148210'),
(2,'148229'),
(22,'148299'),
(3,'148322'),
(30,'148366'),
(9,'148371'),
(4,'148443'),
(29,'148459'),
(25,'148483'),
(15,'148500'),
(1,'148576'),
(14,'148709'),
(4,'148737'),
(10,'149048'),
(18,'149201'),
(1,'149244'),
(19,'149490'),
(27,'149606'),
(27,'149708'),
(12,'149869'),
(32,'149875'),
(22,'150006'),
(27,'150023'),
(3,'150083'),
(14,'150204'),
(6,'150263'),
(6,'150650'),
(24,'150972'),
(12,'151092'),
(20,'151329'),
(9,'151477'),
(27,'151561'),
(5,'151620'),
(4,'151656'),
(7,'151677'),
(22,'151886'),
(29,'152061'),
(29,'152069'),
(29,'152143'),
(2,'152216'),
(24,'152228'),
(23,'152525'),
(28,'152594'),
(18,'152947'),
(27,'153006'),
(11,'153040'),
(10,'153177'),
(3,'153421'),
(13,'153437'),
(14,'153515'),
(16,'153813'),
(9,'154221'),
(9,'154321'),
(3,'154904'),
(15,'154916'),
(22,'154937'),
(10,'154975'),
(2,'155094'),
(12,'155161'),
(2,'155295'),
(26,'155344'),
(4,'155609'),
(14,'155801'),
(11,'155889'),
(17,'155931'),
(19,'155989'),
(32,'156146'),
(11,'156382'),
(14,'156547'),
(31,'156639'),
(22,'156725'),
(28,'157068'),
(24,'157241'),
(28,'157276'),
(21,'157324'),
(23,'157376'),
(29,'157460'),
(16,'157497'),
(12,'157665'),
(9,'157730'),
(2,'157769'),
(28,'157892'),
(26,'158145'),
(7,'158197'),
(23,'158346'),
(25,'158400'),
(5,'158482'),
(6,'158767'),
(23,'158839'),
(21,'158924'),
(12,'158941'),
(14,'158946'),
(32,'159052'),
(25,'159096'),
(26,'159427'),
(3,'159578'),
(16,'159628'),
(6,'159702'),
(32,'159835'),
(11,'159963'),
(2,'160017'),
(20,'160145'),
(28,'160403'),
(9,'160517'),
(32,'160558'),
(19,'160669'),
(21,'160950'),
(7,'160998'),
(20,'161026'),
(30,'161033'),
(26,'161062'),
(1,'161441'),
(23,'161513'),
(17,'161519'),
(20,'161565'),
(28,'161587'),
(15,'161619'),
(4,'161637'),
(30,'161729'),
(9,'161805'),
(2,'161832'),
(26,'161889'),
(25,'161936'),
(16,'161954'),
(4,'162199'),
(14,'162252'),
(27,'162332'),
(1,'162337'),
(3,'162372'),
(26,'162404'),
(14,'162541'),
(15,'162757'),
(32,'162836'),
(12,'163043'),
(7,'163307'),
(21,'163469'),
(11,'163483'),
(24,'163500'),
(29,'163654'),
(9,'163715'),
(30,'163767'),
(21,'163816'),
(9,'163880'),
(4,'163921'),
(7,'164286'),
(32,'164525'),
(15,'164536'),
(22,'164687'),
(23,'164860'),
(5,'164874'),
(14,'164902'),
(27,'164939'),
(27,'165129'),
(31,'165522'),
(28,'165595'),
(2,'165647'),
(8,'165709'),
(9,'166088'),
(21,'166208'),
(25,'166249'),
(2,'166269'),
(19,'166405'),
(6,'166496'),
(14,'166627'),
(22,'166712'),
(21,'166779'),
(29,'166884'),
(25,'167044'),
(21,'167070'),
(11,'167150'),
(29,'167201'),
(1,'167298'),
(26,'167737'),
(31,'167816'),
(2,'167891'),
(20,'168201'),
(23,'168694'),
(24,'168730'),
(11,'168785'),
(1,'169093'),
(12,'169204'),
(27,'169291'),
(17,'169335'),
(17,'169395'),
(21,'169430'),
(19,'169549'),
(8,'169609'),
(1,'169658'),
(25,'169739'),
(9,'169904'),
(7,'169947'),
(13,'170032'),
(7,'170050'),
(23,'170225'),
(26,'170348'),
(26,'170364'),
(23,'170421'),
(8,'170924'),
(9,'171157'),
(4,'171203'),
(4,'171216'),
(32,'171234'),
(24,'171313'),
(24,'171358'),
(3,'171413'),
(30,'171843'),
(23,'172052'),
(16,'172132'),
(9,'172152'),
(18,'172188'),
(27,'172281'),
(32,'172313'),
(31,'172427'),
(22,'172597'),
(10,'172687'),
(11,'172734'),
(19,'172789'),
(16,'173112'),
(18,'173188'),
(31,'173225'),
(21,'173337'),
(1,'173419'),
(10,'173454'),
(10,'173501'),
(27,'173558'),
(7,'173796'),
(4,'174005'),
(4,'174018'),
(17,'174139'),
(13,'174176'),
(13,'174177'),
(24,'174394'),
(8,'174447'),
(20,'174537'),
(27,'174540'),
(29,'174583'),
(31,'174717'),
(28,'174811'),
(13,'175220'),
(9,'175446'),
(20,'175605'),
(16,'176069'),
(5,'176226'),
(29,'176292'),
(19,'176406'),
(5,'176565'),
(27,'176843'),
(14,'176988'),
(6,'177162'),
(4,'177179'),
(1,'177203'),
(17,'177367'),
(30,'177381'),
(8,'177401'),
(11,'177453'),
(22,'177467'),
(2,'177545'),
(18,'177737'),
(18,'177861'),
(18,'178116'),
(26,'178142'),
(30,'178226'),
(18,'178259'),
(30,'178511'),
(15,'178611'),
(15,'178823'),
(29,'179092'),
(18,'179133'),
(26,'179259'),
(26,'179484'),
(24,'179708'),
(6,'179712'),
(19,'179789'),
(9,'179869'),
(3,'179983'),
(1,'180256'),
(25,'180268'),
(4,'180340'),
(15,'180625'),
(17,'180988'),
(11,'181042'),
(3,'181214'),
(24,'181350'),
(12,'181467'),
(9,'181486'),
(14,'181503'),
(20,'181548'),
(2,'181556'),
(15,'181580'),
(24,'181602'),
(8,'181693'),
(27,'181727'),
(15,'181966'),
(27,'182038'),
(2,'182052'),
(3,'182078'),
(18,'182153'),
(23,'182327'),
(30,'182426'),
(17,'182512'),
(22,'182696'),
(23,'183072'),
(25,'183181'),
(3,'183206'),
(7,'183302'),
(19,'183358'),
(27,'183437'),
(4,'183773'),
(4,'183810'),
(15,'183998'),
(14,'184102'),
(14,'184125'),
(6,'184263'),
(21,'184333'),
(31,'184335'),
(21,'184392'),
(9,'184436'),
(19,'184460'),
(19,'184477'),
(12,'184497'),
(24,'184564'),
(28,'184767'),
(7,'185052'),
(5,'185194'),
(20,'185446'),
(17,'185491'),
(12,'185530'),
(2,'185657'),
(6,'185670'),
(21,'185745'),
(30,'186137'),
(8,'186172'),
(13,'186233'),
(23,'186323'),
(32,'186842'),
(22,'186976'),
(24,'186994'),
(20,'187106'),
(24,'187163'),
(32,'187212'),
(6,'187333'),
(6,'187471'),
(29,'187510'),
(1,'187571'),
(30,'187585'),
(19,'187731'),
(11,'187842'),
(2,'187880'),
(29,'187939'),
(8,'188057'),
(4,'188111'),
(21,'188153'),
(22,'188242'),
(1,'188262'),
(11,'188388'),
(8,'188445'),
(24,'189222'),
(32,'189610'),
(20,'189667'),
(4,'189853'),
(2,'189947'),
(16,'190010'),
(30,'190168'),
(1,'190460'),
(6,'190482'),
(9,'190551'),
(14,'190672'),
(26,'190903'),
(26,'191067'),
(30,'191173'),
(6,'191319'),
(9,'191394'),
(30,'191492'),
(14,'191521'),
(26,'191685'),
(6,'191775'),
(14,'191823'),
(30,'191844'),
(16,'192122'),
(9,'192206'),
(20,'192705'),
(12,'192714'),
(20,'192809'),
(15,'192827'),
(27,'192837'),
(14,'192994'),
(31,'193106'),
(5,'193179'),
(9,'193343'),
(4,'193478'),
(26,'193548'),
(13,'193630'),
(29,'193753'),
(12,'193786'),
(11,'193903'),
(28,'194366'),
(20,'194390'),
(4,'194421'),
(14,'194836'),
(10,'194901'),
(8,'195042'),
(5,'195091'),
(32,'195150'),
(2,'195181'),
(18,'195333'),
(10,'195520'),
(3,'195560'),
(8,'195570'),
(24,'195698'),
(12,'195727'),
(15,'195885'),
(21,'196162'),
(2,'196213'),
(27,'196277'),
(27,'196391'),
(20,'196407'),
(3,'196456'),
(6,'196553'),
(21,'196593'),
(30,'196667'),
(8,'196806'),
(2,'196880'),
(17,'196917'),
(32,'197115'),
(31,'197154'),
(11,'197324'),
(7,'197464'),
(5,'197493'),
(16,'197496'),
(30,'197550'),
(2,'197560'),
(28,'197671'),
(9,'197718'),
(19,'197751'),
(2,'197825'),
(8,'198009'),
(17,'198076'),
(12,'198132'),
(23,'198274'),
(10,'198370'),
(29,'198377'),
(17,'198383'),
(2,'198463'),
(7,'198584'),
(12,'198698'),
(30,'198749'),
(22,'198788'),
(28,'198856'),
(20,'198927'),
(21,'198982'),
(28,'199021'),
(27,'199075'),
(10,'199145'),
(18,'199156'),
(7,'199498'),
(7,'199500'),
(25,'199583'),
(15,'199627'),
(26,'199677'),
(18,'200102'),
(14,'200115'),
(5,'200132'),
(15,'200244'),
(28,'200304'),
(21,'200526'),
(31,'200706'),
(15,'200749'),
(26,'200847'),
(4,'200957'),
(15,'201066'),
(26,'201186'),
(3,'201226'),
(1,'201418'),
(5,'201437'),
(16,'201456'),
(8,'201474'),
(26,'201792'),
(28,'201880'),
(2,'202196'),
(20,'202358'),
(10,'202473'),
(26,'202570'),
(9,'202594'),
(24,'202742'),
(24,'202872'),
(21,'203020'),
(29,'203109'),
(32,'203128'),
(23,'203156'),
(6,'203263'),
(22,'203330'),
(20,'203485'),
(8,'203504'),
(13,'203604'),
(14,'203791'),
(20,'203840'),
(8,'203861'),
(7,'203882'),
(18,'204036'),
(21,'204122'),
(25,'204260'),
(9,'204338'),
(14,'204349'),
(13,'204433'),
(21,'204464'),
(4,'204728'),
(32,'204768'),
(19,'204817'),
(18,'204907'),
(19,'204964'),
(28,'205027'),
(22,'205102'),
(11,'205137'),
(11,'205659'),
(30,'205683'),
(9,'205768'),
(16,'205838'),
(25,'206012'),
(13,'206035'),
(2,'206072'),
(20,'206115'),
(9,'206300'),
(28,'206334'),
(2,'206454'),
(32,'206477'),
(26,'206513'),
(1,'206744'),
(10,'206836'),
(24,'206935'),
(25,'206993'),
(4,'207256'),
(7,'207627'),
(7,'207782'),
(32,'208004'),
(13,'208057'),
(9,'208098'),
(9,'208179'),
(15,'208194'),
(32,'208273'),
(20,'208330'),
(22,'208386'),
(16,'208405'),
(23,'208570'),
(17,'208846'),
(17,'208999'),
(12,'209117'),
(32,'209128'),
(29,'209262'),
(7,'209304'),
(17,'209416'),
(2,'209566'),
(21,'209617'),
(16,'209679'),
(5,'209818'),
(29,'209831'),
(30,'209851'),
(24,'209910'),
(13,'209940'),
(15,'209988'),
(24,'210211'),
(2,'210251'),
(17,'210264'),
(26,'210527'),
(1,'210616'),
(10,'210617'),
(11,'210771'),
(31,'210814'),
(32,'210849'),
(31,'210858'),
(5,'211023'),
(25,'211082'),
(25,'211141'),
(12,'211201'),
(19,'211429'),
(7,'211439'),
(15,'211499'),
(26,'211833'),
(19,'212091'),
(25,'212300'),
(20,'212461'),
(22,'212542'),
(10,'212551'),
(7,'212647'),
(18,'212697'),
(16,'212724'),
(15,'212764'),
(18,'212803'),
(20,'212849'),
(16,'212856'),
(25,'213102'),
(2,'213271'),
(25,'213313'),
(14,'213334'),
(32,'213439'),
(9,'213464'),
(25,'213663'),
(1,'213685'),
(12,'213707'),
(14,'213857'),
(17,'213964'),
(25,'213995'),
(6,'214260'),
(4,'214262'),
(3,'214377'),
(3,'214631'),
(27,'214640'),
(16,'214871'),
(26,'214885'),
(18,'214943'),
(12,'214995'),
(27,'215001'),
(5,'215024'),
(32,'215103'),
(18,'215305'),
(17,'215376'),
(3,'215440'),
(26,'215460'),
(9,'215475'),
(32,'215546'),
(3,'215572'),
(20,'215665'),
(22,'215724'),
(23,'215747'),
(1,'215763'),
(27,'215806'),
(22,'215891'),
(24,'215914'),
(24,'215960'),
(24,'216213'),
(4,'216307'),
(3,'216404'),
(20,'216717'),
(2,'216986'),
(25,'217034'),
(32,'217280'),
(18,'217333'),
(17,'217591'),
(28,'217663'),
(1,'217924'),
(28,'218105'),
(14,'218228'),
(24,'218318'),
(19,'218411'),
(15,'218425'),
(28,'218591'),
(32,'218608'),
(21,'218846'),
(27,'218873'),
(19,'219012'),
(14,'219168'),
(32,'219371'),
(5,'219426'),
(4,'219460'),
(11,'219694'),
(20,'219843'),
(10,'219979'),
(32,'220033'),
(17,'220141'),
(23,'220364'),
(22,'220472'),
(25,'220640'),
(12,'220740'),
(5,'220787'),
(27,'220960'),
(8,'221109'),
(2,'221380'),
(22,'221383'),
(4,'221474'),
(27,'221540'),
(14,'221601'),
(6,'221643'),
(23,'221760'),
(14,'221858'),
(26,'222017'),
(9,'222081'),
(2,'222314'),
(24,'222330'),
(28,'222448'),
(3,'222856'),
(5,'222872'),
(15,'222940'),
(14,'222990'),
(14,'223123'),
(3,'223167'),
(15,'223187'),
(30,'223228'),
(32,'223337'),
(26,'223455'),
(3,'223499'),
(16,'223523'),
(18,'223535'),
(15,'223623'),
(8,'223818'),
(26,'223848'),
(21,'224122'),
(7,'224138'),
(22,'224218'),
(26,'224343'),
(16,'224354'),
(12,'224362'),
(26,'224380'),
(13,'224475'),
(17,'224548'),
(13,'224612'),
(28,'224697'),
(20,'224820'),
(16,'224921'),
(17,'224984'),
(1,'225227'),
(14,'225306'),
(10,'225313'),
(22,'225654'),
(7,'225883'),
(16,'225893'),
(4,'225976'),
(31,'226044'),
(16,'226157'),
(24,'226177'),
(12,'226229'),
(13,'226407'),
(10,'226460'),
(7,'226504'),
(7,'226642'),
(5,'226737'),
(3,'226754'),
(7,'226794'),
(32,'226838'),
(2,'227077'),
(1,'227114'),
(18,'227240'),
(7,'227317'),
(21,'227414'),
(24,'227445'),
(2,'227481'),
(14,'227725'),
(29,'227854'),
(8,'227942'),
(23,'227953'),
(4,'228029'),
(32,'228083'),
(2,'228266'),
(27,'228306'),
(8,'228354'),
(7,'228700'),
(11,'228742'),
(15,'229062'),
(6,'229357'),
(28,'229419'),
(8,'229480'),
(11,'229483'),
(1,'229561'),
(9,'229751'),
(19,'229786'),
(3,'229923'),
(18,'230270'),
(11,'230352'),
(30,'230445'),
(25,'230540'),
(24,'230694'),
(5,'230932'),
(28,'231264'),
(7,'231362'),
(24,'231451'),
(6,'231677'),
(18,'231782'),
(2,'231996'),
(17,'232037'),
(14,'232218'),
(15,'232250'),
(9,'232263'),
(32,'232513'),
(26,'232541'),
(24,'232572'),
(12,'232611'),
(30,'232740'),
(7,'232837'),
(28,'232856'),
(21,'232884'),
(6,'232964'),
(3,'233004'),
(6,'233027'),
(27,'233047'),
(30,'233142'),
(6,'233275'),
(14,'233376'),
(12,'233523'),
(16,'233599'),
(20,'233767'),
(3,'233779'),
(21,'233824'),
(26,'233920'),
(6,'233961'),
(25,'233976'),
(26,'234016'),
(12,'234133'),
(20,'234163'),
(4,'234354'),
(31,'234385'),
(18,'234462'),
(12,'234528'),
(32,'234730'),
(2,'234770'),
(29,'234790'),
(12,'234893'),
(11,'235109'),
(9,'235281'),
(12,'235425'),
(27,'235574'),
(27,'235704'),
(19,'235715'),
(1,'235753'),
(17,'235826'),
(7,'235833'),
(6,'235898'),
(19,'235983'),
(10,'235994'),
(25,'236155'),
(21,'236180'),
(30,'236191'),
(28,'236270'),
(30,'236273'),
(8,'236378'),
(21,'236427'),
(31,'236441'),
(18,'236453'),
(32,'236476'),
(10,'236556'),
(5,'236613'),
(13,'236801'),
(28,'236916'),
(11,'236921'),
(5,'237034'),
(28,'237103'),
(9,'237108'),
(7,'237328'),
(13,'237357'),
(28,'237383'),
(4,'237519'),
(31,'237588'),
(20,'237604'),
(9,'237679'),
(17,'237698'),
(18,'237708'),
(28,'237753'),
(8,'237889'),
(26,'238158'),
(1,'238171'),
(25,'238273'),
(28,'238298'),
(27,'238325'),
(24,'238418'),
(17,'238471'),
(10,'238503'),
(13,'238806'),
(23,'238807'),
(5,'238820'),
(12,'238824'),
(13,'239105'),
(28,'239123'),
(12,'239203'),
(23,'239335'),
(8,'239766'),
(12,'239834'),
(12,'239883'),
(5,'240021'),
(18,'240071'),
(4,'240104'),
(19,'240129'),
(3,'240192'),
(26,'240215'),
(19,'240242'),
(19,'240416'),
(32,'240426'),
(23,'240502'),
(13,'240590'),
(17,'241234'),
(25,'241262'),
(26,'241325'),
(27,'241343'),
(30,'241744'),
(17,'241755'),
(26,'241777'),
(28,'241791'),
(28,'241862'),
(10,'242004'),
(5,'242014'),
(15,'242065'),
(8,'242123'),
(3,'242155'),
(23,'242180'),
(29,'242206'),
(29,'242283'),
(27,'242303'),
(29,'242337'),
(18,'242366'),
(24,'242376'),
(19,'242463'),
(12,'242497'),
(5,'242615'),
(28,'242789'),
(11,'242936'),
(17,'243009'),
(28,'243294'),
(5,'243362'),
(31,'243632'),
(1,'243661'),
(17,'243709'),
(3,'243745'),
(24,'244137'),
(6,'244158'),
(23,'244237'),
(30,'244390'),
(2,'244506'),
(4,'244786'),
(3,'245082'),
(23,'245178'),
(2,'245204'),
(26,'245356'),
(11,'245407'),
(17,'245559'),
(21,'245674'),
(14,'245687'),
(32,'245840'),
(12,'245852'),
(2,'245901'),
(14,'245922'),
(23,'246347'),
(21,'246496'),
(4,'246523'),
(2,'246528'),
(11,'246545'),
(17,'246594'),
(31,'246702'),
(15,'246797'),
(2,'246821'),
(1,'246859'),
(2,'246923'),
(20,'246945'),
(23,'247039'),
(3,'247066'),
(24,'247275'),
(17,'247379'),
(20,'247557'),
(29,'247582'),
(29,'247761'),
(3,'247851'),
(13,'248023'),
(6,'248248'),
(22,'248330'),
(3,'248349'),
(27,'248360'),
(7,'248453'),
(9,'248516'),
(4,'248662'),
(23,'248832'),
(6,'249045'),
(15,'249145'),
(3,'249243'),
(30,'249479'),
(23,'249524'),
(23,'249660'),
(27,'249922'),
(3,'249937'),
(27,'249943'),
(17,'250100'),
(16,'250390'),
(1,'250565'),
(32,'250577'),
(14,'250895'),
(26,'250909'),
(7,'250975'),
(24,'251003'),
(30,'251038'),
(4,'251168'),
(8,'251230'),
(6,'251238'),
(26,'251488'),
(1,'251491'),
(21,'251560'),
(1,'251602'),
(20,'251960'),
(16,'251981'),
(3,'252007'),
(7,'252175'),
(6,'252237'),
(1,'252319'),
(11,'252342'),
(28,'252482'),
(21,'252518'),
(1,'252642'),
(13,'252674'),
(31,'252691'),
(29,'252727'),
(12,'252956'),
(11,'253375'),
(18,'253691'),
(9,'253735'),
(4,'254129'),
(18,'254279'),
(2,'254298'),
(4,'254332'),
(3,'254839'),
(10,'254917'),
(27,'254979'),
(27,'254998'),
(22,'255159'),
(25,'255463'),
(9,'255603'),
(4,'255718'),
(29,'255793'),
(16,'255860'),
(19,'255881'),
(14,'255915'),
(1,'255978'),
(23,'255999'),
(29,'256092'),
(9,'256577'),
(10,'256826'),
(13,'256859'),
(23,'256928'),
(8,'256954'),
(24,'257018'),
(28,'257122'),
(8,'257149'),
(27,'257235'),
(16,'257260'),
(18,'257324'),
(16,'257402'),
(8,'257491'),
(18,'257510'),
(4,'257547'),
(19,'257715'),
(17,'258125'),
(16,'258144'),
(9,'258172'),
(28,'258425'),
(15,'258455'),
(16,'258465'),
(1,'258482'),
(1,'258529'),
(11,'258537'),
(22,'258615'),
(3,'258654'),
(20,'258729'),
(18,'259088'),
(30,'259104'),
(19,'259187'),
(25,'259231'),
(22,'259266'),
(21,'259355'),
(12,'259404'),
(11,'259435'),
(14,'259508'),
(22,'259818'),
(10,'259915'),
(22,'259925'),
(11,'259967'),
(6,'260268'),
(7,'260471'),
(31,'260475'),
(6,'260516'),
(11,'260562'),
(28,'260712'),
(8,'261044'),
(8,'261410'),
(14,'261436'),
(19,'261504'),
(14,'261517'),
(12,'261587'),
(15,'261690'),
(8,'261696'),
(2,'262057'),
(26,'262302'),
(2,'262321'),
(3,'262441'),
(32,'262449'),
(10,'262557'),
(32,'262758'),
(26,'262766'),
(21,'262792'),
(18,'262850'),
(9,'262857'),
(25,'262933'),
(8,'262981'),
(19,'263020'),
(15,'263110'),
(13,'263329'),
(4,'263351'),
(23,'263369'),
(28,'263531'),
(4,'263656'),
(26,'263734'),
(23,'263744'),
(17,'263770'),
(9,'263808'),
(20,'264182'),
(22,'264295'),
(22,'264381'),
(30,'264388'),
(22,'264740'),
(20,'264897'),
(7,'264998'),
(23,'265075'),
(29,'265159'),
(29,'265227'),
(4,'265255'),
(29,'265544'),
(9,'265663'),
(12,'265834'),
(7,'265936'),
(27,'266044'),
(6,'266090'),
(11,'266179'),
(25,'266403'),
(8,'266421'),
(6,'266432'),
(20,'266466'),
(13,'266584'),
(28,'266818'),
(13,'267133'),
(16,'267149'),
(3,'267305'),
(27,'267597'),
(5,'268067'),
(29,'268211'),
(10,'268221'),
(23,'268291'),
(16,'268327'),
(19,'268586'),
(28,'269001'),
(8,'269011'),
(1,'269050'),
(27,'269069'),
(13,'269163'),
(27,'269167'),
(27,'269302'),
(17,'269505'),
(6,'269902'),
(5,'269905'),
(10,'270110'),
(27,'270252'),
(1,'270274'),
(10,'270344'),
(31,'270518'),
(23,'270558'),
(11,'270610'),
(6,'270894'),
(28,'270948'),
(15,'271129'),
(31,'271293'),
(31,'271589'),
(17,'271607'),
(5,'271774'),
(6,'271804'),
(13,'271949'),
(27,'272226'),
(1,'272367'),
(20,'272483'),
(22,'272580'),
(22,'272649'),
(23,'272676'),
(32,'272705'),
(4,'272819'),
(7,'272833'),
(7,'272873'),
(18,'272902'),
(12,'272940'),
(4,'273264'),
(25,'273358'),
(13,'273359'),
(29,'273399'),
(17,'273468'),
(19,'273491'),
(18,'273513'),
(24,'273634'),
(23,'273682'),
(27,'274000'),
(23,'274207'),
(25,'274267'),
(19,'274292'),
(10,'274513'),
(8,'274665'),
(4,'274687'),
(23,'274824'),
(30,'274855'),
(6,'274873'),
(22,'274878'),
(11,'275352'),
(8,'275390'),
(20,'275518'),
(2,'275580'),
(26,'275594'),
(22,'275854'),
(7,'275923'),
(14,'275977'),
(8,'276365'),
(7,'276444'),
(12,'276542'),
(21,'276557'),
(19,'276619'),
(1,'276688'),
(30,'276711'),
(15,'276796'),
(24,'276945'),
(26,'277071'),
(24,'277078'),
(20,'277230'),
(30,'277244'),
(2,'277381'),
(28,'277394'),
(18,'277441'),
(13,'277520'),
(30,'277665'),
(19,'277673'),
(1,'277962'),
(32,'277970'),
(6,'278000'),
(19,'278015'),
(5,'278055'),
(16,'278208'),
(25,'278269'),
(5,'278418'),
(6,'278542'),
(12,'278633'),
(6,'278666'),
(22,'278812'),
(8,'278843'),
(27,'278844'),
(6,'278880'),
(18,'278963'),
(10,'279129'),
(7,'279159'),
(17,'279537'),
(4,'279599'),
(23,'279719'),
(3,'280060'),
(8,'280151'),
(17,'280285'),
(24,'280305'),
(30,'280357'),
(7,'280428'),
(11,'280457'),
(11,'280528'),
(23,'280609'),
(21,'280866'),
(1,'281288'),
(18,'281366'),
(20,'281467'),
(21,'281639'),
(4,'281807'),
(25,'281845'),
(29,'281895'),
(1,'282000'),
(27,'282043'),
(14,'282659'),
(16,'282696'),
(23,'282855'),
(18,'282900'),
(24,'283155'),
(16,'283181'),
(6,'283266'),
(28,'283327'),
(4,'283407'),
(9,'283754'),
(13,'283767'),
(8,'283860'),
(5,'283920'),
(24,'284033'),
(14,'284163'),
(29,'284169'),
(6,'284197'),
(24,'284230'),
(28,'284589'),
(32,'284596'),
(18,'284676'),
(15,'284755'),
(29,'284839'),
(24,'284900'),
(15,'284919'),
(11,'285102'),
(24,'285328'),
(31,'285472'),
(12,'285734'),
(24,'285782'),
(18,'285816'),
(24,'285893'),
(30,'285950'),
(9,'286085'),
(27,'286108'),
(21,'286175'),
(22,'286229'),
(14,'286325'),
(22,'286360'),
(6,'286380'),
(13,'286415'),
(31,'286546'),
(22,'286621'),
(23,'286646'),
(23,'286828'),
(30,'286835'),
(3,'287050'),
(12,'287147'),
(9,'287220'),
(1,'287295'),
(14,'287371'),
(14,'287408'),
(25,'287421'),
(17,'287430'),
(6,'287471'),
(26,'287513'),
(27,'287529'),
(28,'287576'),
(18,'287671'),
(10,'287852'),
(3,'287878'),
(4,'287928'),
(7,'288088'),
(28,'288383'),
(29,'288398'),
(30,'288432'),
(21,'288445'),
(8,'288752'),
(7,'288915'),
(22,'288997'),
(28,'289083'),
(32,'289101'),
(2,'289154'),
(29,'289302'),
(20,'289308'),
(7,'289772'),
(15,'289844'),
(28,'289915'),
(17,'289936'),
(9,'290420'),
(1,'290743'),
(1,'290854'),
(16,'291114'),
(18,'291205'),
(13,'291312'),
(23,'291409'),
(7,'291434'),
(20,'291918'),
(9,'291959'),
(10,'292015'),
(7,'292117'),
(12,'292157'),
(22,'292189'),
(9,'292203'),
(16,'292206'),
(14,'292291'),
(26,'292614'),
(23,'292803'),
(15,'292927'),
(7,'293028'),
(19,'293189'),
(5,'293259'),
(20,'293307'),
(23,'293323'),
(29,'293441'),
(13,'293996'),
(21,'294250'),
(20,'294385'),
(19,'294555'),
(10,'294782'),
(5,'294940'),
(11,'294979'),
(25,'294992'),
(12,'295289'),
(18,'295323'),
(3,'295394'),
(29,'295428'),
(9,'295439'),
(14,'295582'),
(26,'295615'),
(30,'295621'),
(21,'295713'),
(30,'295762'),
(14,'295780'),
(30,'295966'),
(22,'296003'),
(16,'296218'),
(13,'296346'),
(3,'296465'),
(27,'296526'),
(5,'296547'),
(17,'296801'),
(27,'296837'),
(28,'296850'),
(19,'296979'),
(14,'296989'),
(19,'297210'),
(17,'297259'),
(21,'297263'),
(4,'297287'),
(11,'297388'),
(26,'297565'),
(23,'297612'),
(2,'297649'),
(16,'297693'),
(2,'297697'),
(12,'297713'),
(30,'297831'),
(32,'297866'),
(5,'298122'),
(14,'298260'),
(6,'298309'),
(12,'298330'),
(32,'298373'),
(6,'298432'),
(30,'298675'),
(17,'298786'),
(25,'298869'),
(23,'299003'),
(16,'299065'),
(7,'299100'),
(20,'299107'),
(24,'299160'),
(28,'299181'),
(27,'299212'),
(4,'299266'),
(5,'299403'),
(5,'299533'),
(18,'299740'),
(3,'299782'),
(9,'299942'),
(7,'299949'),
(17,'300668'),
(2,'300682'),
(16,'300712'),
(8,'300733'),
(12,'301100'),
(16,'301129'),
(6,'301171'),
(5,'301231'),
(5,'301366'),
(3,'301374'),
(21,'301609'),
(22,'302181'),
(11,'302227'),
(31,'302625'),
(28,'302743'),
(1,'302782'),
(29,'303208'),
(26,'303525'),
(12,'303559'),
(31,'303737'),
(3,'303821'),
(18,'303863'),
(15,'303894'),
(17,'303976'),
(6,'303986'),
(28,'304091'),
(5,'304111'),
(9,'304211'),
(2,'304272'),
(19,'304274'),
(27,'304347'),
(4,'304359'),
(25,'304967'),
(6,'305000'),
(25,'305006'),
(25,'305495'),
(23,'305588'),
(24,'305607'),
(6,'305793'),
(2,'305797'),
(25,'305980'),
(27,'306020'),
(21,'306255'),
(31,'306300'),
(29,'306454'),
(32,'306468'),
(24,'306734'),
(7,'306810'),
(12,'306887'),
(5,'306917'),
(17,'306931'),
(7,'307369'),
(22,'307545'),
(28,'307604'),
(15,'307659'),
(23,'307690'),
(5,'307699'),
(10,'307751'),
(6,'307768'),
(30,'307874'),
(1,'307962'),
(25,'308003'),
(3,'308098'),
(3,'308164'),
(4,'308233'),
(30,'308253'),
(26,'308273'),
(32,'308397'),
(19,'308475'),
(32,'308592'),
(11,'308602'),
(20,'308800'),
(20,'308946'),
(1,'309128'),
(11,'309314'),
(29,'309380'),
(9,'309381'),
(2,'309435'),
(28,'309585'),
(23,'309727'),
(10,'310041'),
(2,'310219'),
(5,'310420'),
(14,'310652'),
(6,'310791'),
(32,'310892'),
(12,'311492'),
(25,'311584'),
(32,'311809'),
(13,'311905'),
(25,'312019'),
(4,'312088'),
(7,'312097'),
(29,'312133'),
(9,'312164'),
(10,'312258'),
(9,'312315'),
(13,'312460'),
(17,'312536'),
(24,'312922'),
(25,'312975'),
(31,'313207'),
(20,'313592'),
(24,'313813'),
(10,'313934'),
(27,'313964'),
(28,'313999'),
(14,'314223'),
(2,'314554'),
(30,'314572'),
(8,'314667'),
(18,'314868'),
(6,'314897'),
(12,'315333'),
(28,'315461'),
(11,'315598'),
(15,'315666'),
(13,'315976'),
(3,'316019'),
(22,'316062'),
(23,'316160'),
(19,'316172'),
(4,'316340'),
(30,'316367'),
(13,'316621'),
(10,'316708'),
(27,'316764'),
(15,'316953'),
(14,'317028'),
(13,'317321'),
(16,'317399'),
(26,'317414'),
(22,'317787'),
(19,'317835'),
(28,'317862'),
(10,'317932'),
(22,'318013'),
(26,'318063'),
(7,'318150'),
(17,'318278'),
(18,'318467'),
(4,'318498'),
(28,'318569'),
(24,'318587'),
(11,'318649'),
(15,'318711'),
(32,'318797'),
(24,'319639'),
(21,'319715'),
(10,'319861'),
(11,'319973'),
(2,'320244'),
(29,'320332'),
(20,'320366'),
(22,'320529'),
(6,'320577'),
(3,'320743'),
(14,'321031'),
(7,'321041'),
(27,'321051'),
(5,'321065'),
(25,'321116'),
(10,'321181'),
(29,'321205'),
(6,'321339'),
(14,'321368'),
(3,'321495'),
(18,'321505'),
(32,'321547'),
(4,'321857'),
(23,'321858'),
(16,'321894'),
(20,'321953'),
(15,'322090'),
(11,'322166'),
(29,'322205'),
(30,'322391'),
(19,'322446'),
(32,'322449'),
(4,'322528'),
(28,'322833'),
(31,'322961'),
(22,'323262'),
(29,'323309'),
(6,'323315'),
(13,'323323'),
(20,'323354'),
(3,'323763'),
(27,'323927'),
(20,'324378'),
(21,'324586'),
(20,'324593'),
(4,'324687'),
(24,'324855'),
(23,'324896'),
(19,'325122'),
(11,'325151'),
(8,'325286'),
(3,'325385'),
(30,'325527'),
(19,'325611'),
(22,'325625'),
(18,'325652'),
(5,'325808'),
(32,'325856'),
(16,'326034'),
(14,'326573'),
(23,'326678'),
(10,'326788'),
(3,'327003'),
(19,'327039'),
(17,'327041'),
(6,'327084'),
(3,'327231'),
(30,'327338'),
(17,'327844'),
(31,'327848'),
(17,'327881'),
(27,'327993'),
(1,'328199'),
(14,'328232'),
(30,'328257'),
(21,'328335'),
(26,'328448'),
(5,'328623'),
(26,'328652'),
(10,'328682'),
(9,'328697'),
(32,'328796'),
(29,'328898'),
(31,'328902'),
(7,'328915'),
(12,'328935'),
(17,'328959'),
(28,'329368'),
(9,'329370'),
(15,'329398'),
(5,'329422'),
(24,'329786'),
(30,'329902'),
(31,'329911'),
(13,'330016'),
(23,'330186'),
(24,'330206'),
(32,'330208'),
(1,'330235'),
(29,'330270'),
(30,'330325'),
(7,'330416'),
(4,'330446'),
(16,'330554'),
(29,'330758'),
(4,'330855'),
(19,'330918'),
(18,'330985'),
(2,'331114'),
(27,'331116'),
(23,'331132'),
(21,'331161'),
(27,'331333'),
(3,'331681'),
(1,'331725'),
(8,'331872'),
(13,'331882'),
(3,'332029'),
(14,'332049'),
(25,'332128'),
(27,'332378'),
(2,'332429'),
(25,'332448'),
(11,'332556'),
(11,'332825'),
(18,'333199'),
(17,'333460'),
(27,'333543'),
(5,'333614'),
(24,'333641'),
(9,'333875'),
(29,'333952'),
(6,'334160'),
(16,'334308'),
(26,'334662'),
(12,'334834'),
(13,'334841'),
(24,'335090'),
(15,'335132'),
(24,'335144'),
(5,'335246');


INSERT INTO candidates(candidate_id,election_id,user_id,is_accepted) VALUES
(39,2,'126946',TRUE),
(40,2,'131523',TRUE),
(41,2,'132299',TRUE),
(42,2,'179049',TRUE),
(43,2,'197635',TRUE),
(44,2,'205080',TRUE),
(45,2,'212492',TRUE),
(46,2,'247231',TRUE),
(47,2,'268153',TRUE),
(48,2,'285164',TRUE),
(49,2,'334058',TRUE),
(50,2,'194901',FALSE),
(51,2,'241616',FALSE),
(52,2,'293653',FALSE),
(53,2,'298772',FALSE),
(54,2,'310309',FALSE),
(55,2,'318453',FALSE),
(56,2,'328742',FALSE);
INSERT INTO votes(candidate_id,user_id) VALUES
(41,'125028'),
(41,'125063'),
(42,'125086'),
(40,'125096'),
(48,'125101'),
(49,'125119'),
(47,'125166'),
(46,'125184'),
(45,'125204'),
(49,'125216'),
(48,'125237'),
(44,'125255'),
(48,'125262'),
(43,'125315'),
(39,'125336'),
(43,'125356'),
(43,'125378'),
(39,'125382'),
(44,'125394'),
(41,'125401'),
(49,'125451'),
(41,'125489'),
(42,'125517'),
(44,'125540'),
(49,'125553'),
(49,'125562'),
(39,'125577'),
(49,'125585'),
(46,'125611'),
(42,'125625'),
(45,'125646'),
(46,'125664'),
(39,'125677'),
(45,'125729'),
(41,'125742'),
(46,'125758'),
(46,'125770'),
(41,'125777'),
(48,'125782'),
(46,'125795'),
(49,'125830'),
(41,'125846'),
(48,'125860'),
(42,'125894'),
(42,'125921'),
(48,'125941'),
(49,'125942'),
(40,'125970'),
(39,'125972'),
(41,'125988'),
(47,'126001'),
(48,'126015'),
(43,'126025'),
(41,'126028'),
(47,'126029'),
(45,'126037'),
(43,'126050'),
(42,'126058'),
(41,'126062'),
(47,'126098'),
(39,'126111'),
(46,'126124'),
(48,'126174'),
(49,'126196'),
(42,'126211'),
(42,'126225'),
(48,'126234'),
(39,'126241'),
(42,'126250'),
(42,'126260'),
(42,'126263'),
(49,'126277'),
(48,'126281'),
(40,'126298'),
(42,'126309'),
(47,'126358'),
(41,'126383'),
(49,'126394'),
(41,'126424'),
(40,'126454'),
(41,'126464'),
(44,'126469'),
(45,'126482'),
(46,'126500'),
(46,'126520'),
(49,'126527'),
(45,'126533'),
(45,'126540'),
(40,'126614'),
(46,'126656'),
(48,'126673'),
(46,'126677'),
(47,'126708'),
(48,'126762'),
(48,'126787'),
(48,'126825'),
(48,'126869'),
(43,'126888'),
(40,'126940'),
(44,'126946'),
(41,'126975'),
(44,'126979'),
(40,'126996'),
(47,'126999'),
(42,'127012'),
(44,'127013'),
(39,'127031'),
(41,'127072'),
(45,'127083'),
(48,'127112'),
(46,'127141'),
(45,'127159'),
(46,'127168'),
(43,'127198'),
(44,'127216'),
(46,'127217'),
(47,'127219'),
(40,'127242'),
(48,'127259'),
(48,'127282'),
(48,'127302'),
(39,'127319'),
(39,'127321'),
(44,'127355'),
(43,'127388'),
(43,'127417'),
(42,'127434'),
(47,'127486'),
(49,'127498'),
(44,'127554'),
(44,'127573'),
(48,'127577'),
(49,'127592'),
(41,'127604'),
(45,'127613'),
(48,'127618'),
(41,'127641'),
(43,'127659'),
(46,'127699'),
(45,'127753'),
(41,'127765'),
(48,'127787'),
(45,'127804'),
(46,'127832'),
(39,'127840'),
(42,'127845'),
(42,'127894'),
(42,'127925'),
(49,'127930'),
(49,'127932'),
(46,'127938'),
(46,'127965'),
(42,'127987'),
(44,'128011'),
(49,'128020'),
(40,'128047'),
(40,'128060'),
(48,'128079'),
(47,'128088'),
(44,'128096'),
(45,'128115'),
(48,'128144'),
(42,'128161'),
(48,'128196'),
(40,'128199'),
(44,'128225'),
(39,'128261'),
(43,'128263'),
(46,'128274'),
(47,'128290'),
(39,'128303'),
(42,'128318'),
(41,'128350'),
(43,'128374'),
(41,'128394'),
(43,'128409'),
(48,'128425'),
(46,'128454'),
(43,'128457'),
(41,'128474'),
(45,'128489'),
(46,'128529'),
(39,'128551'),
(43,'128562'),
(49,'128565'),
(39,'128585'),
(48,'128605'),
(48,'128632'),
(43,'128645'),
(41,'128706'),
(41,'128724'),
(42,'128731'),
(45,'128791'),
(42,'128809'),
(46,'128818'),
(45,'128839'),
(48,'128850'),
(45,'128857'),
(45,'128868'),
(40,'128883'),
(42,'128884'),
(46,'128899'),
(48,'128919'),
(43,'128946'),
(49,'128962'),
(46,'128972'),
(49,'128985'),
(39,'128992'),
(47,'129042'),
(42,'129051'),
(42,'129069'),
(49,'129076'),
(46,'129141'),
(49,'129159'),
(45,'129170'),
(39,'129191'),
(40,'129215'),
(42,'129231'),
(43,'129259'),
(48,'129276'),
(41,'129283'),
(43,'129293'),
(41,'129310'),
(44,'129313'),
(45,'129346'),
(44,'129348'),
(41,'129370'),
(49,'129389'),
(39,'129395'),
(40,'129399'),
(49,'129450'),
(47,'129464'),
(49,'129484'),
(44,'129502'),
(43,'129545'),
(40,'129555'),
(41,'129560'),
(42,'129570'),
(45,'129580'),
(41,'129595'),
(39,'129605'),
(44,'129611'),
(48,'129644'),
(42,'129663'),
(42,'129689'),
(49,'129716'),
(47,'129735'),
(46,'129846'),
(46,'129863'),
(47,'129876'),
(46,'129878'),
(48,'129917'),
(49,'129962'),
(47,'130012'),
(46,'130026'),
(49,'130028'),
(40,'130092'),
(44,'130095'),
(45,'130118'),
(48,'130182'),
(47,'130183'),
(44,'130204'),
(48,'130217'),
(47,'130221'),
(43,'130233'),
(44,'130254'),
(40,'130264'),
(46,'130276'),
(49,'130309'),
(43,'130333'),
(43,'130352'),
(47,'130366'),
(40,'130392'),
(40,'130400'),
(45,'130402'),
(47,'130416'),
(48,'130421'),
(47,'130463'),
(49,'130522'),
(43,'130545'),
(41,'130548'),
(40,'130550'),
(40,'130563'),
(42,'130571'),
(42,'130611'),
(42,'130642'),
(43,'130643'),
(47,'130656'),
(46,'130670'),
(47,'130686'),
(40,'130700'),
(47,'130729'),
(39,'130745'),
(44,'130775'),
(39,'130791'),
(46,'130882'),
(40,'130963'),
(46,'130969'),
(44,'131006'),
(47,'131037'),
(40,'131057'),
(45,'131059'),
(43,'131092'),
(49,'131106'),
(49,'131115'),
(45,'131145'),
(43,'131167'),
(49,'131171'),
(44,'131210'),
(49,'131215'),
(42,'131216'),
(40,'131254'),
(44,'131259'),
(47,'131283'),
(43,'131304'),
(49,'131406'),
(48,'131450'),
(44,'131471'),
(44,'131507'),
(40,'131521'),
(40,'131523'),
(42,'131529'),
(46,'131547'),
(39,'131576'),
(46,'131584'),
(49,'131589'),
(46,'131662'),
(46,'131681'),
(43,'131689'),
(43,'131699'),
(48,'131715'),
(45,'131722'),
(40,'131745'),
(43,'131777'),
(42,'131801'),
(44,'131843'),
(41,'131869'),
(49,'131885'),
(43,'131953'),
(42,'131996'),
(48,'131997'),
(40,'132009'),
(42,'132027'),
(44,'132044'),
(44,'132062'),
(49,'132068'),
(45,'132079'),
(43,'132083'),
(40,'132088'),
(45,'132106'),
(44,'132143'),
(40,'132144'),
(45,'132171'),
(49,'132190'),
(49,'132242'),
(46,'132291'),
(41,'132341'),
(44,'132361'),
(40,'132365'),
(47,'132387'),
(41,'132470'),
(39,'132486'),
(45,'132495'),
(46,'132508'),
(45,'132517'),
(47,'132551'),
(47,'132554'),
(41,'132639'),
(49,'132649'),
(42,'132668'),
(48,'132678'),
(45,'132687'),
(39,'132695'),
(43,'132712'),
(39,'132737'),
(47,'132746'),
(47,'132747'),
(43,'132787'),
(44,'132795'),
(48,'132843'),
(47,'132864'),
(45,'132873'),
(49,'132923'),
(41,'132937'),
(40,'133076'),
(39,'133096'),
(39,'133107'),
(49,'133109'),
(41,'133124'),
(44,'133137'),
(39,'133164'),
(49,'133176'),
(44,'133193'),
(48,'133207'),
(39,'133220'),
(43,'133230'),
(48,'133261'),
(47,'133281'),
(40,'133283'),
(47,'133325'),
(48,'133356'),
(49,'133376'),
(41,'133389'),
(43,'133393'),
(46,'133410'),
(45,'133417'),
(43,'133433'),
(44,'133464'),
(43,'133492'),
(39,'133528'),
(42,'133537'),
(42,'133545'),
(45,'133560'),
(43,'133593'),
(48,'133636'),
(47,'133678'),
(48,'133685'),
(41,'133725'),
(45,'133741'),
(40,'133762'),
(49,'133781'),
(48,'133794'),
(42,'133823'),
(47,'133828'),
(48,'133836'),
(44,'133845'),
(48,'133856'),
(48,'133901'),
(44,'133904'),
(48,'134023'),
(45,'134042'),
(39,'134066'),
(47,'134094'),
(49,'134099'),
(45,'134111'),
(46,'134155'),
(47,'134192'),
(48,'134201'),
(40,'134228'),
(40,'134241'),
(44,'134249'),
(39,'134291'),
(47,'134296'),
(43,'134357'),
(42,'134377'),
(41,'134380'),
(41,'134396'),
(42,'134437'),
(41,'134439'),
(48,'134452'),
(45,'134463'),
(45,'134512'),
(47,'134522'),
(44,'134538'),
(48,'134551'),
(39,'134555'),
(48,'134570'),
(46,'134574'),
(44,'134591'),
(44,'134594'),
(45,'134613'),
(44,'134625'),
(44,'134630'),
(47,'134633'),
(42,'134689'),
(49,'134700'),
(48,'134718'),
(40,'134745'),
(40,'134765'),
(48,'134774'),
(44,'134868'),
(42,'134885'),
(40,'134930'),
(46,'134968'),
(41,'134979'),
(39,'134983'),
(43,'134989'),
(49,'135037'),
(46,'135053'),
(48,'135059'),
(44,'135082'),
(40,'135102'),
(40,'135111'),
(45,'135127'),
(40,'135136'),
(41,'135141'),
(40,'135155'),
(48,'135162'),
(46,'135203'),
(41,'135277'),
(49,'135307'),
(40,'135316'),
(39,'135337'),
(48,'135349'),
(43,'135351'),
(41,'135369'),
(45,'135378'),
(40,'135395'),
(40,'135446'),
(39,'135462'),
(44,'135469'),
(43,'135488'),
(42,'135505'),
(48,'135509'),
(41,'135514'),
(41,'135530'),
(44,'135549'),
(41,'135574'),
(47,'135615'),
(48,'135630'),
(43,'135705'),
(44,'135755'),
(44,'135763'),
(49,'135832'),
(49,'135846'),
(40,'135858'),
(42,'135878'),
(46,'135886'),
(39,'135890'),
(45,'135901'),
(44,'135940'),
(45,'135947'),
(48,'135970'),
(49,'135984'),
(49,'136002'),
(42,'136010'),
(44,'136022'),
(43,'136042'),
(42,'136061'),
(43,'136069'),
(46,'136088'),
(48,'136103'),
(41,'136134'),
(40,'136146'),
(41,'136170'),
(47,'136183'),
(42,'136190'),
(45,'136196'),
(47,'136209'),
(47,'136256'),
(43,'136278'),
(48,'136293'),
(42,'136301'),
(41,'136304'),
(39,'136409'),
(48,'136437'),
(49,'136452'),
(43,'136462'),
(40,'136486'),
(41,'136503'),
(39,'136504'),
(46,'136565'),
(42,'136591'),
(41,'136603'),
(43,'136616'),
(40,'136619'),
(43,'136633'),
(40,'136656'),
(45,'136670'),
(47,'136703'),
(42,'136720'),
(42,'136731'),
(44,'136741'),
(40,'136750'),
(39,'136777'),
(45,'136790'),
(46,'136805'),
(43,'136817'),
(41,'136876'),
(48,'136890'),
(41,'136892'),
(46,'136958'),
(39,'136960'),
(49,'136973'),
(46,'137010'),
(49,'137013'),
(43,'137029'),
(48,'137032'),
(42,'137065'),
(40,'137109'),
(42,'137116'),
(44,'137168'),
(49,'137185'),
(43,'137202'),
(45,'137244'),
(49,'137267'),
(47,'137305'),
(42,'137361'),
(47,'137364'),
(41,'137381'),
(41,'137400'),
(44,'137412'),
(45,'137437'),
(43,'137463'),
(42,'137493'),
(46,'137521'),
(49,'137554'),
(41,'137588'),
(48,'137595'),
(40,'137612'),
(45,'137619'),
(47,'137627'),
(39,'137636'),
(42,'137653'),
(45,'137686'),
(40,'137731'),
(43,'137738'),
(45,'137754'),
(39,'137756'),
(44,'137771'),
(39,'137783'),
(43,'137799'),
(39,'137839'),
(42,'137844'),
(42,'137862'),
(49,'137870'),
(48,'137888'),
(39,'137938'),
(49,'137979'),
(44,'138023'),
(40,'138030'),
(43,'138049'),
(41,'138067'),
(49,'138126'),
(45,'138273'),
(40,'138279'),
(47,'138305'),
(39,'138325'),
(44,'138343'),
(42,'138345'),
(43,'138379'),
(47,'138391'),
(43,'138411'),
(39,'138453'),
(40,'138461'),
(40,'138480'),
(41,'138492'),
(45,'138495'),
(46,'138499'),
(44,'138549'),
(41,'138577'),
(40,'138603'),
(48,'138618'),
(40,'138638'),
(43,'138640'),
(43,'138668'),
(43,'138688'),
(45,'138698'),
(43,'138700'),
(47,'138702'),
(47,'138739'),
(47,'138752'),
(49,'138793'),
(48,'138806'),
(45,'138814'),
(40,'138826'),
(44,'138839'),
(39,'138869'),
(41,'138878'),
(46,'138906'),
(43,'138921'),
(44,'138924'),
(48,'138939'),
(46,'138992'),
(43,'139044'),
(46,'139056'),
(39,'139075'),
(43,'139078'),
(45,'139093'),
(45,'139107'),
(41,'139123'),
(42,'139149'),
(42,'139252'),
(47,'139264'),
(42,'139268'),
(44,'139270'),
(47,'139295'),
(41,'139311'),
(43,'139326'),
(47,'139355'),
(44,'139362'),
(49,'139418'),
(41,'139420'),
(44,'139435'),
(39,'139448'),
(40,'139452'),
(49,'139489'),
(43,'139513'),
(39,'139538'),
(44,'139573'),
(45,'139644'),
(46,'139661'),
(39,'139676'),
(40,'139682'),
(43,'139702'),
(41,'139714'),
(48,'139733'),
(39,'139788'),
(40,'139804'),
(40,'139826'),
(43,'139839'),
(42,'139856'),
(39,'139885'),
(46,'139912'),
(40,'139922'),
(45,'139928'),
(46,'139951'),
(45,'139956'),
(49,'139958'),
(39,'139996'),
(47,'140030'),
(42,'140085'),
(39,'140108'),
(45,'140110'),
(40,'140141'),
(39,'140171'),
(43,'140212'),
(41,'140226'),
(42,'140272'),
(41,'140291'),
(39,'140301'),
(46,'140318'),
(41,'140338'),
(46,'140339'),
(47,'140344'),
(41,'140385'),
(45,'140388'),
(45,'140434'),
(39,'140451'),
(49,'140502'),
(45,'140534'),
(49,'140563'),
(49,'140586'),
(40,'140622'),
(47,'140626'),
(42,'140652'),
(47,'140657'),
(46,'140677'),
(48,'140705'),
(47,'140709'),
(44,'140716'),
(41,'140718'),
(43,'140766'),
(46,'140767'),
(42,'140785'),
(44,'140853'),
(49,'140889'),
(41,'140916'),
(44,'140953'),
(46,'140969'),
(40,'140976'),
(45,'140982'),
(48,'141002'),
(43,'141019'),
(39,'141025'),
(39,'141036'),
(42,'141038'),
(40,'141041'),
(47,'141069'),
(45,'141122'),
(40,'141146'),
(47,'141184'),
(43,'141189'),
(45,'141194'),
(46,'141243'),
(45,'141252'),
(42,'141315'),
(47,'141330'),
(40,'141347'),
(46,'141369'),
(39,'141405'),
(45,'141421'),
(40,'141459'),
(47,'141499'),
(46,'141564'),
(41,'141578'),
(48,'141605'),
(45,'141630'),
(43,'141678'),
(40,'141684'),
(41,'141706'),
(48,'141754'),
(46,'141786'),
(47,'141828'),
(39,'141843'),
(39,'141861'),
(47,'141884'),
(49,'141897'),
(43,'141909'),
(49,'141947'),
(43,'141966'),
(44,'141982'),
(44,'142011'),
(43,'142013'),
(47,'142034'),
(42,'142070'),
(41,'142166'),
(45,'142168'),
(47,'142220'),
(48,'142230'),
(39,'142260'),
(40,'142268'),
(42,'142285'),
(44,'142299'),
(49,'142319'),
(47,'142335'),
(45,'142341'),
(45,'142346'),
(49,'142368'),
(48,'142403'),
(39,'142405'),
(45,'142468'),
(44,'142482'),
(49,'142536'),
(39,'142553'),
(43,'142561'),
(43,'142567'),
(41,'142578'),
(48,'142583'),
(42,'142622'),
(48,'142680'),
(40,'142744'),
(44,'142783'),
(39,'142818'),
(42,'142836'),
(44,'142857'),
(46,'142891'),
(42,'142904'),
(45,'142918'),
(48,'142921'),
(40,'142924'),
(47,'143022'),
(49,'143057'),
(42,'143074'),
(40,'143077'),
(48,'143143'),
(48,'143206'),
(43,'143228'),
(49,'143274'),
(39,'143287'),
(44,'143303'),
(41,'143331'),
(40,'143377'),
(47,'143414'),
(44,'143429'),
(45,'143468'),
(41,'143510'),
(44,'143517'),
(46,'143521'),
(42,'143541'),
(44,'143557'),
(49,'143560'),
(44,'143570'),
(41,'143573'),
(45,'143611'),
(48,'143637'),
(47,'143638'),
(48,'143667'),
(47,'143709'),
(45,'143725'),
(45,'143760'),
(48,'143780'),
(44,'143857'),
(49,'143873'),
(43,'143883'),
(40,'143897'),
(45,'143909'),
(47,'143957'),
(47,'144004'),
(49,'144060'),
(40,'144065'),
(46,'144074'),
(40,'144100'),
(39,'144113'),
(43,'144115'),
(49,'144143'),
(47,'144161'),
(41,'144168'),
(47,'144176'),
(42,'144209'),
(49,'144212'),
(39,'144306'),
(41,'144317'),
(40,'144350'),
(44,'144353'),
(46,'144362'),
(44,'144381'),
(45,'144398'),
(47,'144417'),
(43,'144431'),
(39,'144447'),
(46,'144465'),
(44,'144521'),
(40,'144538'),
(42,'144544'),
(48,'144556'),
(44,'144594'),
(49,'144602'),
(49,'144613'),
(42,'144657'),
(41,'144692'),
(43,'144702'),
(43,'144730'),
(40,'144747'),
(45,'144788'),
(45,'144792'),
(44,'144806'),
(46,'144826'),
(44,'144864'),
(47,'144919'),
(47,'144938'),
(46,'144953'),
(43,'145003'),
(46,'145010'),
(45,'145012'),
(41,'145060'),
(49,'145099'),
(49,'145113'),
(44,'145137'),
(41,'145166'),
(40,'145247'),
(40,'145359'),
(41,'145370'),
(47,'145391'),
(44,'145401'),
(41,'145415'),
(41,'145451'),
(39,'145460'),
(43,'145474'),
(43,'145492'),
(45,'145526'),
(46,'145531'),
(44,'145535'),
(40,'145550'),
(49,'145561'),
(44,'145564'),
(46,'145579'),
(41,'145581'),
(41,'145583'),
(40,'145614'),
(43,'145648'),
(39,'145663'),
(39,'145676'),
(47,'145681'),
(41,'145701'),
(47,'145709'),
(42,'145727'),
(47,'145760'),
(39,'145773'),
(43,'145816'),
(39,'145850'),
(45,'145862'),
(40,'145863'),
(43,'145881'),
(39,'145885'),
(45,'145907'),
(48,'145943'),
(41,'145977'),
(49,'146025'),
(42,'146054'),
(47,'146068'),
(40,'146093'),
(47,'146099'),
(42,'146123'),
(46,'146169'),
(49,'146194'),
(42,'146197'),
(49,'146199'),
(46,'146203'),
(39,'146241'),
(46,'146267'),
(41,'146268'),
(41,'146296'),
(43,'146310'),
(39,'146372'),
(49,'146392'),
(46,'146394'),
(40,'146417'),
(40,'146452'),
(47,'146454'),
(45,'146472'),
(40,'146479'),
(48,'146503'),
(48,'146513'),
(39,'146520'),
(43,'146540'),
(41,'146548'),
(45,'146564'),
(44,'146583'),
(45,'146610'),
(44,'146640'),
(48,'146658'),
(41,'146659'),
(49,'146662'),
(39,'146678'),
(46,'146690'),
(47,'146700'),
(48,'146741'),
(46,'146744'),
(41,'146763'),
(46,'146783'),
(44,'146810'),
(46,'146846'),
(42,'146897'),
(49,'146917'),
(40,'146936'),
(45,'146965'),
(40,'146971'),
(45,'146976'),
(45,'147041'),
(40,'147048'),
(41,'147057'),
(41,'147099'),
(43,'147118'),
(40,'147132'),
(40,'147199'),
(47,'147219'),
(44,'147246'),
(48,'147249'),
(45,'147289'),
(40,'147293'),
(46,'147382'),
(46,'147394'),
(41,'147395'),
(42,'147428'),
(44,'147474'),
(48,'147498'),
(41,'147512'),
(44,'147550'),
(46,'147567'),
(47,'147570'),
(45,'147608'),
(46,'147629'),
(43,'147647'),
(49,'147664'),
(48,'147688'),
(41,'147715'),
(45,'147752'),
(40,'147793'),
(44,'147799'),
(44,'147809'),
(42,'147818'),
(46,'147837'),
(49,'147871'),
(42,'147881'),
(44,'147946'),
(44,'147959'),
(39,'147975'),
(40,'147995'),
(49,'147996'),
(49,'148033'),
(43,'148045'),
(39,'148144'),
(41,'148159'),
(43,'148184'),
(47,'148210'),
(49,'148229'),
(42,'148240'),
(39,'148287'),
(40,'148299'),
(44,'148322'),
(49,'148329'),
(39,'148371'),
(39,'148411'),
(48,'148421'),
(49,'148431'),
(46,'148450'),
(40,'148456'),
(42,'148472'),
(40,'148491'),
(40,'148500'),
(43,'148580'),
(41,'148622'),
(49,'148643'),
(48,'148662'),
(47,'148682'),
(49,'148709'),
(43,'148726'),
(40,'148737'),
(49,'148762'),
(40,'148770'),
(48,'148787'),
(40,'148831'),
(48,'148836'),
(45,'148858'),
(49,'148868'),
(40,'148901'),
(40,'148980'),
(49,'148981'),
(48,'149018'),
(49,'149048'),
(44,'149068'),
(42,'149102'),
(47,'149117'),
(45,'149141'),
(43,'149186'),
(45,'149201'),
(41,'149220'),
(44,'149238'),
(40,'149244'),
(49,'149258'),
(46,'149296'),
(43,'149314'),
(44,'149347'),
(47,'149352'),
(39,'149406'),
(47,'149419'),
(40,'149435'),
(46,'149500'),
(49,'149533'),
(48,'149568'),
(44,'149582'),
(42,'149593'),
(41,'149606'),
(40,'149626'),
(49,'149638'),
(44,'149657'),
(46,'149687'),
(49,'149747'),
(42,'149749'),
(46,'149761'),
(44,'149778'),
(45,'149810'),
(46,'149846'),
(41,'149895'),
(42,'149929'),
(41,'149945'),
(40,'149960'),
(46,'149975'),
(42,'150013'),
(41,'150017'),
(48,'150023'),
(41,'150041'),
(40,'150057'),
(43,'150067'),
(43,'150068'),
(44,'150071'),
(44,'150096'),
(40,'150101'),
(43,'150121'),
(39,'150137'),
(43,'150155'),
(42,'150174'),
(48,'150186'),
(45,'150216'),
(47,'150232'),
(48,'150233'),
(43,'150256'),
(47,'150263'),
(42,'150287'),
(47,'150310'),
(46,'150319'),
(48,'150331'),
(39,'150372'),
(41,'150383'),
(49,'150404'),
(45,'150420'),
(44,'150444'),
(43,'150475'),
(47,'150537'),
(41,'150558'),
(49,'150583'),
(44,'150603'),
(49,'150632'),
(39,'150677'),
(43,'150685'),
(46,'150686'),
(47,'150687'),
(45,'150746'),
(48,'150753'),
(40,'150758'),
(41,'150772'),
(45,'150806'),
(41,'150839'),
(46,'150844'),
(41,'150847'),
(42,'150897'),
(39,'150898'),
(40,'150900'),
(48,'150936'),
(48,'150943'),
(42,'151016'),
(39,'151062'),
(41,'151076'),
(45,'151078'),
(49,'151092'),
(45,'151111'),
(49,'151130'),
(43,'151140'),
(46,'151167'),
(47,'151195'),
(44,'151197'),
(47,'151221'),
(45,'151237'),
(49,'151253'),
(47,'151271'),
(44,'151277'),
(46,'151308'),
(45,'151329'),
(49,'151335'),
(46,'151353'),
(46,'151369'),
(42,'151378'),
(44,'151408'),
(41,'151434'),
(45,'151451'),
(48,'151465'),
(44,'151475'),
(48,'151537'),
(48,'151561'),
(40,'151566'),
(39,'151580'),
(45,'151581'),
(47,'151604'),
(39,'151620'),
(48,'151656'),
(45,'151675'),
(40,'151677'),
(46,'151708'),
(48,'151776'),
(39,'151795'),
(47,'151805'),
(42,'151866'),
(44,'151906'),
(42,'151917'),
(43,'151924'),
(41,'151946'),
(47,'151956'),
(40,'151990'),
(47,'152007'),
(40,'152037'),
(46,'152053'),
(48,'152115'),
(46,'152129'),
(40,'152143'),
(41,'152150'),
(48,'152157'),
(40,'152166'),
(48,'152203'),
(40,'152247'),
(39,'152266'),
(39,'152279'),
(40,'152314'),
(44,'152363'),
(48,'152382'),
(41,'152395'),
(44,'152418'),
(45,'152429'),
(46,'152448'),
(46,'152491'),
(48,'152508'),
(45,'152517'),
(43,'152525'),
(48,'152534'),
(44,'152555'),
(42,'152579'),
(47,'152594'),
(48,'152612'),
(41,'152614'),
(49,'152631'),
(43,'152659'),
(46,'152689'),
(49,'152739'),
(39,'152757'),
(44,'152791'),
(44,'152810'),
(46,'152835'),
(47,'152869'),
(47,'152887'),
(42,'152919'),
(42,'152930'),
(46,'152962'),
(46,'152980'),
(48,'152994'),
(40,'153028'),
(41,'153060'),
(42,'153076'),
(43,'153078'),
(48,'153088'),
(49,'153129'),
(46,'153135'),
(43,'153159'),
(44,'153174'),
(48,'153302'),
(46,'153321'),
(49,'153335'),
(45,'153381'),
(43,'153395'),
(39,'153421'),
(49,'153437'),
(41,'153477'),
(46,'153481'),
(39,'153534'),
(47,'153584'),
(47,'153596'),
(40,'153616'),
(48,'153662'),
(47,'153680'),
(46,'153713'),
(45,'153730'),
(49,'153752'),
(47,'153780'),
(46,'153792'),
(43,'153851'),
(48,'153854'),
(49,'153874'),
(48,'153900'),
(40,'153938'),
(47,'153942'),
(46,'153972'),
(49,'153978'),
(44,'154003'),
(49,'154017'),
(45,'154046'),
(41,'154076'),
(48,'154088'),
(49,'154116'),
(43,'154148'),
(42,'154179'),
(42,'154197'),
(42,'154221'),
(42,'154223'),
(39,'154262'),
(47,'154280'),
(41,'154320'),
(40,'154332'),
(46,'154341'),
(45,'154343'),
(47,'154373'),
(44,'154417'),
(44,'154426'),
(45,'154456'),
(45,'154472'),
(43,'154519'),
(39,'154528'),
(48,'154550'),
(46,'154553'),
(40,'154602'),
(42,'154644'),
(41,'154664'),
(41,'154696'),
(40,'154726'),
(40,'154749'),
(46,'154776'),
(44,'154789'),
(47,'154801'),
(48,'154824'),
(43,'154874'),
(47,'154886'),
(46,'154897'),
(40,'154904'),
(46,'154914'),
(41,'154934'),
(49,'154956'),
(43,'154975'),
(39,'154997'),
(41,'155002'),
(40,'155018'),
(46,'155036'),
(47,'155094'),
(45,'155142'),
(40,'155188'),
(45,'155204'),
(42,'155216'),
(45,'155295'),
(43,'155325'),
(46,'155331'),
(40,'155390'),
(43,'155473'),
(41,'155491'),
(47,'155503'),
(47,'155513'),
(42,'155540'),
(47,'155559'),
(43,'155631'),
(39,'155672'),
(40,'155680'),
(42,'155699'),
(40,'155714'),
(40,'155734'),
(40,'155772'),
(48,'155779'),
(39,'155795'),
(47,'155815'),
(43,'155835'),
(43,'155836'),
(45,'155850'),
(48,'155897'),
(43,'155900'),
(40,'155909'),
(49,'155914'),
(41,'155928'),
(43,'155936'),
(42,'155947'),
(42,'155949'),
(45,'155975'),
(49,'155992'),
(41,'156016'),
(45,'156031'),
(39,'156047'),
(43,'156093'),
(49,'156155'),
(47,'156172'),
(49,'156236'),
(44,'156242'),
(42,'156252'),
(42,'156257'),
(40,'156289'),
(46,'156331'),
(39,'156345'),
(39,'156355'),
(47,'156363'),
(49,'156366'),
(49,'156382'),
(47,'156386'),
(42,'156412'),
(43,'156432'),
(49,'156443'),
(43,'156455'),
(40,'156479'),
(45,'156510'),
(48,'156517'),
(46,'156554'),
(39,'156555'),
(47,'156592'),
(49,'156637'),
(43,'156639'),
(47,'156701'),
(45,'156719'),
(47,'156743'),
(43,'156763'),
(40,'156770'),
(41,'156787'),
(44,'156790'),
(48,'156803'),
(46,'156819'),
(49,'156843'),
(41,'156858'),
(44,'156881'),
(48,'156903'),
(46,'157000'),
(48,'157026'),
(44,'157068'),
(41,'157095'),
(49,'157119'),
(41,'157129'),
(48,'157147'),
(49,'157177'),
(45,'157185'),
(42,'157265'),
(40,'157269'),
(45,'157276'),
(47,'157299'),
(45,'157306'),
(47,'157324'),
(41,'157331'),
(39,'157426'),
(42,'157433'),
(46,'157469'),
(48,'157482'),
(39,'157493'),
(39,'157497'),
(48,'157522'),
(40,'157568'),
(44,'157584'),
(43,'157602'),
(47,'157639'),
(40,'157645'),
(43,'157695'),
(45,'157730'),
(47,'157740'),
(39,'157745'),
(47,'157785'),
(42,'157792'),
(47,'157804'),
(45,'157817'),
(44,'157841'),
(39,'157892'),
(45,'157910'),
(40,'157943'),
(39,'157966'),
(49,'157968'),
(43,'157982'),
(42,'158006'),
(47,'158075'),
(43,'158097'),
(40,'158099'),
(49,'158164'),
(43,'158193'),
(39,'158197'),
(47,'158211'),
(41,'158228'),
(48,'158258'),
(41,'158274'),
(47,'158302'),
(39,'158349'),
(44,'158365'),
(44,'158378'),
(44,'158400'),
(39,'158429'),
(44,'158431'),
(45,'158451'),
(42,'158541'),
(43,'158598'),
(40,'158617'),
(47,'158646'),
(49,'158688'),
(40,'158767'),
(40,'158799'),
(44,'158820'),
(45,'158831'),
(41,'158835'),
(44,'158839'),
(48,'158841'),
(47,'158858'),
(47,'158878'),
(44,'158941'),
(40,'158982'),
(41,'158998'),
(47,'159011'),
(49,'159030'),
(44,'159057'),
(47,'159078'),
(44,'159081'),
(39,'159103'),
(40,'159149'),
(44,'159163'),
(49,'159198'),
(48,'159212'),
(48,'159230'),
(41,'159246'),
(44,'159278'),
(49,'159296'),
(48,'159310'),
(39,'159315'),
(41,'159337'),
(48,'159355'),
(47,'159369'),
(42,'159382'),
(48,'159474'),
(44,'159475'),
(49,'159487'),
(44,'159504'),
(46,'159522'),
(49,'159536'),
(45,'159546'),
(43,'159579'),
(42,'159600'),
(49,'159671'),
(48,'159696'),
(45,'159711'),
(43,'159723'),
(46,'159738'),
(39,'159739'),
(41,'159754'),
(49,'159772'),
(42,'159776'),
(44,'159791'),
(44,'159800'),
(39,'159850'),
(46,'159860'),
(47,'159866'),
(40,'159882'),
(43,'159901'),
(44,'159905'),
(39,'159943'),
(45,'159963'),
(48,'159974'),
(48,'159988'),
(44,'160034'),
(40,'160085'),
(47,'160092'),
(48,'160100'),
(46,'160145'),
(40,'160146'),
(46,'160156'),
(40,'160243'),
(47,'160260'),
(39,'160280'),
(45,'160306'),
(42,'160367'),
(45,'160382'),
(49,'160394'),
(48,'160414'),
(39,'160425'),
(45,'160455'),
(43,'160490'),
(42,'160532'),
(47,'160535'),
(41,'160558'),
(41,'160576'),
(49,'160586'),
(47,'160599'),
(47,'160625'),
(41,'160675'),
(46,'160687'),
(48,'160695'),
(39,'160698'),
(39,'160705'),
(40,'160725'),
(43,'160743'),
(45,'160753'),
(46,'160768'),
(46,'160805'),
(44,'160818'),
(39,'160831'),
(40,'160838'),
(44,'160883'),
(47,'160912'),
(45,'160930'),
(45,'160950'),
(44,'160957'),
(39,'161011'),
(40,'161015'),
(39,'161026'),
(48,'161033'),
(43,'161040'),
(43,'161050'),
(42,'161062'),
(39,'161081'),
(41,'161107'),
(41,'161110'),
(45,'161136'),
(49,'161152'),
(40,'161197'),
(47,'161222'),
(40,'161241'),
(46,'161258'),
(41,'161272'),
(47,'161285'),
(46,'161300'),
(49,'161313'),
(39,'161344'),
(41,'161449'),
(43,'161468'),
(42,'161488'),
(46,'161495'),
(48,'161513'),
(48,'161519'),
(40,'161528'),
(43,'161536'),
(48,'161577'),
(40,'161579'),
(49,'161587'),
(44,'161602'),
(40,'161619'),
(48,'161673'),
(40,'161705'),
(47,'161718'),
(41,'161725'),
(47,'161730'),
(49,'161746'),
(39,'161766'),
(42,'161805'),
(40,'161811'),
(47,'161820'),
(41,'161822'),
(43,'161889'),
(48,'161936'),
(42,'161948'),
(45,'161971'),
(47,'161999'),
(47,'162034'),
(48,'162039'),
(39,'162060'),
(40,'162088'),
(49,'162106'),
(43,'162161'),
(46,'162164'),
(45,'162194'),
(46,'162199'),
(48,'162214'),
(41,'162252'),
(49,'162291'),
(49,'162309'),
(40,'162323'),
(41,'162347'),
(49,'162359'),
(46,'162372'),
(41,'162410'),
(39,'162421'),
(47,'162435'),
(40,'162446'),
(49,'162487'),
(39,'162522'),
(47,'162541'),
(42,'162546'),
(44,'162566'),
(47,'162606'),
(45,'162622'),
(46,'162638'),
(49,'162657'),
(40,'162706'),
(41,'162757'),
(49,'162817'),
(48,'162851'),
(39,'162863'),
(45,'162873'),
(48,'162886'),
(49,'162912'),
(41,'162917'),
(43,'162932'),
(41,'162949'),
(44,'162969'),
(39,'163039'),
(48,'163062'),
(40,'163096'),
(44,'163121'),
(45,'163131'),
(45,'163137'),
(41,'163164'),
(47,'163179'),
(45,'163187'),
(46,'163203'),
(46,'163212'),
(48,'163236'),
(42,'163299'),
(48,'163326'),
(43,'163330'),
(47,'163348'),
(43,'163360'),
(48,'163418'),
(45,'163436'),
(40,'163456'),
(41,'163469'),
(48,'163500'),
(40,'163537'),
(41,'163539'),
(44,'163580'),
(41,'163584'),
(39,'163607'),
(43,'163655'),
(45,'163666'),
(48,'163715'),
(49,'163786'),
(49,'163796'),
(39,'163833'),
(40,'163845'),
(44,'163880'),
(40,'163902'),
(49,'163921'),
(43,'163944'),
(44,'163945'),
(41,'163978'),
(47,'163997'),
(47,'164016'),
(39,'164089'),
(46,'164120'),
(46,'164217'),
(39,'164231'),
(39,'164249'),
(45,'164297'),
(40,'164300'),
(49,'164313'),
(39,'164316'),
(41,'164335'),
(48,'164343'),
(47,'164385'),
(40,'164400'),
(47,'164415'),
(40,'164432'),
(39,'164475'),
(49,'164484'),
(47,'164488'),
(43,'164500'),
(42,'164512'),
(48,'164525'),
(40,'164561'),
(45,'164565'),
(42,'164585'),
(47,'164607'),
(39,'164620'),
(43,'164668'),
(45,'164685'),
(41,'164699'),
(45,'164716'),
(44,'164740'),
(47,'164767'),
(44,'164794'),
(40,'164810'),
(44,'164860'),
(47,'164896'),
(40,'164922'),
(43,'164939'),
(46,'164949'),
(43,'164981'),
(49,'165006'),
(44,'165029'),
(46,'165039'),
(43,'165063'),
(41,'165071'),
(48,'165106'),
(46,'165120'),
(43,'165128'),
(49,'165140'),
(45,'165172'),
(43,'165204'),
(47,'165229'),
(41,'165247'),
(44,'165274'),
(48,'165310'),
(43,'165328'),
(47,'165370'),
(46,'165375'),
(44,'165380'),
(47,'165395'),
(40,'165406'),
(39,'165426'),
(49,'165433'),
(40,'165445'),
(48,'165464'),
(45,'165484'),
(40,'165522'),
(46,'165540'),
(40,'165543'),
(47,'165555'),
(44,'165575'),
(46,'165610'),
(47,'165647'),
(49,'165687'),
(48,'165689'),
(43,'165752'),
(45,'165766'),
(40,'165776'),
(43,'165790'),
(41,'165804'),
(48,'165809'),
(40,'165860'),
(46,'165861'),
(47,'165923'),
(39,'165925'),
(39,'165949'),
(44,'165976'),
(45,'166007'),
(49,'166025'),
(48,'166037'),
(49,'166057'),
(43,'166068'),
(43,'166088'),
(48,'166109'),
(39,'166124'),
(49,'166135'),
(41,'166147'),
(45,'166174'),
(46,'166191'),
(42,'166249'),
(41,'166269'),
(49,'166287'),
(40,'166304'),
(42,'166309'),
(46,'166330'),
(48,'166333'),
(39,'166353'),
(49,'166363'),
(47,'166377'),
(42,'166430'),
(48,'166459'),
(39,'166472'),
(40,'166480'),
(44,'166539'),
(43,'166543'),
(46,'166564'),
(45,'166586'),
(41,'166636'),
(39,'166675'),
(48,'166700'),
(44,'166757'),
(40,'166842'),
(47,'166884'),
(44,'166915'),
(48,'166967'),
(43,'167023'),
(42,'167044'),
(46,'167054'),
(45,'167089'),
(46,'167108'),
(45,'167123'),
(42,'167161'),
(49,'167165'),
(42,'167225'),
(47,'167248'),
(46,'167298'),
(45,'167301'),
(48,'167318'),
(42,'167361'),
(46,'167382'),
(47,'167395'),
(42,'167424'),
(44,'167432'),
(49,'167443'),
(43,'167456'),
(47,'167475'),
(42,'167476'),
(39,'167492'),
(49,'167507'),
(42,'167508'),
(43,'167561'),
(42,'167580'),
(49,'167582'),
(42,'167605'),
(46,'167626'),
(44,'167631'),
(41,'167645'),
(46,'167694'),
(45,'167729'),
(42,'167737'),
(39,'167799'),
(47,'167844'),
(40,'167862'),
(44,'167891'),
(42,'167904'),
(45,'167915'),
(47,'167935'),
(49,'167939'),
(45,'167969'),
(42,'167985'),
(43,'167996'),
(43,'168001'),
(45,'168005'),
(44,'168014'),
(44,'168071'),
(49,'168090'),
(43,'168120'),
(41,'168130'),
(40,'168135'),
(47,'168184'),
(45,'168223'),
(49,'168240'),
(49,'168258'),
(40,'168289'),
(48,'168297'),
(46,'168332'),
(44,'168336'),
(42,'168391'),
(44,'168399'),
(39,'168436'),
(46,'168442'),
(46,'168455'),
(43,'168468'),
(41,'168564'),
(46,'168580'),
(39,'168586'),
(40,'168606'),
(40,'168619'),
(44,'168649'),
(48,'168667'),
(42,'168684'),
(49,'168713'),
(42,'168731'),
(42,'168750'),
(44,'168762'),
(39,'168781'),
(45,'168793'),
(40,'168800'),
(40,'168826'),
(44,'168830'),
(39,'168851'),
(42,'168879'),
(42,'168904'),
(49,'168916'),
(46,'168919'),
(49,'168978'),
(39,'169004'),
(46,'169015'),
(44,'169032'),
(45,'169049'),
(49,'169061'),
(48,'169069'),
(47,'169074'),
(49,'169120'),
(47,'169154'),
(42,'169157'),
(48,'169175'),
(39,'169191'),
(40,'169220'),
(49,'169228'),
(48,'169303'),
(49,'169315'),
(47,'169353'),
(42,'169373'),
(42,'169385'),
(48,'169395'),
(49,'169419'),
(47,'169450'),
(42,'169470'),
(41,'169519'),
(42,'169524'),
(40,'169586'),
(39,'169606'),
(41,'169643'),
(44,'169658'),
(46,'169675'),
(40,'169689'),
(41,'169697'),
(48,'169709'),
(48,'169715'),
(49,'169726'),
(45,'169739'),
(46,'169805'),
(41,'169833'),
(48,'169844'),
(47,'169895'),
(44,'169916'),
(46,'169977'),
(47,'169994'),
(47,'170020'),
(45,'170023'),
(46,'170041'),
(45,'170093'),
(41,'170104'),
(47,'170114'),
(44,'170127'),
(43,'170142'),
(44,'170144'),
(42,'170155'),
(44,'170225'),
(39,'170235'),
(48,'170244'),
(44,'170257'),
(48,'170259'),
(44,'170278'),
(43,'170293'),
(45,'170310'),
(40,'170327'),
(45,'170329'),
(40,'170375'),
(47,'170398'),
(46,'170401'),
(47,'170421'),
(41,'170435'),
(41,'170450'),
(48,'170477'),
(48,'170486'),
(45,'170509'),
(48,'170521'),
(49,'170568'),
(46,'170580'),
(40,'170584'),
(47,'170603'),
(39,'170636'),
(46,'170644'),
(41,'170649'),
(47,'170683'),
(47,'170729'),
(42,'170742'),
(41,'170756'),
(48,'170778'),
(44,'170795'),
(44,'170823'),
(45,'170843'),
(40,'170860'),
(46,'170882'),
(43,'170892'),
(48,'170924'),
(45,'170968'),
(43,'170982'),
(39,'171020'),
(46,'171033'),
(44,'171040'),
(41,'171051'),
(39,'171073'),
(39,'171089'),
(45,'171094'),
(41,'171111'),
(43,'171136'),
(44,'171138'),
(39,'171161'),
(45,'171189'),
(47,'171203'),
(47,'171216'),
(46,'171254'),
(39,'171273'),
(46,'171289'),
(48,'171291'),
(41,'171311'),
(48,'171313'),
(45,'171346'),
(47,'171355'),
(40,'171396'),
(39,'171433'),
(42,'171460'),
(43,'171480'),
(42,'171524'),
(40,'171541'),
(40,'171569'),
(40,'171589'),
(42,'171592'),
(40,'171604'),
(47,'171617'),
(46,'171622'),
(45,'171629'),
(41,'171634'),
(39,'171648'),
(42,'171662'),
(49,'171681'),
(46,'171694'),
(41,'171714'),
(45,'171739'),
(47,'171758'),
(49,'171778'),
(47,'171788'),
(46,'171836'),
(48,'171874'),
(43,'171925'),
(43,'171943'),
(41,'172008'),
(43,'172029'),
(42,'172052'),
(45,'172053'),
(49,'172073'),
(42,'172093'),
(46,'172094'),
(43,'172116'),
(46,'172126'),
(48,'172132'),
(48,'172152'),
(39,'172182'),
(41,'172215'),
(46,'172233'),
(48,'172238'),
(42,'172289'),
(43,'172305'),
(43,'172313'),
(42,'172351'),
(46,'172385'),
(39,'172427'),
(42,'172468'),
(48,'172487'),
(47,'172499'),
(46,'172547'),
(41,'172564'),
(43,'172615'),
(43,'172632'),
(41,'172641'),
(49,'172707'),
(42,'172734'),
(39,'172783'),
(44,'172819'),
(49,'172831'),
(41,'172865'),
(46,'172889'),
(41,'172903'),
(40,'172917'),
(46,'172987'),
(42,'173013'),
(47,'173017'),
(40,'173056'),
(41,'173069'),
(46,'173097'),
(40,'173098'),
(39,'173139'),
(40,'173148'),
(44,'173149'),
(47,'173293'),
(49,'173311'),
(39,'173326'),
(39,'173337'),
(41,'173370'),
(39,'173383'),
(49,'173409'),
(48,'173431'),
(47,'173451'),
(41,'173454'),
(46,'173458'),
(42,'173485'),
(40,'173500'),
(44,'173501'),
(47,'173519'),
(46,'173536'),
(48,'173549'),
(49,'173558'),
(47,'173560'),
(47,'173578'),
(46,'173616'),
(49,'173672'),
(41,'173714'),
(49,'173731'),
(48,'173735'),
(49,'173750'),
(45,'173761'),
(46,'173770'),
(44,'173785'),
(45,'173815'),
(47,'173839'),
(40,'173849'),
(46,'173883'),
(49,'173901'),
(41,'173902'),
(42,'173953'),
(41,'173970'),
(47,'173988'),
(40,'173996'),
(47,'174005'),
(43,'174015'),
(39,'174018'),
(42,'174042'),
(42,'174073'),
(39,'174103'),
(45,'174107'),
(44,'174143'),
(49,'174177'),
(42,'174199'),
(41,'174216'),
(49,'174247'),
(41,'174259'),
(40,'174315'),
(47,'174341'),
(49,'174361'),
(39,'174368'),
(49,'174380'),
(46,'174394'),
(45,'174412'),
(46,'174447'),
(44,'174448'),
(48,'174457'),
(47,'174459'),
(45,'174502'),
(47,'174514'),
(41,'174536'),
(41,'174557'),
(48,'174583'),
(45,'174596'),
(42,'174599'),
(39,'174619'),
(43,'174624'),
(40,'174641'),
(42,'174670'),
(44,'174698'),
(40,'174701'),
(40,'174722'),
(47,'174733'),
(42,'174750'),
(45,'174765'),
(43,'174785'),
(45,'174801'),
(39,'174809'),
(44,'174839'),
(42,'174857'),
(44,'174887'),
(40,'174899'),
(45,'174937'),
(46,'174956'),
(48,'174994'),
(41,'175020'),
(44,'175041'),
(44,'175048'),
(39,'175049'),
(44,'175065'),
(47,'175081'),
(49,'175086'),
(45,'175106'),
(46,'175112'),
(39,'175142'),
(39,'175160'),
(39,'175201'),
(49,'175205'),
(44,'175248'),
(39,'175267'),
(40,'175282'),
(45,'175286'),
(47,'175306'),
(47,'175336'),
(40,'175356'),
(39,'175366'),
(41,'175382'),
(45,'175407'),
(48,'175417'),
(43,'175456'),
(42,'175461'),
(39,'175477'),
(43,'175507'),
(44,'175525'),
(44,'175560'),
(41,'175617'),
(49,'175635'),
(39,'175651'),
(39,'175668'),
(41,'175711'),
(41,'175729'),
(41,'175760'),
(39,'175774'),
(39,'175785'),
(40,'175794'),
(46,'175814'),
(49,'175850'),
(40,'175852'),
(41,'175857'),
(39,'175859'),
(41,'175881'),
(42,'175900'),
(39,'175926'),
(49,'175952'),
(45,'175963'),
(47,'175995'),
(45,'176085'),
(45,'176090'),
(49,'176130'),
(43,'176185'),
(45,'176192'),
(43,'176205'),
(40,'176219'),
(44,'176256'),
(40,'176317'),
(45,'176338'),
(43,'176349'),
(42,'176387'),
(44,'176416'),
(39,'176427'),
(48,'176445'),
(47,'176465'),
(45,'176481'),
(39,'176505'),
(41,'176515'),
(45,'176526'),
(40,'176545'),
(46,'176553'),
(42,'176558'),
(49,'176565'),
(42,'176601'),
(46,'176602'),
(48,'176639'),
(49,'176669'),
(49,'176672'),
(45,'176701'),
(44,'176770'),
(45,'176795'),
(45,'176843'),
(44,'176844'),
(39,'176860'),
(47,'176883'),
(41,'176906'),
(42,'176918'),
(47,'176919'),
(45,'176937'),
(47,'176939'),
(39,'176958'),
(44,'177004'),
(40,'177020'),
(43,'177071'),
(44,'177086'),
(47,'177096'),
(39,'177108'),
(44,'177121'),
(45,'177162'),
(39,'177179'),
(44,'177187'),
(41,'177203'),
(44,'177238'),
(45,'177251'),
(49,'177271'),
(44,'177290'),
(47,'177319'),
(48,'177409'),
(49,'177415'),
(44,'177433'),
(42,'177451'),
(44,'177461'),
(44,'177467'),
(43,'177482'),
(44,'177500'),
(40,'177514'),
(43,'177534'),
(40,'177561'),
(39,'177562'),
(45,'177569'),
(39,'177582'),
(48,'177595'),
(44,'177624'),
(43,'177708'),
(45,'177719'),
(40,'177745'),
(40,'177764'),
(48,'177817'),
(49,'177861'),
(39,'177882'),
(45,'177927'),
(49,'177943'),
(44,'177953'),
(44,'177968'),
(45,'177979'),
(42,'177983'),
(48,'178072'),
(46,'178085'),
(42,'178128'),
(48,'178142'),
(44,'178157'),
(44,'178163'),
(39,'178170'),
(39,'178219'),
(45,'178226'),
(47,'178236'),
(46,'178259'),
(42,'178263'),
(41,'178270'),
(40,'178298'),
(48,'178314'),
(46,'178329'),
(49,'178347'),
(39,'178380'),
(48,'178388'),
(45,'178400'),
(43,'178420'),
(47,'178438'),
(47,'178454'),
(47,'178470'),
(43,'178486'),
(48,'178495'),
(49,'178553'),
(43,'178557'),
(48,'178592'),
(45,'178633'),
(45,'178649'),
(45,'178681'),
(45,'178697'),
(42,'178713'),
(49,'178741'),
(49,'178789'),
(41,'178823'),
(49,'178849'),
(41,'178863'),
(39,'178883'),
(49,'178904'),
(44,'178949'),
(48,'178999'),
(39,'179030'),
(41,'179049'),
(39,'179067'),
(43,'179111'),
(40,'179129'),
(45,'179139'),
(39,'179154'),
(49,'179193'),
(42,'179204'),
(49,'179226'),
(41,'179236'),
(47,'179245'),
(42,'179271'),
(43,'179280'),
(48,'179293'),
(44,'179301'),
(46,'179315'),
(47,'179345'),
(49,'179421'),
(42,'179436'),
(48,'179482'),
(43,'179509'),
(43,'179530'),
(41,'179545'),
(43,'179560'),
(44,'179592'),
(42,'179601'),
(45,'179658'),
(39,'179662'),
(49,'179675'),
(48,'179698'),
(43,'179700'),
(42,'179708'),
(49,'179789'),
(42,'179807'),
(42,'179850'),
(46,'179869'),
(44,'179877'),
(48,'179917'),
(43,'180015'),
(47,'180061'),
(42,'180091'),
(40,'180222'),
(40,'180238'),
(48,'180268'),
(46,'180289'),
(43,'180322'),
(49,'180364'),
(47,'180372'),
(45,'180405'),
(44,'180438'),
(48,'180480'),
(49,'180507'),
(46,'180565'),
(45,'180570'),
(41,'180606'),
(44,'180638'),
(41,'180687'),
(39,'180697'),
(41,'180713'),
(48,'180743'),
(43,'180762'),
(48,'180773'),
(48,'180805'),
(46,'180809'),
(45,'180857'),
(44,'180898'),
(49,'180933'),
(45,'180939'),
(49,'180953'),
(43,'180988'),
(42,'181012'),
(47,'181034'),
(43,'181060'),
(43,'181076'),
(48,'181110'),
(42,'181123'),
(47,'181178'),
(44,'181232'),
(44,'181265'),
(45,'181292'),
(47,'181309'),
(48,'181333'),
(40,'181380'),
(49,'181415'),
(44,'181435'),
(39,'181451'),
(39,'181464'),
(45,'181477'),
(45,'181486'),
(46,'181501'),
(49,'181504'),
(43,'181533'),
(43,'181548'),
(45,'181554'),
(48,'181556'),
(41,'181557'),
(49,'181560'),
(41,'181575'),
(45,'181587'),
(44,'181597'),
(44,'181602'),
(48,'181610'),
(42,'181667'),
(41,'181682'),
(44,'181727'),
(49,'181729'),
(45,'181759'),
(43,'181771'),
(45,'181803'),
(49,'181806'),
(45,'181819'),
(45,'181869'),
(41,'181914'),
(39,'181959'),
(45,'181964'),
(46,'181993'),
(48,'182026'),
(45,'182030'),
(43,'182044'),
(48,'182052'),
(40,'182069'),
(49,'182078'),
(42,'182103'),
(43,'182132'),
(39,'182211'),
(49,'182222'),
(39,'182231'),
(39,'182276'),
(41,'182296'),
(46,'182308'),
(48,'182341'),
(48,'182355'),
(49,'182382'),
(42,'182414'),
(48,'182426'),
(46,'182451'),
(42,'182486'),
(42,'182487'),
(49,'182516'),
(40,'182526'),
(48,'182531'),
(39,'182577'),
(44,'182616'),
(42,'182626'),
(46,'182637'),
(42,'182654'),
(42,'182662'),
(44,'182676'),
(46,'182728'),
(49,'182768'),
(43,'182804'),
(48,'182858'),
(44,'182875'),
(42,'182895'),
(44,'182938'),
(47,'182991'),
(47,'183030'),
(48,'183036'),
(48,'183054'),
(49,'183075'),
(43,'183081'),
(49,'183089'),
(40,'183116'),
(42,'183130'),
(42,'183148'),
(44,'183161'),
(41,'183163'),
(48,'183178'),
(46,'183181'),
(41,'183191'),
(42,'183206'),
(48,'183248'),
(41,'183266'),
(45,'183302'),
(47,'183341'),
(49,'183358'),
(40,'183361'),
(43,'183367'),
(45,'183384'),
(41,'183388'),
(46,'183402'),
(43,'183453'),
(41,'183484'),
(47,'183514'),
(43,'183545'),
(46,'183548'),
(49,'183556'),
(48,'183569'),
(49,'183715'),
(49,'183754'),
(46,'183787'),
(46,'183807'),
(46,'183818'),
(39,'183834'),
(47,'183848'),
(45,'183859'),
(45,'183907'),
(49,'183924'),
(40,'183933'),
(39,'183934'),
(49,'183947'),
(42,'183959'),
(42,'183975'),
(44,'183998'),
(48,'184031'),
(42,'184050'),
(49,'184061'),
(39,'184096'),
(48,'184102'),
(41,'184111'),
(48,'184117'),
(49,'184151'),
(49,'184171'),
(43,'184187'),
(49,'184200'),
(43,'184211'),
(44,'184253'),
(45,'184260'),
(39,'184263'),
(49,'184294'),
(48,'184318'),
(48,'184335'),
(48,'184368'),
(49,'184383'),
(49,'184392'),
(39,'184409'),
(44,'184421'),
(49,'184463'),
(48,'184534'),
(39,'184595'),
(41,'184609'),
(40,'184613'),
(41,'184642'),
(40,'184661'),
(47,'184675'),
(39,'184696'),
(49,'184714'),
(47,'184775'),
(39,'184800'),
(48,'184908'),
(40,'184925'),
(40,'184936'),
(39,'184949'),
(48,'184955'),
(43,'184972'),
(47,'184978'),
(49,'184997'),
(46,'185010'),
(40,'185027'),
(44,'185047'),
(48,'185052'),
(47,'185112'),
(43,'185144'),
(40,'185194'),
(41,'185199'),
(39,'185230'),
(45,'185231'),
(41,'185255'),
(49,'185284'),
(41,'185346'),
(49,'185362'),
(48,'185370'),
(46,'185371'),
(48,'185491'),
(43,'185492'),
(39,'185514'),
(44,'185522'),
(39,'185576'),
(42,'185599'),
(45,'185639'),
(41,'185654'),
(47,'185660'),
(44,'185685'),
(43,'185701'),
(41,'185716'),
(47,'185723'),
(41,'185809'),
(44,'185826'),
(39,'185850'),
(42,'185881'),
(48,'185912'),
(40,'185920'),
(39,'185938'),
(44,'185976'),
(42,'185998'),
(41,'186012'),
(42,'186071'),
(46,'186082'),
(47,'186088'),
(47,'186118'),
(39,'186150'),
(44,'186228'),
(47,'186237'),
(44,'186253'),
(39,'186259'),
(48,'186272'),
(42,'186303'),
(45,'186358'),
(44,'186405'),
(43,'186423'),
(48,'186439'),
(46,'186455'),
(41,'186504'),
(42,'186530'),
(39,'186558'),
(48,'186560'),
(46,'186579'),
(47,'186605'),
(44,'186619'),
(46,'186637'),
(41,'186720'),
(44,'186722'),
(40,'186740'),
(39,'186756'),
(43,'186765'),
(48,'186795'),
(40,'186797'),
(46,'186799'),
(42,'186814'),
(48,'186849'),
(39,'186861'),
(44,'186879'),
(45,'186891'),
(40,'186928'),
(49,'186940'),
(49,'186950'),
(41,'186954'),
(46,'186964'),
(48,'186995'),
(40,'187052'),
(40,'187060'),
(49,'187075'),
(48,'187091'),
(47,'187104'),
(41,'187106'),
(44,'187139'),
(40,'187194'),
(45,'187244'),
(45,'187254'),
(48,'187265'),
(40,'187273'),
(40,'187280'),
(46,'187291'),
(49,'187333'),
(47,'187395'),
(42,'187407'),
(47,'187446'),
(44,'187476'),
(41,'187493'),
(49,'187500'),
(39,'187510'),
(44,'187551'),
(44,'187594'),
(41,'187603'),
(46,'187641'),
(43,'187673'),
(42,'187701'),
(44,'187731'),
(39,'187751'),
(47,'187767'),
(40,'187803'),
(46,'187830'),
(46,'187862'),
(44,'187880'),
(43,'187888'),
(49,'187955'),
(44,'187996'),
(49,'188045'),
(47,'188057'),
(42,'188084'),
(46,'188089'),
(41,'188111'),
(43,'188131'),
(41,'188150'),
(40,'188153'),
(47,'188168'),
(39,'188171'),
(48,'188219'),
(45,'188223'),
(47,'188262'),
(46,'188280'),
(46,'188325'),
(43,'188340'),
(47,'188346'),
(39,'188355'),
(46,'188366'),
(48,'188382'),
(48,'188400'),
(46,'188411'),
(47,'188428'),
(45,'188429'),
(46,'188478'),
(40,'188492'),
(48,'188498'),
(47,'188507'),
(48,'188523'),
(41,'188552'),
(48,'188561'),
(48,'188572'),
(44,'188590'),
(42,'188609'),
(43,'188632'),
(42,'188650'),
(39,'188670'),
(49,'188677'),
(47,'188696'),
(42,'188707'),
(48,'188709'),
(49,'188714'),
(49,'188733'),
(39,'188751'),
(42,'188754'),
(46,'188764'),
(46,'188777'),
(46,'188787'),
(41,'188803'),
(48,'188816'),
(39,'188817'),
(42,'188829'),
(47,'188839'),
(40,'188878'),
(45,'188883'),
(46,'188909'),
(46,'188918'),
(46,'188935'),
(41,'188955'),
(45,'188964'),
(48,'188967'),
(44,'188986'),
(41,'189005'),
(48,'189013'),
(40,'189033'),
(39,'189040'),
(40,'189084'),
(39,'189114'),
(42,'189140'),
(40,'189143'),
(40,'189147'),
(43,'189162'),
(42,'189168'),
(44,'189180'),
(49,'189205'),
(46,'189229'),
(41,'189241'),
(40,'189266'),
(39,'189288'),
(49,'189308'),
(43,'189356'),
(48,'189375'),
(42,'189386'),
(47,'189412'),
(45,'189432'),
(39,'189442'),
(47,'189489'),
(48,'189500'),
(44,'189530'),
(41,'189567'),
(41,'189602'),
(43,'189628'),
(39,'189648'),
(48,'189658'),
(49,'189667'),
(45,'189676'),
(41,'189756'),
(46,'189781'),
(47,'189800'),
(40,'189820'),
(45,'189852'),
(45,'189853'),
(48,'189866'),
(47,'189871'),
(46,'189960'),
(43,'190042'),
(40,'190084'),
(42,'190102'),
(42,'190144'),
(45,'190208'),
(40,'190229'),
(49,'190247'),
(45,'190264'),
(47,'190315'),
(49,'190345'),
(49,'190365'),
(46,'190375'),
(48,'190391'),
(44,'190397'),
(41,'190437'),
(45,'190455'),
(41,'190509'),
(45,'190519'),
(43,'190535'),
(48,'190551'),
(48,'190566'),
(40,'190573'),
(42,'190577'),
(39,'190592'),
(47,'190621'),
(49,'190640'),
(44,'190672'),
(43,'190687'),
(48,'190689'),
(44,'190709'),
(44,'190716'),
(45,'190733'),
(47,'190755'),
(44,'190779'),
(43,'190788'),
(42,'190802'),
(47,'190830'),
(44,'190833'),
(39,'190860'),
(48,'190869'),
(46,'190903'),
(42,'190934'),
(45,'190959'),
(44,'190964'),
(46,'190976'),
(44,'190991'),
(41,'191010'),
(41,'191023'),
(45,'191057'),
(42,'191058'),
(47,'191061'),
(49,'191090'),
(41,'191113'),
(45,'191125'),
(44,'191194'),
(44,'191210'),
(46,'191221'),
(49,'191250'),
(48,'191252'),
(41,'191256'),
(48,'191300'),
(43,'191319'),
(42,'191323'),
(46,'191354'),
(45,'191370'),
(45,'191437'),
(40,'191439'),
(40,'191448'),
(40,'191459'),
(41,'191496'),
(49,'191510'),
(48,'191533'),
(41,'191549'),
(43,'191559'),
(48,'191565'),
(49,'191608'),
(44,'191624'),
(41,'191685'),
(48,'191716'),
(41,'191720'),
(39,'191752'),
(46,'191760'),
(48,'191775'),
(43,'191812'),
(44,'191823'),
(48,'191862'),
(48,'191874'),
(39,'191901'),
(44,'191921'),
(47,'191942'),
(39,'191962'),
(43,'191973'),
(46,'191995'),
(45,'192025'),
(44,'192049'),
(45,'192066'),
(39,'192080'),
(40,'192101'),
(40,'192122'),
(46,'192132'),
(45,'192150'),
(43,'192153'),
(44,'192169'),
(41,'192170'),
(46,'192181'),
(40,'192188'),
(47,'192207'),
(41,'192225'),
(41,'192270'),
(41,'192294'),
(39,'192296'),
(47,'192304'),
(48,'192339'),
(42,'192342'),
(39,'192378'),
(41,'192396'),
(45,'192413'),
(46,'192421'),
(45,'192434'),
(47,'192451'),
(48,'192489'),
(44,'192528'),
(43,'192534'),
(40,'192549'),
(43,'192584'),
(42,'192591'),
(45,'192595'),
(45,'192600'),
(48,'192620'),
(42,'192635'),
(44,'192675'),
(48,'192705'),
(43,'192714'),
(44,'192770'),
(47,'192787'),
(39,'192799'),
(41,'192806'),
(39,'192931'),
(43,'192958'),
(45,'192969'),
(44,'192980'),
(48,'193020'),
(41,'193031'),
(41,'193049'),
(42,'193069'),
(42,'193106'),
(44,'193133'),
(47,'193186'),
(49,'193204'),
(41,'193222'),
(41,'193253'),
(40,'193269'),
(44,'193309'),
(48,'193322'),
(39,'193324'),
(45,'193327'),
(40,'193361'),
(41,'193373'),
(49,'193391'),
(43,'193394'),
(48,'193429'),
(44,'193450'),
(43,'193453'),
(47,'193460'),
(41,'193506'),
(42,'193532'),
(39,'193548'),
(44,'193606'),
(42,'193607'),
(45,'193612'),
(49,'193618'),
(44,'193640'),
(39,'193663'),
(49,'193699'),
(49,'193740'),
(40,'193744'),
(49,'193794'),
(43,'193821'),
(41,'193824'),
(43,'193826'),
(43,'193872'),
(46,'193891'),
(39,'193903'),
(39,'193946'),
(39,'193958'),
(39,'193981'),
(49,'193991'),
(39,'193996'),
(45,'194020'),
(40,'194065'),
(39,'194069'),
(49,'194086'),
(41,'194121'),
(47,'194124'),
(42,'194144'),
(41,'194186'),
(49,'194221'),
(41,'194228'),
(46,'194281'),
(42,'194285'),
(39,'194316'),
(42,'194344'),
(43,'194350'),
(41,'194366'),
(43,'194381'),
(46,'194390'),
(48,'194397'),
(40,'194417'),
(47,'194421'),
(46,'194444'),
(43,'194449'),
(42,'194450'),
(47,'194454'),
(40,'194470'),
(43,'194474'),
(45,'194495'),
(43,'194521'),
(47,'194548'),
(40,'194577'),
(48,'194592'),
(41,'194605'),
(47,'194625'),
(44,'194646'),
(48,'194662'),
(40,'194698'),
(46,'194751'),
(42,'194775'),
(46,'194794'),
(43,'194809'),
(45,'194817'),
(47,'194847'),
(43,'194871'),
(48,'194901'),
(46,'194921'),
(46,'194933'),
(43,'194938'),
(41,'194947'),
(46,'194962'),
(47,'194975'),
(41,'195003'),
(40,'195023'),
(39,'195042'),
(43,'195068'),
(49,'195074'),
(47,'195163'),
(42,'195180'),
(46,'195181'),
(40,'195220'),
(44,'195223'),
(46,'195297'),
(48,'195333'),
(46,'195346'),
(43,'195363'),
(47,'195393'),
(45,'195431'),
(40,'195443'),
(40,'195517'),
(42,'195520'),
(39,'195534'),
(44,'195550'),
(39,'195567'),
(44,'195570'),
(41,'195615'),
(48,'195625'),
(41,'195648'),
(44,'195698'),
(43,'195715'),
(39,'195727'),
(48,'195742'),
(39,'195761'),
(45,'195797'),
(45,'195809'),
(45,'195810'),
(45,'195821'),
(42,'195840'),
(40,'195841'),
(40,'195855'),
(45,'195869'),
(41,'195872'),
(40,'195883'),
(49,'195895'),
(47,'195906'),
(47,'195921'),
(45,'195938'),
(42,'195950'),
(39,'195954'),
(49,'195956'),
(41,'195983'),
(39,'196002'),
(49,'196016'),
(39,'196018'),
(49,'196020'),
(42,'196029'),
(43,'196038'),
(43,'196046'),
(45,'196073'),
(46,'196101'),
(45,'196118'),
(43,'196213'),
(43,'196236'),
(40,'196253'),
(46,'196270'),
(48,'196289'),
(42,'196302'),
(44,'196332'),
(41,'196348'),
(44,'196375'),
(42,'196420'),
(46,'196448'),
(45,'196456'),
(41,'196474'),
(49,'196484'),
(43,'196497'),
(45,'196500'),
(42,'196533'),
(47,'196553'),
(46,'196567'),
(40,'196589'),
(43,'196593'),
(41,'196609'),
(47,'196616'),
(40,'196630'),
(42,'196647'),
(47,'196690'),
(41,'196771'),
(39,'196777'),
(47,'196784'),
(41,'196788'),
(41,'196806'),
(43,'196820'),
(45,'196826'),
(43,'196833'),
(39,'196847'),
(41,'196894'),
(49,'196926'),
(39,'196949'),
(41,'196990'),
(42,'197008'),
(42,'197012'),
(48,'197077'),
(47,'197115'),
(42,'197172'),
(43,'197199'),
(41,'197229'),
(42,'197260'),
(40,'197277'),
(44,'197284'),
(47,'197308'),
(40,'197341'),
(49,'197360'),
(39,'197378'),
(40,'197493'),
(47,'197496'),
(42,'197510'),
(43,'197523'),
(43,'197526'),
(41,'197550'),
(41,'197559'),
(45,'197560'),
(41,'197571'),
(39,'197598'),
(41,'197614'),
(45,'197630'),
(46,'197635'),
(45,'197657'),
(39,'197691'),
(39,'197703'),
(41,'197718'),
(42,'197729'),
(39,'197748'),
(42,'197812'),
(43,'197847'),
(48,'197853'),
(40,'197855'),
(41,'197874'),
(41,'197885'),
(41,'197891'),
(42,'197919'),
(40,'197926'),
(43,'197942'),
(42,'197961'),
(44,'198032'),
(40,'198051'),
(48,'198056'),
(40,'198106'),
(48,'198120'),
(48,'198141'),
(48,'198146'),
(45,'198164'),
(48,'198173'),
(47,'198178'),
(39,'198254'),
(39,'198283'),
(48,'198318'),
(45,'198353'),
(44,'198355'),
(41,'198357'),
(44,'198377'),
(39,'198383'),
(40,'198422'),
(49,'198446'),
(48,'198455'),
(40,'198465'),
(48,'198496'),
(41,'198516'),
(48,'198539'),
(46,'198576'),
(43,'198612'),
(47,'198625'),
(45,'198631'),
(45,'198649'),
(44,'198672'),
(43,'198686'),
(40,'198764'),
(48,'198784'),
(39,'198788'),
(46,'198822'),
(47,'198844'),
(46,'198862'),
(48,'198867'),
(46,'198884'),
(47,'198916'),
(45,'198925'),
(49,'198941'),
(48,'198945'),
(49,'198960'),
(49,'198980'),
(42,'199015'),
(41,'199020'),
(43,'199021'),
(44,'199075'),
(47,'199105'),
(45,'199125'),
(48,'199145'),
(39,'199154'),
(49,'199176'),
(42,'199183'),
(47,'199202'),
(47,'199234'),
(44,'199255'),
(44,'199278'),
(49,'199289'),
(40,'199336'),
(45,'199349'),
(40,'199368'),
(41,'199402'),
(39,'199439'),
(43,'199456'),
(48,'199479'),
(47,'199546'),
(41,'199564'),
(41,'199588'),
(41,'199615'),
(41,'199627'),
(49,'199640'),
(42,'199641'),
(49,'199677'),
(39,'199680'),
(44,'199686'),
(46,'199688'),
(48,'199707'),
(45,'199825'),
(49,'199840'),
(43,'199844'),
(45,'199862'),
(48,'199894'),
(47,'199922'),
(41,'199926'),
(43,'199946'),
(43,'199960'),
(44,'199972'),
(46,'199974'),
(46,'199995'),
(40,'200014'),
(39,'200042'),
(47,'200043'),
(48,'200115'),
(49,'200163'),
(40,'200180'),
(47,'200214'),
(39,'200228'),
(48,'200264'),
(48,'200284'),
(48,'200285'),
(48,'200305'),
(46,'200415'),
(48,'200430'),
(46,'200472'),
(40,'200492'),
(49,'200548'),
(46,'200575'),
(40,'200576'),
(42,'200581'),
(48,'200603'),
(40,'200608'),
(49,'200620'),
(44,'200642'),
(45,'200647'),
(39,'200654'),
(46,'200678'),
(45,'200749'),
(42,'200766'),
(44,'200823'),
(46,'200846'),
(41,'200847'),
(46,'200872'),
(45,'200878'),
(39,'200889'),
(39,'200908'),
(41,'200922'),
(47,'200988'),
(43,'201000'),
(39,'201013'),
(45,'201021'),
(48,'201045'),
(49,'201060'),
(49,'201064'),
(48,'201083'),
(42,'201093'),
(43,'201096'),
(48,'201122'),
(40,'201138'),
(47,'201186'),
(46,'201196'),
(43,'201249'),
(48,'201255'),
(46,'201274'),
(40,'201307'),
(42,'201317'),
(44,'201348'),
(45,'201363'),
(39,'201416'),
(45,'201443'),
(47,'201461'),
(43,'201508'),
(40,'201518'),
(44,'201528'),
(43,'201542'),
(49,'201580'),
(40,'201593'),
(48,'201597'),
(39,'201614'),
(49,'201686'),
(40,'201702'),
(47,'201719'),
(44,'201728'),
(41,'201744'),
(49,'201767'),
(46,'201780'),
(48,'201792'),
(44,'201819'),
(42,'201831'),
(44,'201837'),
(47,'201879'),
(41,'201932'),
(45,'201967'),
(39,'201973'),
(39,'201991'),
(46,'202046'),
(47,'202059'),
(46,'202079'),
(41,'202094'),
(45,'202118'),
(48,'202121'),
(49,'202152'),
(49,'202199'),
(42,'202214'),
(48,'202247'),
(46,'202263'),
(41,'202278'),
(39,'202401'),
(46,'202418'),
(41,'202427'),
(47,'202441'),
(47,'202473'),
(43,'202499'),
(49,'202514'),
(43,'202529'),
(48,'202540'),
(47,'202542'),
(46,'202552'),
(40,'202578'),
(44,'202594'),
(47,'202613'),
(48,'202664'),
(44,'202707'),
(45,'202726'),
(42,'202745'),
(40,'202840'),
(46,'202872'),
(46,'202892'),
(43,'202910'),
(46,'203005'),
(44,'203040'),
(42,'203120'),
(40,'203128'),
(43,'203139'),
(40,'203156'),
(49,'203162'),
(40,'203176'),
(45,'203177'),
(49,'203192'),
(43,'203197'),
(39,'203216'),
(47,'203253'),
(42,'203263'),
(49,'203319'),
(46,'203330'),
(45,'203339'),
(39,'203433'),
(41,'203454'),
(49,'203519'),
(43,'203546'),
(42,'203574'),
(47,'203584'),
(45,'203652'),
(39,'203673'),
(48,'203756'),
(46,'203765'),
(46,'203766'),
(44,'203782'),
(43,'203791'),
(43,'203821'),
(43,'203830'),
(41,'203836'),
(40,'203840'),
(43,'203845'),
(42,'203862'),
(40,'203868'),
(44,'203872'),
(44,'203914'),
(43,'203934'),
(43,'203942'),
(41,'203961'),
(41,'203978'),
(41,'203988'),
(41,'204036'),
(45,'204077'),
(39,'204079'),
(40,'204107'),
(45,'204122'),
(45,'204137'),
(49,'204170'),
(45,'204180'),
(44,'204199'),
(44,'204213'),
(46,'204217'),
(42,'204227'),
(45,'204251'),
(41,'204260'),
(41,'204278'),
(47,'204290'),
(39,'204306'),
(42,'204340'),
(41,'204347'),
(42,'204361'),
(45,'204380'),
(46,'204411'),
(42,'204431'),
(41,'204433'),
(49,'204437'),
(43,'204482'),
(39,'204485'),
(44,'204546'),
(45,'204567'),
(42,'204599'),
(49,'204642'),
(42,'204662'),
(45,'204670'),
(46,'204674'),
(41,'204693'),
(44,'204699'),
(49,'204740'),
(45,'204754'),
(39,'204768'),
(44,'204835'),
(46,'204910'),
(39,'204920'),
(49,'204932'),
(45,'204950'),
(42,'204964'),
(49,'204991'),
(44,'205027'),
(41,'205029'),
(44,'205046'),
(40,'205069'),
(41,'205072'),
(44,'205096'),
(49,'205102'),
(44,'205104'),
(47,'205125'),
(42,'205156'),
(40,'205203'),
(45,'205216'),
(41,'205274'),
(40,'205281'),
(42,'205339'),
(46,'205365'),
(48,'205398'),
(44,'205408'),
(47,'205424'),
(46,'205431'),
(45,'205442'),
(42,'205446'),
(46,'205448'),
(46,'205469'),
(40,'205487'),
(48,'205541'),
(45,'205598'),
(40,'205604'),
(43,'205659'),
(40,'205683'),
(40,'205698'),
(41,'205726'),
(49,'205737'),
(43,'205762'),
(42,'205771'),
(48,'205820'),
(47,'205884'),
(39,'205897'),
(47,'205928'),
(39,'205945'),
(39,'205947'),
(44,'205961'),
(40,'205979'),
(41,'206052'),
(46,'206072'),
(45,'206081'),
(49,'206127'),
(39,'206139'),
(42,'206148'),
(39,'206213'),
(49,'206245'),
(40,'206280'),
(46,'206296'),
(41,'206324'),
(39,'206347'),
(42,'206366'),
(39,'206378'),
(44,'206390'),
(49,'206391'),
(42,'206402'),
(48,'206477'),
(39,'206513'),
(46,'206524'),
(39,'206587'),
(49,'206603'),
(42,'206612'),
(49,'206631'),
(44,'206664'),
(48,'206668'),
(46,'206678'),
(42,'206711'),
(48,'206744'),
(43,'206769'),
(43,'206820'),
(43,'206836'),
(39,'206884'),
(39,'206890'),
(47,'206897'),
(42,'206900'),
(47,'206919'),
(49,'206969'),
(44,'206994'),
(44,'207013'),
(44,'207020'),
(47,'207043'),
(43,'207051'),
(39,'207082'),
(49,'207093'),
(49,'207097'),
(45,'207113'),
(42,'207132'),
(49,'207180'),
(43,'207207'),
(46,'207244'),
(42,'207256'),
(41,'207276'),
(42,'207293'),
(42,'207320'),
(43,'207335'),
(47,'207337'),
(43,'207361'),
(42,'207376'),
(47,'207422'),
(48,'207424'),
(39,'207431'),
(48,'207451'),
(44,'207464'),
(48,'207482'),
(44,'207515'),
(49,'207532'),
(45,'207534'),
(43,'207619'),
(40,'207627'),
(42,'207644'),
(42,'207652'),
(39,'207669'),
(43,'207678'),
(49,'207697'),
(48,'207706'),
(47,'207762'),
(44,'207766'),
(39,'207796'),
(46,'207814'),
(47,'207837'),
(43,'207846'),
(44,'207849'),
(46,'207850'),
(46,'207927'),
(49,'207957'),
(44,'208064'),
(47,'208084'),
(48,'208101'),
(47,'208114'),
(46,'208127'),
(47,'208132'),
(39,'208140'),
(49,'208179'),
(42,'208224'),
(44,'208226'),
(47,'208264'),
(39,'208330'),
(39,'208340'),
(40,'208369'),
(45,'208405'),
(42,'208413'),
(43,'208481'),
(47,'208497'),
(39,'208510'),
(42,'208535'),
(42,'208557'),
(46,'208570'),
(45,'208637'),
(45,'208691'),
(49,'208699'),
(40,'208742'),
(44,'208756'),
(39,'208777'),
(39,'208779'),
(41,'208816'),
(39,'208860'),
(46,'208893'),
(39,'208896'),
(46,'208905'),
(49,'208930'),
(39,'208945'),
(47,'208961'),
(40,'208965'),
(49,'208999'),
(46,'209007'),
(46,'209010'),
(43,'209042'),
(46,'209051'),
(42,'209056'),
(40,'209117'),
(47,'209128'),
(39,'209149'),
(39,'209183'),
(46,'209217'),
(39,'209231'),
(39,'209262'),
(43,'209279'),
(48,'209280'),
(45,'209321'),
(49,'209345'),
(49,'209379'),
(40,'209416'),
(42,'209455'),
(39,'209460'),
(49,'209479'),
(45,'209489'),
(41,'209501'),
(42,'209523'),
(49,'209543'),
(49,'209548'),
(39,'209583'),
(49,'209588'),
(45,'209603'),
(41,'209606'),
(47,'209625'),
(47,'209665'),
(46,'209727'),
(39,'209771'),
(40,'209805'),
(48,'209847'),
(43,'209862'),
(40,'209866'),
(40,'209881'),
(43,'209897'),
(43,'209909'),
(48,'209971'),
(48,'210010'),
(48,'210023'),
(45,'210036'),
(42,'210047'),
(43,'210065'),
(40,'210099'),
(49,'210103'),
(49,'210161'),
(49,'210200'),
(41,'210211'),
(40,'210249'),
(40,'210322'),
(46,'210330'),
(47,'210350'),
(39,'210357'),
(40,'210377'),
(48,'210452'),
(39,'210460'),
(48,'210476'),
(41,'210504'),
(39,'210518'),
(46,'210556'),
(43,'210573'),
(43,'210592'),
(44,'210600'),
(48,'210637'),
(46,'210646'),
(48,'210712'),
(47,'210736'),
(42,'210741'),
(48,'210770'),
(41,'210771'),
(40,'210777'),
(42,'210794'),
(41,'210814'),
(46,'210822'),
(47,'210849'),
(45,'210858'),
(44,'210878'),
(46,'210882'),
(46,'210898'),
(41,'210913'),
(49,'210917'),
(47,'210933'),
(41,'210937'),
(44,'210964'),
(49,'210990'),
(39,'211005'),
(49,'211011'),
(48,'211023'),
(47,'211068'),
(46,'211082'),
(45,'211115'),
(43,'211129'),
(44,'211141'),
(45,'211170'),
(43,'211224'),
(40,'211241'),
(48,'211271'),
(48,'211289'),
(45,'211315'),
(48,'211333'),
(45,'211377'),
(39,'211399'),
(47,'211415'),
(39,'211429'),
(41,'211447'),
(39,'211484'),
(42,'211491'),
(41,'211499'),
(49,'211534'),
(43,'211583'),
(42,'211611'),
(39,'211631'),
(41,'211641'),
(43,'211652'),
(47,'211679'),
(41,'211716'),
(42,'211736'),
(42,'211757'),
(40,'211792'),
(44,'211812'),
(41,'211833'),
(46,'211854'),
(40,'211861'),
(49,'211870'),
(47,'211878'),
(39,'211909'),
(45,'211944'),
(48,'211959'),
(43,'211969'),
(40,'211974'),
(49,'211992'),
(46,'212012'),
(43,'212016'),
(43,'212038'),
(41,'212074'),
(42,'212102'),
(47,'212251'),
(43,'212255'),
(48,'212316'),
(46,'212327'),
(49,'212353'),
(48,'212356'),
(49,'212411'),
(42,'212426'),
(39,'212442'),
(46,'212456'),
(40,'212492'),
(47,'212511'),
(42,'212542'),
(48,'212563'),
(39,'212585'),
(40,'212608'),
(47,'212635'),
(49,'212637'),
(39,'212697'),
(42,'212706'),
(45,'212709'),
(48,'212724'),
(46,'212727'),
(45,'212774'),
(43,'212775'),
(40,'212795'),
(44,'212803'),
(45,'212849'),
(42,'212856'),
(47,'212871'),
(40,'212905'),
(39,'212908'),
(42,'212910'),
(44,'212918'),
(45,'212937'),
(45,'212941'),
(48,'213018'),
(49,'213087'),
(49,'213171'),
(39,'213184'),
(45,'213199'),
(43,'213208'),
(45,'213227'),
(44,'213243'),
(43,'213266'),
(41,'213271'),
(44,'213295'),
(39,'213304'),
(42,'213313'),
(45,'213331'),
(49,'213334'),
(49,'213341'),
(48,'213344'),
(39,'213363'),
(47,'213396'),
(44,'213401'),
(47,'213439'),
(47,'213472'),
(48,'213500'),
(47,'213535'),
(47,'213551'),
(44,'213576'),
(47,'213603'),
(47,'213614'),
(49,'213619'),
(47,'213650'),
(41,'213662'),
(44,'213697'),
(42,'213707'),
(47,'213712'),
(40,'213731'),
(39,'213744'),
(48,'213753'),
(45,'213809'),
(46,'213815'),
(39,'213821'),
(46,'213868'),
(49,'213871'),
(41,'213873'),
(49,'213880'),
(48,'213895'),
(41,'213907'),
(43,'213927'),
(39,'213932'),
(42,'213964'),
(47,'213965'),
(43,'214000'),
(42,'214010'),
(40,'214045'),
(43,'214066'),
(49,'214157'),
(48,'214174'),
(49,'214184'),
(40,'214223'),
(44,'214239'),
(40,'214241'),
(44,'214260'),
(44,'214262'),
(40,'214277'),
(44,'214288'),
(40,'214292'),
(43,'214314'),
(43,'214316'),
(41,'214331'),
(45,'214333'),
(46,'214349'),
(48,'214364'),
(49,'214396'),
(48,'214410'),
(39,'214419'),
(45,'214434'),
(42,'214439'),
(46,'214459'),
(48,'214471'),
(49,'214473'),
(42,'214482'),
(48,'214493'),
(43,'214518'),
(41,'214542'),
(47,'214554'),
(39,'214575'),
(46,'214590'),
(46,'214599'),
(45,'214610'),
(47,'214616'),
(44,'214626'),
(39,'214631'),
(43,'214639'),
(42,'214649'),
(49,'214666'),
(39,'214674'),
(47,'214698'),
(49,'214712'),
(39,'214732'),
(48,'214747'),
(42,'214782'),
(42,'214799'),
(49,'214816'),
(46,'214826'),
(43,'214836'),
(47,'214849'),
(46,'214853'),
(39,'214871'),
(44,'214875'),
(45,'214926'),
(44,'214963'),
(39,'214981'),
(46,'214987'),
(43,'215001'),
(49,'215043'),
(45,'215044'),
(49,'215045'),
(40,'215104'),
(48,'215117'),
(47,'215135'),
(44,'215158'),
(40,'215199'),
(48,'215206'),
(41,'215218'),
(44,'215237'),
(43,'215261'),
(41,'215279'),
(41,'215301'),
(43,'215305'),
(39,'215320'),
(43,'215359'),
(41,'215392'),
(48,'215404'),
(46,'215440'),
(47,'215457'),
(47,'215460'),
(48,'215502'),
(43,'215522'),
(47,'215548'),
(43,'215560'),
(39,'215597'),
(43,'215623'),
(44,'215665'),
(45,'215681'),
(44,'215709'),
(44,'215724'),
(40,'215728'),
(42,'215761'),
(39,'215762'),
(43,'215772'),
(47,'215806'),
(41,'215808'),
(49,'215817'),
(44,'215819'),
(45,'215831'),
(48,'215848'),
(47,'215859'),
(42,'215876'),
(47,'215901'),
(49,'215925'),
(43,'215941'),
(48,'215958'),
(40,'215960'),
(42,'215975'),
(46,'215980'),
(44,'216012'),
(49,'216045'),
(47,'216062'),
(41,'216120'),
(45,'216127'),
(47,'216146'),
(48,'216179'),
(41,'216195'),
(41,'216204'),
(46,'216221'),
(43,'216257'),
(44,'216273'),
(42,'216318'),
(39,'216332'),
(39,'216336'),
(46,'216349'),
(49,'216371'),
(39,'216404'),
(44,'216414'),
(40,'216449'),
(43,'216457'),
(40,'216496'),
(46,'216522'),
(48,'216536'),
(39,'216553'),
(41,'216556'),
(43,'216564'),
(47,'216575'),
(42,'216581'),
(45,'216598'),
(41,'216616'),
(46,'216649'),
(43,'216655'),
(45,'216656'),
(43,'216673'),
(41,'216683'),
(43,'216706'),
(47,'216717'),
(47,'216726'),
(48,'216752'),
(48,'216768'),
(41,'216772'),
(47,'216805'),
(44,'216816'),
(48,'216829'),
(45,'216901'),
(45,'216918'),
(42,'216938'),
(40,'216996'),
(41,'217000'),
(40,'217055'),
(49,'217061'),
(39,'217067'),
(41,'217073'),
(46,'217110'),
(45,'217131'),
(44,'217154'),
(40,'217172'),
(49,'217182'),
(46,'217185'),
(40,'217210'),
(43,'217229'),
(42,'217236'),
(40,'217280'),
(48,'217291'),
(44,'217353'),
(40,'217370'),
(44,'217392'),
(40,'217394'),
(43,'217432'),
(42,'217446'),
(46,'217453'),
(44,'217462'),
(42,'217487'),
(42,'217502'),
(45,'217542'),
(49,'217556'),
(47,'217568'),
(45,'217583'),
(45,'217650'),
(48,'217663'),
(45,'217676'),
(40,'217714'),
(40,'217728'),
(42,'217731'),
(39,'217743'),
(47,'217756'),
(49,'217786'),
(43,'217814'),
(39,'217841'),
(45,'217845'),
(44,'217862'),
(41,'217881'),
(47,'217916'),
(49,'217950'),
(48,'217969'),
(39,'217986'),
(42,'218000'),
(45,'218028'),
(39,'218047'),
(46,'218130'),
(42,'218137'),
(43,'218155'),
(39,'218171'),
(44,'218181'),
(42,'218191'),
(47,'218236'),
(42,'218253'),
(46,'218273'),
(39,'218290'),
(45,'218297'),
(46,'218317'),
(41,'218318'),
(46,'218327'),
(43,'218362'),
(43,'218373'),
(40,'218386'),
(48,'218396'),
(44,'218406'),
(41,'218410'),
(47,'218425'),
(48,'218437'),
(45,'218453'),
(48,'218463'),
(48,'218464'),
(41,'218504'),
(44,'218529'),
(42,'218548'),
(48,'218566'),
(47,'218608'),
(48,'218642'),
(41,'218670'),
(44,'218691'),
(45,'218727'),
(39,'218833'),
(45,'218861'),
(42,'218873'),
(48,'218893'),
(42,'218959'),
(42,'218986'),
(48,'218994'),
(45,'219011'),
(42,'219012'),
(45,'219021'),
(41,'219035'),
(44,'219042'),
(45,'219101'),
(49,'219134'),
(41,'219156'),
(46,'219193'),
(44,'219225'),
(42,'219256'),
(47,'219302'),
(46,'219319'),
(49,'219343'),
(45,'219356'),
(43,'219371'),
(47,'219389'),
(40,'219406'),
(49,'219425'),
(44,'219426'),
(41,'219445'),
(46,'219460'),
(43,'219469'),
(42,'219493'),
(45,'219547'),
(40,'219584'),
(45,'219630'),
(47,'219641'),
(42,'219649'),
(45,'219711'),
(45,'219748'),
(48,'219768'),
(48,'219863'),
(39,'219877'),
(41,'219897'),
(40,'219917'),
(46,'219962'),
(40,'220024'),
(40,'220031'),
(48,'220033'),
(43,'220046'),
(43,'220066'),
(48,'220074'),
(39,'220141'),
(49,'220162'),
(47,'220171'),
(45,'220192'),
(44,'220200'),
(43,'220203'),
(39,'220223'),
(45,'220240'),
(42,'220273'),
(49,'220279'),
(45,'220300'),
(39,'220337'),
(41,'220338'),
(39,'220364'),
(42,'220383'),
(44,'220427'),
(46,'220462'),
(48,'220484'),
(43,'220533'),
(42,'220542'),
(47,'220571'),
(49,'220591'),
(49,'220596'),
(46,'220604'),
(43,'220611'),
(41,'220640'),
(40,'220691'),
(43,'220701'),
(49,'220731'),
(42,'220734'),
(49,'220741'),
(41,'220753'),
(39,'220787'),
(46,'220804'),
(43,'220807'),
(40,'220856'),
(46,'220881'),
(40,'220899'),
(40,'220932'),
(41,'220948'),
(44,'220972'),
(47,'221002'),
(48,'221020'),
(45,'221079'),
(41,'221109'),
(41,'221116'),
(46,'221133'),
(39,'221145'),
(44,'221147'),
(49,'221166'),
(40,'221184'),
(41,'221196'),
(49,'221245'),
(49,'221275'),
(45,'221278'),
(45,'221287'),
(43,'221307'),
(41,'221326'),
(48,'221357'),
(44,'221364'),
(46,'221424'),
(44,'221474'),
(42,'221484'),
(48,'221520'),
(46,'221540'),
(44,'221554'),
(41,'221573'),
(43,'221577'),
(40,'221601'),
(49,'221614'),
(45,'221629'),
(41,'221643'),
(41,'221658'),
(47,'221690'),
(48,'221714'),
(47,'221758'),
(43,'221760'),
(39,'221773'),
(46,'221813'),
(39,'221828'),
(44,'221850'),
(42,'221858'),
(49,'221882'),
(42,'221909'),
(43,'221918'),
(40,'221939'),
(48,'221948'),
(46,'222040'),
(44,'222076'),
(44,'222133'),
(43,'222151'),
(44,'222194'),
(41,'222214'),
(39,'222248'),
(49,'222314'),
(49,'222353'),
(49,'222378'),
(39,'222387'),
(47,'222392'),
(47,'222404'),
(39,'222468'),
(43,'222496'),
(42,'222514'),
(45,'222551'),
(40,'222591'),
(46,'222606'),
(40,'222615'),
(41,'222628'),
(40,'222648'),
(45,'222650'),
(48,'222666'),
(40,'222713'),
(46,'222782'),
(48,'222788'),
(46,'222811'),
(44,'222828'),
(47,'222856'),
(46,'222876'),
(41,'222900'),
(44,'222901'),
(47,'222921'),
(47,'222931'),
(48,'222940'),
(43,'222956'),
(45,'222974'),
(43,'222990'),
(45,'223000'),
(42,'223011'),
(41,'223030'),
(47,'223033'),
(44,'223076'),
(39,'223086'),
(47,'223111'),
(49,'223122'),
(45,'223140'),
(40,'223167'),
(43,'223198'),
(40,'223199'),
(45,'223205'),
(43,'223228'),
(43,'223257'),
(48,'223276'),
(48,'223282'),
(48,'223297'),
(46,'223299'),
(40,'223309'),
(46,'223327'),
(45,'223347'),
(48,'223355'),
(46,'223376'),
(47,'223388'),
(44,'223447'),
(41,'223480'),
(48,'223506'),
(42,'223574'),
(41,'223579'),
(39,'223582'),
(43,'223652'),
(39,'223684'),
(42,'223711'),
(42,'223768'),
(42,'223787'),
(41,'223829'),
(40,'223848'),
(43,'223869'),
(45,'223888'),
(42,'223920'),
(48,'223938'),
(44,'223966'),
(47,'223972'),
(41,'223985'),
(40,'224007'),
(39,'224017'),
(45,'224030'),
(46,'224034'),
(41,'224036'),
(42,'224090'),
(49,'224106'),
(45,'224126'),
(49,'224235'),
(40,'224239'),
(47,'224258'),
(42,'224269'),
(39,'224275'),
(44,'224294'),
(45,'224354'),
(40,'224388'),
(44,'224391'),
(48,'224399'),
(39,'224407'),
(46,'224437'),
(46,'224438'),
(46,'224458'),
(41,'224475'),
(41,'224492'),
(39,'224576'),
(39,'224580'),
(48,'224636'),
(43,'224646'),
(49,'224655'),
(45,'224681'),
(49,'224717'),
(48,'224722'),
(39,'224740'),
(39,'224790'),
(42,'224836'),
(45,'224874'),
(40,'224893'),
(41,'224924'),
(40,'224951'),
(48,'224964'),
(40,'225049'),
(39,'225054'),
(46,'225108'),
(49,'225128'),
(44,'225167'),
(39,'225183'),
(41,'225188'),
(47,'225210'),
(40,'225246'),
(43,'225254'),
(48,'225259'),
(47,'225261'),
(47,'225271'),
(45,'225279'),
(42,'225292'),
(42,'225306'),
(43,'225313'),
(42,'225370'),
(44,'225438'),
(47,'225447'),
(45,'225450'),
(41,'225491'),
(46,'225498'),
(45,'225568'),
(47,'225584'),
(42,'225594'),
(41,'225610'),
(49,'225618'),
(47,'225630'),
(49,'225637'),
(40,'225638'),
(39,'225699'),
(48,'225700'),
(41,'225730'),
(44,'225748'),
(46,'225816'),
(41,'225827'),
(45,'225837'),
(46,'225852'),
(44,'225871'),
(44,'225893'),
(43,'225913'),
(43,'226038'),
(49,'226068'),
(40,'226090'),
(45,'226091'),
(49,'226101'),
(46,'226107'),
(44,'226176'),
(41,'226177'),
(48,'226193'),
(39,'226213'),
(46,'226226'),
(42,'226248'),
(44,'226269'),
(45,'226323'),
(49,'226326'),
(48,'226344'),
(40,'226363'),
(44,'226421'),
(41,'226438'),
(45,'226457'),
(41,'226460'),
(45,'226485'),
(49,'226497'),
(44,'226504'),
(49,'226513'),
(47,'226526'),
(39,'226535'),
(41,'226549'),
(45,'226556'),
(41,'226593'),
(47,'226614'),
(45,'226637'),
(45,'226661'),
(47,'226676'),
(40,'226733'),
(42,'226747'),
(42,'226754'),
(41,'226759'),
(45,'226761'),
(43,'226794'),
(43,'226802'),
(44,'226816'),
(49,'226838'),
(49,'226875'),
(46,'226886'),
(43,'226896'),
(48,'226909'),
(44,'226931'),
(39,'226950'),
(39,'226959'),
(40,'226980'),
(49,'226984'),
(49,'226999'),
(49,'227013'),
(42,'227027'),
(46,'227028'),
(43,'227051'),
(43,'227070'),
(43,'227116'),
(47,'227132'),
(42,'227150'),
(44,'227186'),
(44,'227206'),
(49,'227207'),
(42,'227212'),
(47,'227217'),
(46,'227221'),
(47,'227258'),
(47,'227274'),
(49,'227286'),
(48,'227294'),
(41,'227295'),
(46,'227317'),
(45,'227321'),
(44,'227388'),
(45,'227414'),
(44,'227445'),
(45,'227483'),
(39,'227507'),
(42,'227549'),
(41,'227569'),
(48,'227592'),
(43,'227599'),
(42,'227629'),
(45,'227652'),
(45,'227671'),
(48,'227680'),
(39,'227697'),
(48,'227700'),
(40,'227721'),
(43,'227725'),
(49,'227826'),
(40,'227859'),
(42,'227876'),
(42,'227914'),
(40,'227953'),
(41,'228029'),
(49,'228066'),
(47,'228132'),
(43,'228140'),
(41,'228237'),
(39,'228266'),
(41,'228284'),
(47,'228306'),
(46,'228316'),
(42,'228362'),
(41,'228398'),
(45,'228433'),
(41,'228462'),
(43,'228541'),
(48,'228560'),
(39,'228584'),
(40,'228589'),
(45,'228604'),
(45,'228621'),
(41,'228665'),
(47,'228670'),
(43,'228690'),
(40,'228691'),
(43,'228719'),
(40,'228732'),
(45,'228742'),
(46,'228751'),
(41,'228784'),
(44,'228828'),
(47,'228853'),
(48,'228872'),
(42,'228903'),
(49,'228941'),
(39,'228947'),
(49,'228970'),
(39,'229048'),
(47,'229056'),
(49,'229123'),
(42,'229134'),
(39,'229167'),
(42,'229170'),
(47,'229184'),
(49,'229188'),
(47,'229198'),
(44,'229237'),
(46,'229294'),
(42,'229308'),
(46,'229323'),
(43,'229335'),
(39,'229345'),
(44,'229357'),
(41,'229370'),
(43,'229374'),
(44,'229392'),
(47,'229394'),
(48,'229411'),
(46,'229445'),
(46,'229464'),
(49,'229483'),
(49,'229501'),
(47,'229533'),
(41,'229549'),
(49,'229561'),
(43,'229578'),
(49,'229596'),
(41,'229655'),
(49,'229671'),
(47,'229702'),
(46,'229721'),
(41,'229740'),
(44,'229751'),
(44,'229780'),
(49,'229799'),
(40,'229818'),
(49,'229840'),
(44,'229844'),
(42,'229867'),
(40,'229880'),
(49,'229893'),
(41,'229901'),
(44,'229946'),
(42,'229961'),
(46,'229975'),
(46,'230019'),
(44,'230025'),
(42,'230036'),
(39,'230048'),
(46,'230063'),
(46,'230097'),
(46,'230102'),
(39,'230122'),
(42,'230135'),
(49,'230138'),
(39,'230211'),
(47,'230255'),
(40,'230289'),
(40,'230340'),
(40,'230417'),
(40,'230445'),
(43,'230458'),
(49,'230519'),
(49,'230538'),
(49,'230557'),
(46,'230567'),
(42,'230658'),
(44,'230685'),
(47,'230694'),
(43,'230731'),
(40,'230751'),
(41,'230795'),
(45,'230859'),
(39,'230879'),
(46,'230909'),
(43,'230922'),
(39,'230967'),
(48,'230996'),
(45,'231033'),
(39,'231070'),
(48,'231075'),
(41,'231082'),
(42,'231093'),
(48,'231166'),
(44,'231246'),
(43,'231254'),
(46,'231290'),
(48,'231294'),
(40,'231299'),
(39,'231306'),
(47,'231320'),
(46,'231335'),
(41,'231362'),
(43,'231369'),
(42,'231395'),
(49,'231414'),
(39,'231451'),
(48,'231459'),
(41,'231487'),
(45,'231526'),
(45,'231546'),
(44,'231593'),
(39,'231638'),
(45,'231658'),
(46,'231677'),
(48,'231690'),
(39,'231702'),
(45,'231703'),
(49,'231713'),
(45,'231723'),
(47,'231728'),
(41,'231745'),
(40,'231748'),
(40,'231782'),
(47,'231822'),
(48,'231889'),
(49,'231981'),
(46,'231989'),
(40,'231996'),
(43,'232073'),
(48,'232091'),
(49,'232110'),
(49,'232232'),
(41,'232240'),
(40,'232263'),
(42,'232284'),
(46,'232298'),
(40,'232307'),
(43,'232322'),
(45,'232339'),
(44,'232353'),
(47,'232355'),
(44,'232372'),
(41,'232402'),
(41,'232440'),
(45,'232466'),
(40,'232488'),
(39,'232511'),
(44,'232513'),
(42,'232523'),
(44,'232572'),
(44,'232586'),
(39,'232599'),
(46,'232611'),
(49,'232635'),
(40,'232646'),
(48,'232652'),
(48,'232679'),
(43,'232680'),
(39,'232701'),
(45,'232719'),
(39,'232725'),
(43,'232745'),
(43,'232762'),
(48,'232767'),
(48,'232773'),
(43,'232803'),
(39,'232807'),
(45,'232856'),
(45,'232884'),
(40,'232893'),
(45,'232895'),
(39,'232917'),
(48,'232927'),
(40,'232945'),
(39,'233004'),
(40,'233024'),
(45,'233054'),
(43,'233067'),
(40,'233077'),
(43,'233112'),
(45,'233115'),
(41,'233121'),
(44,'233127'),
(48,'233170'),
(46,'233200'),
(42,'233238'),
(48,'233251'),
(41,'233275'),
(47,'233299'),
(42,'233356'),
(45,'233376'),
(42,'233428'),
(42,'233442'),
(41,'233460'),
(43,'233547'),
(44,'233573'),
(42,'233637'),
(40,'233640'),
(40,'233664'),
(49,'233704'),
(45,'233733'),
(46,'233751'),
(46,'233767'),
(45,'233798'),
(41,'233810'),
(42,'233829'),
(46,'233868'),
(46,'233880'),
(41,'233894'),
(42,'233902'),
(44,'233939'),
(39,'233941'),
(49,'233985'),
(44,'234016'),
(47,'234052'),
(48,'234053'),
(41,'234117'),
(39,'234133'),
(42,'234137'),
(41,'234167'),
(46,'234191'),
(47,'234238'),
(48,'234284'),
(46,'234300'),
(39,'234352'),
(41,'234385'),
(46,'234400'),
(47,'234403'),
(41,'234430'),
(44,'234436'),
(47,'234445'),
(42,'234452'),
(45,'234462'),
(47,'234495'),
(42,'234503'),
(48,'234553'),
(48,'234579'),
(40,'234596'),
(48,'234618'),
(39,'234638'),
(39,'234662'),
(47,'234694'),
(49,'234730'),
(48,'234736'),
(41,'234756'),
(45,'234770'),
(46,'234779'),
(47,'234786'),
(40,'234796'),
(45,'234819'),
(44,'234833'),
(39,'234923'),
(46,'234943'),
(39,'234978'),
(43,'234986'),
(45,'235020'),
(48,'235022'),
(40,'235038'),
(41,'235074'),
(43,'235108'),
(42,'235151'),
(42,'235164'),
(40,'235182'),
(44,'235195'),
(47,'235198'),
(47,'235225'),
(49,'235238'),
(40,'235262'),
(49,'235281'),
(45,'235300'),
(48,'235315'),
(47,'235335'),
(48,'235396'),
(43,'235411'),
(49,'235451'),
(43,'235489'),
(48,'235505'),
(40,'235564'),
(39,'235567'),
(43,'235615'),
(43,'235690'),
(39,'235739'),
(44,'235753'),
(46,'235761'),
(39,'235778'),
(44,'235826'),
(48,'235833'),
(48,'235852'),
(48,'235873'),
(43,'235883'),
(43,'235898'),
(45,'235913'),
(44,'235954'),
(44,'235971'),
(48,'235983'),
(41,'236010'),
(44,'236074'),
(39,'236088'),
(40,'236118'),
(39,'236167'),
(49,'236174'),
(44,'236191'),
(49,'236210'),
(46,'236225'),
(45,'236226'),
(43,'236240'),
(43,'236250'),
(45,'236267'),
(43,'236358'),
(44,'236378'),
(48,'236385'),
(47,'236410'),
(46,'236453'),
(45,'236457'),
(48,'236476'),
(49,'236563'),
(47,'236584'),
(40,'236588'),
(39,'236647'),
(47,'236654'),
(40,'236671'),
(49,'236742'),
(41,'236780'),
(40,'236801'),
(43,'236879'),
(47,'236894'),
(48,'236895'),
(43,'236896'),
(48,'236916'),
(41,'236942'),
(47,'236985'),
(41,'237003'),
(49,'237004'),
(47,'237035'),
(42,'237056'),
(40,'237075'),
(48,'237097'),
(43,'237103'),
(49,'237107'),
(47,'237125'),
(39,'237141'),
(46,'237155'),
(42,'237203'),
(44,'237229'),
(44,'237233'),
(41,'237236'),
(46,'237240'),
(45,'237272'),
(44,'237338'),
(39,'237357'),
(48,'237371'),
(39,'237379'),
(48,'237383'),
(41,'237409'),
(47,'237431'),
(46,'237442'),
(48,'237460'),
(41,'237480'),
(45,'237485'),
(45,'237531'),
(49,'237552'),
(48,'237568'),
(43,'237580'),
(47,'237588'),
(46,'237589'),
(46,'237604'),
(41,'237614'),
(49,'237620'),
(48,'237632'),
(48,'237703'),
(47,'237706'),
(47,'237720'),
(44,'237740'),
(47,'237781'),
(48,'237807'),
(47,'237820'),
(48,'237833'),
(41,'237849'),
(44,'237884'),
(45,'237909'),
(39,'237945'),
(42,'237972'),
(43,'237989'),
(47,'238019'),
(45,'238026'),
(39,'238054'),
(48,'238062'),
(43,'238081'),
(40,'238087'),
(46,'238120'),
(48,'238149'),
(40,'238164'),
(44,'238171'),
(45,'238172'),
(40,'238200'),
(47,'238273'),
(49,'238298'),
(43,'238314'),
(40,'238348'),
(40,'238366'),
(46,'238386'),
(43,'238397'),
(46,'238444'),
(41,'238471'),
(44,'238494'),
(47,'238549'),
(45,'238577'),
(48,'238612'),
(41,'238679'),
(45,'238693'),
(42,'238698'),
(42,'238704'),
(43,'238722'),
(49,'238735'),
(40,'238744'),
(42,'238767'),
(45,'238802'),
(47,'238807'),
(42,'238873'),
(44,'238900'),
(40,'238909'),
(39,'238921'),
(39,'238975'),
(43,'239010'),
(40,'239020'),
(40,'239061'),
(41,'239082'),
(40,'239167'),
(44,'239168'),
(43,'239176'),
(44,'239195'),
(39,'239198'),
(45,'239199'),
(43,'239203'),
(45,'239264'),
(39,'239268'),
(44,'239314'),
(45,'239317'),
(47,'239381'),
(40,'239389'),
(41,'239392'),
(41,'239435'),
(44,'239443'),
(44,'239447'),
(42,'239476'),
(49,'239479'),
(45,'239511'),
(42,'239545'),
(49,'239614'),
(45,'239632'),
(43,'239634'),
(43,'239644'),
(41,'239647'),
(43,'239665'),
(44,'239681'),
(46,'239700'),
(40,'239745'),
(46,'239764'),
(49,'239766'),
(40,'239786'),
(44,'239800'),
(43,'239823'),
(49,'239834'),
(39,'239841'),
(44,'239869'),
(44,'239902'),
(47,'239920'),
(47,'239945'),
(49,'239950'),
(39,'239955'),
(42,'239973'),
(46,'239982'),
(49,'239993'),
(47,'240011'),
(42,'240027'),
(42,'240035'),
(39,'240050'),
(45,'240062'),
(49,'240083'),
(39,'240116'),
(49,'240120'),
(49,'240129'),
(41,'240158'),
(42,'240203'),
(44,'240215'),
(41,'240219'),
(45,'240222'),
(40,'240241'),
(44,'240249'),
(41,'240253'),
(42,'240324'),
(45,'240343'),
(41,'240360'),
(48,'240369'),
(48,'240371'),
(44,'240383'),
(47,'240403'),
(42,'240416'),
(43,'240426'),
(42,'240492'),
(48,'240547'),
(44,'240606'),
(47,'240657'),
(45,'240682'),
(44,'240693'),
(44,'240729'),
(41,'240766'),
(46,'240770'),
(40,'240809'),
(45,'240815'),
(49,'240827'),
(46,'240843'),
(40,'240883'),
(41,'240902'),
(42,'240913'),
(46,'240940'),
(42,'240944'),
(39,'241009'),
(44,'241033'),
(45,'241039'),
(48,'241060'),
(45,'241084'),
(39,'241096'),
(40,'241119'),
(46,'241158'),
(49,'241174'),
(42,'241234'),
(40,'241248'),
(48,'241256'),
(45,'241262'),
(47,'241283'),
(45,'241325'),
(42,'241380'),
(43,'241403'),
(47,'241408'),
(41,'241413'),
(49,'241429'),
(49,'241463'),
(41,'241491'),
(44,'241502'),
(39,'241504'),
(39,'241528'),
(48,'241556'),
(47,'241565'),
(44,'241613'),
(39,'241620'),
(48,'241648'),
(40,'241711'),
(48,'241728'),
(39,'241746'),
(49,'241777'),
(39,'241779'),
(43,'241791'),
(41,'241811'),
(46,'241814'),
(48,'241831'),
(48,'241832'),
(47,'241842'),
(46,'241870'),
(42,'241886'),
(44,'241915'),
(42,'241933'),
(43,'241949'),
(44,'241982'),
(49,'242004'),
(39,'242014'),
(42,'242085'),
(45,'242123'),
(44,'242155'),
(41,'242165'),
(41,'242193'),
(48,'242203'),
(43,'242219'),
(39,'242234'),
(41,'242254'),
(43,'242283'),
(48,'242337'),
(48,'242366'),
(41,'242376'),
(41,'242398'),
(44,'242407'),
(43,'242424'),
(40,'242433'),
(41,'242435'),
(44,'242443'),
(41,'242463'),
(49,'242477'),
(48,'242495'),
(40,'242497'),
(47,'242503'),
(39,'242506'),
(42,'242529'),
(43,'242550'),
(42,'242595'),
(42,'242622'),
(41,'242675'),
(44,'242695'),
(49,'242712'),
(42,'242758'),
(41,'242772'),
(49,'242797'),
(44,'242810'),
(44,'242841'),
(46,'242857'),
(45,'242918'),
(43,'242936'),
(42,'243009'),
(41,'243012'),
(48,'243032'),
(48,'243050'),
(43,'243077'),
(48,'243093'),
(43,'243095'),
(39,'243109'),
(43,'243128'),
(40,'243137'),
(47,'243188'),
(41,'243220'),
(40,'243223'),
(42,'243229'),
(41,'243322'),
(41,'243345'),
(46,'243362'),
(42,'243384'),
(43,'243406'),
(47,'243458'),
(41,'243474'),
(45,'243492'),
(45,'243516'),
(49,'243532'),
(42,'243541'),
(47,'243550'),
(43,'243560'),
(46,'243584'),
(40,'243597'),
(43,'243611'),
(45,'243666'),
(39,'243694'),
(45,'243811'),
(41,'243817'),
(43,'243834'),
(49,'243867'),
(47,'243873'),
(42,'243878'),
(44,'243891'),
(49,'243907'),
(39,'243938'),
(48,'243955'),
(40,'243967'),
(43,'243988'),
(44,'244007'),
(41,'244031'),
(48,'244050'),
(46,'244081'),
(39,'244104'),
(45,'244122'),
(47,'244158'),
(40,'244186'),
(45,'244203'),
(49,'244245'),
(40,'244312'),
(40,'244324'),
(45,'244344'),
(49,'244370'),
(45,'244390'),
(46,'244405'),
(41,'244436'),
(48,'244441'),
(43,'244463'),
(46,'244495'),
(43,'244506'),
(41,'244516'),
(41,'244546'),
(42,'244557'),
(42,'244606'),
(49,'244626'),
(47,'244672'),
(39,'244677'),
(40,'244707'),
(49,'244758'),
(43,'244782'),
(48,'244786'),
(44,'244790'),
(47,'244824'),
(42,'244834'),
(42,'244853'),
(45,'244911'),
(43,'244915'),
(42,'244923'),
(39,'244937'),
(45,'244999'),
(44,'245028'),
(48,'245045'),
(42,'245082'),
(40,'245113'),
(39,'245178'),
(49,'245204'),
(41,'245260'),
(39,'245274'),
(46,'245295'),
(47,'245336'),
(45,'245351'),
(41,'245372'),
(41,'245381'),
(40,'245387'),
(41,'245407'),
(40,'245408'),
(43,'245421'),
(41,'245434'),
(45,'245450'),
(44,'245452'),
(44,'245529'),
(49,'245542'),
(42,'245547'),
(48,'245559'),
(49,'245572'),
(42,'245623'),
(42,'245641'),
(46,'245702'),
(43,'245748'),
(45,'245755'),
(40,'245803'),
(44,'245818'),
(41,'245840'),
(48,'245861'),
(44,'245933'),
(45,'245937'),
(45,'245955'),
(40,'245975'),
(45,'246002'),
(47,'246054'),
(49,'246059'),
(47,'246077'),
(41,'246102'),
(48,'246113'),
(41,'246154'),
(42,'246188'),
(42,'246227'),
(46,'246245'),
(45,'246255'),
(39,'246273'),
(46,'246282'),
(47,'246286'),
(49,'246292'),
(46,'246317'),
(45,'246336'),
(40,'246339'),
(47,'246393'),
(40,'246402'),
(45,'246411'),
(41,'246431'),
(45,'246449'),
(47,'246469'),
(48,'246483'),
(49,'246504'),
(41,'246512'),
(46,'246523'),
(44,'246528'),
(44,'246545'),
(47,'246558'),
(41,'246580'),
(42,'246594'),
(41,'246610'),
(49,'246645'),
(49,'246729'),
(48,'246742'),
(47,'246753'),
(39,'246760'),
(45,'246781'),
(47,'246797'),
(45,'246826'),
(45,'246828'),
(45,'246829'),
(43,'246853'),
(44,'246859'),
(47,'246868'),
(39,'246872'),
(41,'246911'),
(47,'246922'),
(47,'246937'),
(43,'246964'),
(44,'246976'),
(44,'247055'),
(47,'247086'),
(47,'247106'),
(48,'247158'),
(40,'247177'),
(44,'247217'),
(42,'247263'),
(42,'247269'),
(42,'247280'),
(44,'247297'),
(47,'247314'),
(46,'247328'),
(39,'247343'),
(40,'247379'),
(39,'247384'),
(47,'247450'),
(44,'247454'),
(45,'247521'),
(49,'247539'),
(44,'247573'),
(40,'247586'),
(46,'247620'),
(41,'247639'),
(41,'247657'),
(47,'247658'),
(46,'247675'),
(46,'247729'),
(39,'247732'),
(40,'247741'),
(39,'247786'),
(49,'247792'),
(39,'247838'),
(43,'247851'),
(44,'247874'),
(41,'247894'),
(43,'247897'),
(46,'247900'),
(42,'247920'),
(41,'247954'),
(46,'247969'),
(39,'248060'),
(40,'248093'),
(45,'248127'),
(39,'248144'),
(47,'248149'),
(40,'248160'),
(48,'248167'),
(47,'248186'),
(47,'248205'),
(44,'248233'),
(47,'248266'),
(42,'248283'),
(39,'248291'),
(47,'248322'),
(39,'248330'),
(47,'248340'),
(39,'248365'),
(39,'248399'),
(41,'248422'),
(44,'248441'),
(47,'248453'),
(46,'248467'),
(49,'248485'),
(47,'248489'),
(48,'248509'),
(40,'248550'),
(47,'248577'),
(42,'248581'),
(41,'248606'),
(46,'248612'),
(49,'248640'),
(45,'248655'),
(48,'248662'),
(41,'248678'),
(47,'248687'),
(43,'248720'),
(47,'248722'),
(39,'248743'),
(44,'248758'),
(42,'248769'),
(43,'248794'),
(48,'248812'),
(45,'248871'),
(45,'248886'),
(47,'248899'),
(46,'248961'),
(43,'248974'),
(39,'248996'),
(46,'249033'),
(47,'249040'),
(43,'249045'),
(46,'249091'),
(42,'249096'),
(46,'249099'),
(47,'249118'),
(42,'249120'),
(49,'249122'),
(40,'249125'),
(47,'249129'),
(41,'249145'),
(43,'249156'),
(46,'249163'),
(49,'249181'),
(42,'249210'),
(45,'249213'),
(46,'249233'),
(41,'249243'),
(47,'249246'),
(43,'249259'),
(42,'249275'),
(42,'249293'),
(42,'249308'),
(47,'249341'),
(40,'249356'),
(41,'249375'),
(42,'249393'),
(48,'249410'),
(41,'249434'),
(48,'249460'),
(42,'249479'),
(46,'249491'),
(43,'249508'),
(39,'249524'),
(44,'249528'),
(40,'249602'),
(47,'249650'),
(46,'249660'),
(41,'249678'),
(45,'249694'),
(44,'249711'),
(49,'249756'),
(49,'249788'),
(47,'249799'),
(42,'249821'),
(40,'249845'),
(40,'249860'),
(47,'249878'),
(48,'249891'),
(49,'249922'),
(49,'249961'),
(46,'249986'),
(39,'250005'),
(43,'250051'),
(46,'250095'),
(43,'250132'),
(39,'250133'),
(42,'250144'),
(44,'250148'),
(47,'250159'),
(41,'250192'),
(45,'250198'),
(47,'250237'),
(49,'250248'),
(47,'250275'),
(48,'250281'),
(49,'250300'),
(45,'250348'),
(40,'250351'),
(45,'250370'),
(41,'250390'),
(48,'250408'),
(48,'250426'),
(49,'250437'),
(39,'250455'),
(42,'250469'),
(43,'250477'),
(42,'250513'),
(39,'250545'),
(47,'250565'),
(42,'250571'),
(44,'250586'),
(43,'250638'),
(49,'250668'),
(42,'250687'),
(49,'250688'),
(40,'250706'),
(43,'250708'),
(43,'250727'),
(49,'250744'),
(45,'250852'),
(41,'250871'),
(46,'250876'),
(41,'250891'),
(42,'250895'),
(39,'250900'),
(43,'250909'),
(46,'250942'),
(46,'250975'),
(44,'251012'),
(41,'251021'),
(46,'251038'),
(42,'251054'),
(39,'251064'),
(44,'251081'),
(42,'251097'),
(39,'251122'),
(41,'251127'),
(47,'251189'),
(40,'251230'),
(39,'251238'),
(49,'251242'),
(39,'251272'),
(42,'251290'),
(41,'251319'),
(46,'251325'),
(40,'251388'),
(41,'251401'),
(41,'251439'),
(42,'251458'),
(44,'251488'),
(46,'251495'),
(39,'251513'),
(42,'251529'),
(46,'251563'),
(39,'251582'),
(39,'251602'),
(48,'251648'),
(46,'251673'),
(48,'251681'),
(49,'251717'),
(41,'251743'),
(48,'251778'),
(43,'251831'),
(39,'251849'),
(48,'251857'),
(42,'251884'),
(48,'251895'),
(43,'251960'),
(40,'251980'),
(47,'251981'),
(48,'252175'),
(40,'252255'),
(45,'252274'),
(40,'252316'),
(48,'252319'),
(42,'252342'),
(40,'252358'),
(49,'252387'),
(43,'252400'),
(42,'252434'),
(44,'252453'),
(40,'252461'),
(47,'252482'),
(41,'252505'),
(47,'252627'),
(49,'252658'),
(48,'252724'),
(45,'252727'),
(45,'252767'),
(42,'252799'),
(42,'252814'),
(49,'252844'),
(47,'252846'),
(46,'252872'),
(49,'252918'),
(45,'252938'),
(47,'252956'),
(46,'253018'),
(46,'253022'),
(47,'253039'),
(44,'253063'),
(48,'253095'),
(43,'253122'),
(48,'253150'),
(39,'253177'),
(44,'253187'),
(41,'253203'),
(43,'253220'),
(42,'253236'),
(47,'253245'),
(46,'253261'),
(39,'253274'),
(41,'253346'),
(49,'253359'),
(49,'253407'),
(48,'253422'),
(43,'253439'),
(43,'253454'),
(46,'253482'),
(39,'253508'),
(40,'253525'),
(40,'253560'),
(46,'253578'),
(48,'253580'),
(48,'253624'),
(45,'253626'),
(44,'253691'),
(46,'253706'),
(42,'253719'),
(47,'253735'),
(43,'253745'),
(47,'253754'),
(40,'253764'),
(47,'253828'),
(44,'253868'),
(46,'253893'),
(41,'253896'),
(48,'254033'),
(43,'254062'),
(42,'254100'),
(42,'254129'),
(44,'254143'),
(43,'254180'),
(47,'254197'),
(39,'254206'),
(40,'254254'),
(44,'254273'),
(40,'254298'),
(48,'254332'),
(47,'254335'),
(43,'254338'),
(48,'254355'),
(47,'254417'),
(47,'254437'),
(42,'254466'),
(44,'254485'),
(40,'254513'),
(44,'254531'),
(46,'254534'),
(40,'254545'),
(47,'254562'),
(42,'254608'),
(39,'254613'),
(42,'254616'),
(40,'254638'),
(49,'254650'),
(43,'254679'),
(42,'254695'),
(45,'254697'),
(49,'254732'),
(48,'254740'),
(40,'254758'),
(44,'254784'),
(46,'254791'),
(41,'254852'),
(46,'254872'),
(43,'254889'),
(47,'254933'),
(49,'254949'),
(40,'254957'),
(39,'254976'),
(43,'254979'),
(46,'254998'),
(45,'255028'),
(47,'255031'),
(46,'255039'),
(40,'255080'),
(48,'255107'),
(40,'255124'),
(49,'255176'),
(48,'255202'),
(43,'255219'),
(47,'255229'),
(45,'255289'),
(46,'255309'),
(40,'255321'),
(45,'255333'),
(47,'255355'),
(45,'255365'),
(49,'255388'),
(47,'255396'),
(39,'255412'),
(43,'255476'),
(40,'255496'),
(46,'255509'),
(42,'255551'),
(40,'255554'),
(44,'255586'),
(43,'255603'),
(47,'255604'),
(45,'255610'),
(46,'255672'),
(48,'255728'),
(47,'255746'),
(39,'255793'),
(39,'255799'),
(42,'255845'),
(48,'255860'),
(44,'255879'),
(49,'255900'),
(45,'255905'),
(47,'255908'),
(45,'255916'),
(42,'255959'),
(43,'255999'),
(47,'256011'),
(43,'256033'),
(42,'256082'),
(42,'256106'),
(43,'256129'),
(44,'256162'),
(41,'256166'),
(45,'256176'),
(40,'256184'),
(42,'256203'),
(44,'256262'),
(40,'256278'),
(40,'256293'),
(47,'256298'),
(48,'256322'),
(43,'256389'),
(48,'256395'),
(41,'256431'),
(40,'256435'),
(47,'256482'),
(41,'256500'),
(43,'256534'),
(48,'256550'),
(43,'256573'),
(45,'256588'),
(44,'256592'),
(45,'256612'),
(46,'256642'),
(47,'256655'),
(41,'256671'),
(40,'256687'),
(42,'256696'),
(47,'256713'),
(46,'256722'),
(49,'256764'),
(44,'256765'),
(49,'256822'),
(40,'256826'),
(44,'256845'),
(43,'256885'),
(44,'256901'),
(46,'256977'),
(40,'256995'),
(40,'257018'),
(48,'257026'),
(39,'257056'),
(44,'257074'),
(41,'257149'),
(47,'257235'),
(39,'257261'),
(42,'257275'),
(49,'257307'),
(41,'257324'),
(43,'257338'),
(48,'257346'),
(46,'257347'),
(40,'257370'),
(44,'257387'),
(48,'257485'),
(40,'257510'),
(47,'257536'),
(47,'257577'),
(42,'257602'),
(49,'257647'),
(47,'257658'),
(44,'257666'),
(46,'257684'),
(41,'257715'),
(39,'257752'),
(44,'257808'),
(47,'257818'),
(45,'257824'),
(44,'257876'),
(45,'257946'),
(40,'257954'),
(49,'257967'),
(48,'257991'),
(42,'258048'),
(42,'258058'),
(40,'258101'),
(40,'258125'),
(49,'258144'),
(47,'258193'),
(39,'258250'),
(40,'258301'),
(39,'258317'),
(40,'258337'),
(41,'258343'),
(47,'258372'),
(46,'258374'),
(45,'258378'),
(47,'258393'),
(40,'258397'),
(41,'258439'),
(47,'258455'),
(48,'258475'),
(41,'258482'),
(48,'258492'),
(39,'258508'),
(47,'258537'),
(40,'258548'),
(48,'258557'),
(42,'258577'),
(40,'258590'),
(47,'258609'),
(43,'258615'),
(45,'258625'),
(48,'258632'),
(46,'258638'),
(46,'258654'),
(48,'258689'),
(44,'258709'),
(43,'258729'),
(41,'258745'),
(47,'258748'),
(44,'258768'),
(39,'258770'),
(48,'258787'),
(47,'258820'),
(40,'258831'),
(41,'258846'),
(49,'258874'),
(42,'258877'),
(45,'258886'),
(48,'258904'),
(39,'258906'),
(44,'258912'),
(39,'258947'),
(42,'258979'),
(42,'259026'),
(47,'259052'),
(44,'259104'),
(47,'259107'),
(44,'259123'),
(42,'259128'),
(45,'259145'),
(39,'259153'),
(48,'259172'),
(47,'259205'),
(48,'259206'),
(46,'259209'),
(45,'259224'),
(41,'259266'),
(39,'259291'),
(44,'259305'),
(49,'259323'),
(49,'259334'),
(45,'259347'),
(41,'259404'),
(39,'259405'),
(39,'259508'),
(40,'259520'),
(49,'259534'),
(43,'259562'),
(48,'259576'),
(46,'259585'),
(45,'259602'),
(48,'259643'),
(49,'259672'),
(42,'259679'),
(45,'259687'),
(40,'259713'),
(42,'259760'),
(40,'259761'),
(40,'259772'),
(46,'259826'),
(43,'259878'),
(48,'259895'),
(49,'259909'),
(49,'259915'),
(47,'259935'),
(39,'259986'),
(44,'260003'),
(47,'260027'),
(48,'260047'),
(47,'260057'),
(45,'260087'),
(43,'260098'),
(43,'260117'),
(40,'260137'),
(40,'260153'),
(41,'260216'),
(47,'260268'),
(39,'260272'),
(43,'260276'),
(46,'260293'),
(48,'260321'),
(41,'260333'),
(48,'260346'),
(40,'260365'),
(42,'260423'),
(48,'260429'),
(41,'260441'),
(43,'260471'),
(40,'260495'),
(39,'260562'),
(49,'260604'),
(41,'260613'),
(48,'260626'),
(41,'260664'),
(39,'260675'),
(41,'260693'),
(46,'260730'),
(42,'260769'),
(45,'260810'),
(49,'260829'),
(43,'260842'),
(43,'260852'),
(41,'260869'),
(40,'260902'),
(47,'260920'),
(41,'260958'),
(44,'260965'),
(42,'260985'),
(39,'261039'),
(41,'261044'),
(44,'261084'),
(48,'261093'),
(47,'261112'),
(41,'261132'),
(49,'261184'),
(42,'261200'),
(49,'261201'),
(49,'261206'),
(40,'261225'),
(41,'261236'),
(48,'261237'),
(48,'261261'),
(48,'261272'),
(47,'261289'),
(42,'261301'),
(40,'261336'),
(45,'261361'),
(45,'261410'),
(40,'261414'),
(44,'261456'),
(43,'261473'),
(45,'261492'),
(44,'261517'),
(45,'261520'),
(39,'261549'),
(45,'261581'),
(40,'261587'),
(39,'261612'),
(48,'261629'),
(49,'261647'),
(46,'261678'),
(41,'261682'),
(43,'261731'),
(49,'261736'),
(48,'261753'),
(39,'261781'),
(39,'261806'),
(41,'261822'),
(39,'261841'),
(42,'261849'),
(42,'261858'),
(46,'261888'),
(48,'261913'),
(41,'261920'),
(48,'261950'),
(40,'261964'),
(45,'261984'),
(49,'261997'),
(40,'262005'),
(42,'262074'),
(47,'262099'),
(42,'262103'),
(42,'262118'),
(42,'262125'),
(45,'262143'),
(45,'262163'),
(48,'262164'),
(43,'262191'),
(44,'262211'),
(46,'262241'),
(40,'262266'),
(45,'262302'),
(39,'262348'),
(49,'262358'),
(49,'262382'),
(41,'262393'),
(42,'262406'),
(44,'262441'),
(48,'262468'),
(44,'262493'),
(48,'262512'),
(48,'262522'),
(46,'262541'),
(42,'262553'),
(43,'262571'),
(44,'262613'),
(46,'262631'),
(45,'262649'),
(45,'262668'),
(47,'262672'),
(40,'262680'),
(40,'262697'),
(45,'262725'),
(44,'262758'),
(39,'262766'),
(40,'262778'),
(45,'262838'),
(49,'262876'),
(41,'262881'),
(49,'262899'),
(49,'262933'),
(45,'262949'),
(46,'262972'),
(39,'262973'),
(40,'262997'),
(44,'263002'),
(45,'263040'),
(46,'263060'),
(47,'263110'),
(49,'263122'),
(44,'263167'),
(40,'263210'),
(43,'263213'),
(44,'263225'),
(48,'263230'),
(43,'263239'),
(40,'263256'),
(41,'263261'),
(45,'263271'),
(47,'263291'),
(49,'263369'),
(39,'263424'),
(39,'263437'),
(40,'263441'),
(40,'263477'),
(48,'263504'),
(47,'263513'),
(46,'263531'),
(39,'263567'),
(48,'263599'),
(43,'263632'),
(49,'263671'),
(48,'263673'),
(44,'263676'),
(47,'263697'),
(41,'263719'),
(47,'263762'),
(44,'263808'),
(39,'263830'),
(41,'263852'),
(48,'263894'),
(42,'263978'),
(49,'264016'),
(43,'264034'),
(44,'264066'),
(49,'264077'),
(48,'264092'),
(49,'264095'),
(44,'264111'),
(39,'264120'),
(44,'264122'),
(49,'264140'),
(49,'264151'),
(48,'264165'),
(49,'264189'),
(47,'264197'),
(43,'264231'),
(45,'264273'),
(41,'264295'),
(44,'264301'),
(45,'264316'),
(42,'264333'),
(40,'264345'),
(49,'264364'),
(47,'264410'),
(46,'264412'),
(42,'264432'),
(46,'264443'),
(39,'264444'),
(46,'264493'),
(44,'264510'),
(49,'264533'),
(49,'264555'),
(40,'264562'),
(46,'264644'),
(47,'264645'),
(41,'264662'),
(40,'264666'),
(43,'264687'),
(42,'264688'),
(43,'264690'),
(39,'264695'),
(40,'264696'),
(49,'264713'),
(49,'264714'),
(43,'264729'),
(43,'264797'),
(40,'264814'),
(40,'264847'),
(49,'264897'),
(44,'264913'),
(42,'264928'),
(39,'264945'),
(48,'264966'),
(41,'264983'),
(44,'265057'),
(42,'265075'),
(49,'265081'),
(44,'265096'),
(40,'265115'),
(46,'265140'),
(46,'265159'),
(44,'265160'),
(41,'265171'),
(49,'265184'),
(40,'265214'),
(39,'265277'),
(41,'265293'),
(45,'265312'),
(44,'265323'),
(46,'265347'),
(48,'265384'),
(40,'265385'),
(44,'265423'),
(43,'265444'),
(40,'265483'),
(43,'265492'),
(48,'265514'),
(39,'265532'),
(45,'265544'),
(40,'265554'),
(39,'265579'),
(41,'265582'),
(41,'265626'),
(47,'265641'),
(42,'265649'),
(42,'265658'),
(47,'265683'),
(44,'265761'),
(45,'265781'),
(40,'265798'),
(46,'265808'),
(43,'265822'),
(48,'265834'),
(42,'265840'),
(47,'265869'),
(46,'265890'),
(47,'265891'),
(45,'265899'),
(45,'265917'),
(39,'265954'),
(41,'265955'),
(41,'265989'),
(46,'265992'),
(45,'266015'),
(41,'266021'),
(43,'266025'),
(44,'266044'),
(45,'266062'),
(39,'266063'),
(42,'266075'),
(47,'266092'),
(49,'266179'),
(39,'266214'),
(48,'266233'),
(39,'266237'),
(43,'266252'),
(41,'266269'),
(48,'266271'),
(45,'266287'),
(42,'266310'),
(40,'266335'),
(45,'266353'),
(44,'266366'),
(48,'266392'),
(39,'266435'),
(46,'266447'),
(45,'266466'),
(48,'266481'),
(42,'266482'),
(46,'266508'),
(49,'266584'),
(47,'266599'),
(40,'266617'),
(42,'266637'),
(44,'266663'),
(46,'266677'),
(43,'266710'),
(40,'266711'),
(39,'266727'),
(39,'266748'),
(49,'266761'),
(44,'266797'),
(46,'266847'),
(46,'266856'),
(42,'266876'),
(43,'266885'),
(46,'266888'),
(43,'266905'),
(39,'266916'),
(44,'266937'),
(44,'266946'),
(48,'266980'),
(44,'266997'),
(41,'267013'),
(39,'267014'),
(44,'267031'),
(48,'267043'),
(40,'267055'),
(49,'267075'),
(41,'267092'),
(41,'267097'),
(43,'267098'),
(45,'267114'),
(44,'267136'),
(40,'267138'),
(42,'267182'),
(40,'267183'),
(46,'267205'),
(48,'267237'),
(42,'267241'),
(49,'267254'),
(42,'267281'),
(45,'267289'),
(49,'267303'),
(41,'267326'),
(42,'267328'),
(42,'267383'),
(40,'267388'),
(42,'267413'),
(44,'267428'),
(44,'267434'),
(44,'267441'),
(41,'267457'),
(41,'267467'),
(40,'267500'),
(39,'267544'),
(41,'267589'),
(42,'267607'),
(48,'267614'),
(44,'267627'),
(47,'267661'),
(42,'267745'),
(39,'267768'),
(39,'267784'),
(43,'267803'),
(48,'267822'),
(43,'267851'),
(40,'267863'),
(44,'267891'),
(47,'267910'),
(48,'267926'),
(42,'267943'),
(49,'267948'),
(39,'267966'),
(40,'267998'),
(45,'268002'),
(43,'268013'),
(47,'268035'),
(40,'268053'),
(45,'268067'),
(44,'268081'),
(45,'268096'),
(43,'268109'),
(45,'268118'),
(41,'268153'),
(43,'268173'),
(39,'268180'),
(46,'268195'),
(44,'268206'),
(44,'268221'),
(47,'268227'),
(43,'268277'),
(47,'268281'),
(48,'268282'),
(48,'268297'),
(45,'268308'),
(43,'268353'),
(43,'268357'),
(43,'268365'),
(40,'268388'),
(44,'268406'),
(43,'268423'),
(40,'268435'),
(39,'268462'),
(46,'268480'),
(47,'268493'),
(43,'268508'),
(39,'268527'),
(39,'268554'),
(46,'268591'),
(46,'268627'),
(44,'268640'),
(43,'268643'),
(42,'268653'),
(47,'268725'),
(45,'268746'),
(46,'268772'),
(47,'268781'),
(41,'268819'),
(44,'268824'),
(49,'268834'),
(43,'268841'),
(48,'268877'),
(46,'268912'),
(42,'268920'),
(43,'268923'),
(45,'268927'),
(48,'268956'),
(43,'268985'),
(45,'269011'),
(48,'269036'),
(47,'269038'),
(49,'269080'),
(46,'269118'),
(40,'269144'),
(42,'269154'),
(41,'269157'),
(46,'269210'),
(48,'269234'),
(45,'269236'),
(39,'269255'),
(44,'269288'),
(43,'269311'),
(42,'269325'),
(45,'269369'),
(46,'269384'),
(47,'269461'),
(39,'269520'),
(49,'269542'),
(42,'269553'),
(41,'269589'),
(47,'269600'),
(42,'269620'),
(44,'269636'),
(49,'269647'),
(48,'269654'),
(46,'269675'),
(40,'269689'),
(47,'269703'),
(49,'269715'),
(39,'269746'),
(46,'269823'),
(49,'269839'),
(40,'269883'),
(47,'269925'),
(43,'269928'),
(42,'269955'),
(47,'270028'),
(49,'270093'),
(43,'270102'),
(41,'270110'),
(48,'270121'),
(44,'270172'),
(42,'270186'),
(44,'270203'),
(47,'270217'),
(43,'270234'),
(39,'270246'),
(39,'270282'),
(46,'270294'),
(47,'270306'),
(45,'270368'),
(49,'270381'),
(41,'270392'),
(44,'270394'),
(49,'270404'),
(43,'270422'),
(43,'270442'),
(47,'270460'),
(39,'270495'),
(40,'270513'),
(43,'270531'),
(43,'270532'),
(39,'270595'),
(48,'270610'),
(44,'270615'),
(46,'270687'),
(44,'270745'),
(40,'270761'),
(39,'270799'),
(43,'270834'),
(49,'270854'),
(45,'270870'),
(47,'270962'),
(47,'271026'),
(47,'271038'),
(43,'271078'),
(45,'271095'),
(48,'271147'),
(48,'271190'),
(49,'271205'),
(46,'271222'),
(49,'271231'),
(47,'271260'),
(43,'271291'),
(41,'271346'),
(44,'271349'),
(43,'271352'),
(39,'271386'),
(44,'271434'),
(42,'271445'),
(39,'271470'),
(40,'271543'),
(48,'271589'),
(43,'271626'),
(39,'271627'),
(40,'271658'),
(44,'271661'),
(49,'271672'),
(39,'271743'),
(49,'271858'),
(42,'271878'),
(43,'271911'),
(49,'271983'),
(49,'272021'),
(45,'272067'),
(46,'272068'),
(43,'272098'),
(42,'272106'),
(45,'272134'),
(43,'272149'),
(41,'272179'),
(40,'272199'),
(47,'272210'),
(49,'272260'),
(43,'272276'),
(39,'272292'),
(45,'272309'),
(49,'272324'),
(42,'272339'),
(44,'272366'),
(49,'272367'),
(42,'272408'),
(45,'272418'),
(39,'272432'),
(40,'272443'),
(48,'272449'),
(44,'272483'),
(45,'272492'),
(45,'272500'),
(46,'272528'),
(49,'272544'),
(42,'272611'),
(49,'272618'),
(39,'272668'),
(46,'272676'),
(44,'272697'),
(42,'272725'),
(47,'272740'),
(46,'272748'),
(46,'272768'),
(43,'272776'),
(41,'272809'),
(48,'272819'),
(39,'272858'),
(40,'272873'),
(49,'272881'),
(48,'272893'),
(40,'272902'),
(45,'272940'),
(40,'272945'),
(46,'272965'),
(49,'272977'),
(42,'273014'),
(44,'273033'),
(47,'273055'),
(48,'273094'),
(41,'273104'),
(40,'273121'),
(39,'273127'),
(40,'273150'),
(39,'273159'),
(41,'273211'),
(48,'273220'),
(44,'273238'),
(43,'273264'),
(49,'273271'),
(48,'273285'),
(40,'273321'),
(47,'273336'),
(47,'273359'),
(47,'273376'),
(40,'273381'),
(49,'273396'),
(43,'273449'),
(42,'273468'),
(44,'273472'),
(40,'273476'),
(41,'273493'),
(46,'273501'),
(48,'273513'),
(44,'273554'),
(48,'273591'),
(41,'273594'),
(39,'273603'),
(43,'273617'),
(39,'273627'),
(46,'273653'),
(49,'273662'),
(46,'273672'),
(40,'273682'),
(48,'273699'),
(42,'273758'),
(40,'273768'),
(43,'273804'),
(42,'273847'),
(43,'273882'),
(43,'273902'),
(41,'273943'),
(39,'273952'),
(45,'273971'),
(48,'273995'),
(44,'274137'),
(49,'274155'),
(47,'274172'),
(44,'274190'),
(44,'274207'),
(47,'274224'),
(40,'274236'),
(48,'274272'),
(42,'274275'),
(47,'274308'),
(41,'274341'),
(42,'274377'),
(43,'274378'),
(39,'274409'),
(41,'274412'),
(46,'274425'),
(45,'274443'),
(39,'274462'),
(48,'274470'),
(49,'274501'),
(48,'274506'),
(49,'274532'),
(48,'274545'),
(44,'274563'),
(49,'274603'),
(41,'274606'),
(46,'274639'),
(39,'274665'),
(39,'274687'),
(45,'274703'),
(46,'274717'),
(42,'274721'),
(41,'274730'),
(49,'274755'),
(49,'274824'),
(42,'274850'),
(45,'274855'),
(49,'274878'),
(43,'274895'),
(39,'274911'),
(44,'274938'),
(45,'274965'),
(41,'274990'),
(46,'275053'),
(49,'275082'),
(41,'275106'),
(39,'275123'),
(45,'275128'),
(39,'275139'),
(45,'275152'),
(45,'275172'),
(48,'275184'),
(44,'275228'),
(43,'275237'),
(41,'275266'),
(48,'275299'),
(45,'275301'),
(43,'275338'),
(43,'275352'),
(45,'275355'),
(39,'275382'),
(45,'275422'),
(43,'275440'),
(46,'275466'),
(44,'275483'),
(47,'275500'),
(42,'275534'),
(43,'275551'),
(48,'275556'),
(40,'275560'),
(41,'275605'),
(39,'275619'),
(46,'275647'),
(40,'275650'),
(46,'275653'),
(42,'275667'),
(44,'275681'),
(49,'275689'),
(43,'275695'),
(46,'275704'),
(49,'275745'),
(41,'275747'),
(49,'275757'),
(42,'275801'),
(45,'275813'),
(45,'275815'),
(39,'275860'),
(49,'275897'),
(47,'275925'),
(46,'276019'),
(41,'276042'),
(46,'276063'),
(46,'276084'),
(43,'276170'),
(47,'276183'),
(39,'276202'),
(47,'276270'),
(46,'276289'),
(48,'276302'),
(46,'276313'),
(39,'276328'),
(45,'276350'),
(45,'276365'),
(43,'276378'),
(41,'276474'),
(46,'276486'),
(45,'276514'),
(43,'276534'),
(47,'276590'),
(48,'276601'),
(49,'276612'),
(43,'276640'),
(40,'276660'),
(47,'276661'),
(46,'276671'),
(41,'276688'),
(40,'276711'),
(41,'276756'),
(49,'276776'),
(41,'276778'),
(42,'276796'),
(45,'276810'),
(43,'276847'),
(46,'276864'),
(49,'276881'),
(40,'276900'),
(43,'276919'),
(40,'276965'),
(41,'276969'),
(46,'276998'),
(45,'277029'),
(45,'277040'),
(45,'277061'),
(48,'277081'),
(39,'277144'),
(47,'277211'),
(42,'277244'),
(42,'277246'),
(40,'277264'),
(40,'277265'),
(47,'277268'),
(44,'277328'),
(45,'277340'),
(39,'277359'),
(47,'277413'),
(44,'277441'),
(43,'277443'),
(44,'277458'),
(48,'277490'),
(48,'277509'),
(44,'277520'),
(46,'277536'),
(46,'277553'),
(45,'277572'),
(40,'277617'),
(40,'277654'),
(45,'277672'),
(47,'277690'),
(48,'277708'),
(44,'277713'),
(40,'277727'),
(48,'277730'),
(42,'277741'),
(41,'277754'),
(43,'277772'),
(40,'277776'),
(48,'277803'),
(43,'277818'),
(48,'277844'),
(39,'277850'),
(47,'277859'),
(42,'277868'),
(43,'277903'),
(44,'277928'),
(47,'277962'),
(48,'278000'),
(45,'278015'),
(45,'278019'),
(42,'278034'),
(45,'278046'),
(45,'278064'),
(44,'278132'),
(40,'278138'),
(45,'278156'),
(42,'278164'),
(44,'278182'),
(39,'278186'),
(47,'278228'),
(48,'278240'),
(43,'278286'),
(46,'278298'),
(40,'278323'),
(42,'278374'),
(42,'278407'),
(44,'278418'),
(48,'278425'),
(48,'278431'),
(48,'278457'),
(49,'278477'),
(39,'278540'),
(43,'278542'),
(46,'278559'),
(47,'278569'),
(45,'278599'),
(45,'278627'),
(48,'278633'),
(46,'278635'),
(42,'278637'),
(47,'278654'),
(41,'278683'),
(44,'278700'),
(40,'278715'),
(46,'278718'),
(39,'278738'),
(48,'278743'),
(44,'278767'),
(43,'278812'),
(48,'278844'),
(43,'278861'),
(49,'278880'),
(45,'278954'),
(39,'278983'),
(45,'279021'),
(48,'279051'),
(43,'279065'),
(48,'279085'),
(41,'279102'),
(43,'279103'),
(44,'279123'),
(48,'279161'),
(40,'279179'),
(42,'279196'),
(46,'279207'),
(45,'279212'),
(47,'279239'),
(49,'279240'),
(41,'279263'),
(45,'279273'),
(39,'279303'),
(46,'279341'),
(40,'279372'),
(41,'279432'),
(41,'279451'),
(43,'279471'),
(41,'279476'),
(40,'279489'),
(48,'279505'),
(46,'279539'),
(44,'279547'),
(46,'279563'),
(43,'279583'),
(49,'279604'),
(40,'279638'),
(47,'279663'),
(40,'279691'),
(47,'279738'),
(39,'279748'),
(42,'279758'),
(46,'279766'),
(48,'279790'),
(46,'279802'),
(39,'279820'),
(47,'279939'),
(42,'279959'),
(44,'279974'),
(39,'279995'),
(45,'280018'),
(46,'280033'),
(46,'280041'),
(42,'280067'),
(47,'280083'),
(39,'280103'),
(44,'280122'),
(39,'280138'),
(41,'280151'),
(43,'280171'),
(48,'280193'),
(46,'280207'),
(47,'280218'),
(48,'280230'),
(43,'280239'),
(48,'280263'),
(47,'280368'),
(41,'280409'),
(48,'280457'),
(40,'280484'),
(48,'280496'),
(40,'280525'),
(47,'280528'),
(40,'280549'),
(40,'280594'),
(46,'280606'),
(47,'280609'),
(47,'280644'),
(40,'280659'),
(46,'280682'),
(44,'280703'),
(48,'280756'),
(40,'280796'),
(49,'280797'),
(47,'280814'),
(40,'280833'),
(46,'280882'),
(49,'280889'),
(40,'280932'),
(49,'280958'),
(39,'280971'),
(43,'280990'),
(40,'281000'),
(45,'281024'),
(40,'281040'),
(41,'281059'),
(41,'281064'),
(45,'281072'),
(41,'281095'),
(49,'281113'),
(43,'281116'),
(43,'281156'),
(43,'281176'),
(49,'281212'),
(45,'281220'),
(40,'281285'),
(39,'281288'),
(40,'281332'),
(41,'281346'),
(40,'281366'),
(47,'281436'),
(45,'281467'),
(48,'281487'),
(43,'281491'),
(47,'281506'),
(41,'281513'),
(44,'281532'),
(40,'281533'),
(48,'281580'),
(47,'281594'),
(41,'281639'),
(39,'281715'),
(47,'281727'),
(42,'281735'),
(48,'281760'),
(39,'281766'),
(48,'281777'),
(49,'281779'),
(40,'281788'),
(48,'281803'),
(40,'281807'),
(40,'281808'),
(41,'281811'),
(44,'281814'),
(47,'281825'),
(49,'281826'),
(40,'281851'),
(41,'281860'),
(47,'281899'),
(40,'281905'),
(48,'281915'),
(41,'281930'),
(44,'281943'),
(48,'281958'),
(45,'281964'),
(45,'281975'),
(42,'281983'),
(41,'282026'),
(46,'282043'),
(48,'282060'),
(47,'282072'),
(45,'282089'),
(40,'282149'),
(47,'282156'),
(46,'282166'),
(40,'282170'),
(42,'282225'),
(39,'282259'),
(49,'282268'),
(41,'282278'),
(42,'282292'),
(45,'282313'),
(40,'282318'),
(41,'282361'),
(45,'282391'),
(42,'282424'),
(43,'282450'),
(39,'282490'),
(46,'282508'),
(41,'282526'),
(39,'282527'),
(46,'282553'),
(43,'282584'),
(47,'282588'),
(42,'282605'),
(46,'282607'),
(46,'282630'),
(45,'282640'),
(48,'282668'),
(49,'282696'),
(40,'282713'),
(43,'282727'),
(41,'282745'),
(39,'282769'),
(40,'282782'),
(48,'282804'),
(42,'282850'),
(43,'282917'),
(49,'282926'),
(49,'282927'),
(46,'282955'),
(45,'282966'),
(41,'282979'),
(46,'283006'),
(43,'283036'),
(47,'283103'),
(49,'283114'),
(44,'283154'),
(48,'283155'),
(45,'283175'),
(44,'283181'),
(48,'283189'),
(39,'283231'),
(42,'283242'),
(46,'283285'),
(43,'283298'),
(48,'283327'),
(39,'283336'),
(41,'283344'),
(49,'283349'),
(39,'283352'),
(44,'283367'),
(39,'283385'),
(45,'283388'),
(44,'283407'),
(47,'283416'),
(39,'283428'),
(48,'283457'),
(49,'283559'),
(47,'283576'),
(45,'283630'),
(49,'283682'),
(45,'283695'),
(40,'283729'),
(39,'283739'),
(49,'283770'),
(39,'283845'),
(40,'283860'),
(47,'283877'),
(42,'283887'),
(41,'283908'),
(45,'283918'),
(41,'283920'),
(40,'283935'),
(42,'283941'),
(45,'283961'),
(48,'283995'),
(49,'284014'),
(42,'284033'),
(45,'284047'),
(43,'284123'),
(43,'284146'),
(43,'284148'),
(49,'284163'),
(39,'284185'),
(49,'284214'),
(42,'284226'),
(48,'284229'),
(48,'284240'),
(46,'284324'),
(41,'284360'),
(48,'284387'),
(43,'284397'),
(44,'284405'),
(39,'284418'),
(45,'284462'),
(42,'284483'),
(44,'284508'),
(43,'284527'),
(42,'284545'),
(47,'284580'),
(42,'284589'),
(48,'284596'),
(39,'284631'),
(41,'284663'),
(40,'284676'),
(39,'284679'),
(44,'284691'),
(41,'284710'),
(49,'284755'),
(42,'284760'),
(48,'284773'),
(46,'284806'),
(40,'284821'),
(49,'284857'),
(43,'284870'),
(45,'284919'),
(49,'284931'),
(47,'284941'),
(45,'284995'),
(42,'285011'),
(43,'285027'),
(46,'285036'),
(41,'285054'),
(45,'285096'),
(39,'285102'),
(46,'285119'),
(48,'285164'),
(45,'285169'),
(39,'285290'),
(44,'285349'),
(40,'285363'),
(48,'285380'),
(48,'285394'),
(40,'285400'),
(39,'285425'),
(47,'285447'),
(42,'285576'),
(46,'285592'),
(46,'285609'),
(41,'285642'),
(45,'285650'),
(45,'285670'),
(44,'285688'),
(44,'285693'),
(44,'285734'),
(48,'285736'),
(48,'285749'),
(47,'285765'),
(41,'285782'),
(40,'285799'),
(43,'285816'),
(48,'285850'),
(41,'285859'),
(47,'285874'),
(43,'285905'),
(46,'285953'),
(39,'285976'),
(49,'285977'),
(47,'285994'),
(47,'286018'),
(48,'286044'),
(49,'286054'),
(49,'286100'),
(49,'286133'),
(44,'286191'),
(40,'286229'),
(40,'286264'),
(45,'286280'),
(42,'286293'),
(39,'286338'),
(49,'286339'),
(40,'286341'),
(40,'286351'),
(46,'286380'),
(39,'286397'),
(48,'286431'),
(46,'286446'),
(46,'286459'),
(43,'286477'),
(45,'286494'),
(48,'286511'),
(40,'286533'),
(47,'286580'),
(45,'286589'),
(40,'286598'),
(43,'286608'),
(48,'286628'),
(42,'286704'),
(47,'286717'),
(43,'286835'),
(40,'286843'),
(46,'286865'),
(45,'286867'),
(43,'286897'),
(42,'286944'),
(44,'286955'),
(46,'286965'),
(47,'286996'),
(47,'287014'),
(42,'287015'),
(44,'287029'),
(43,'287034'),
(43,'287078'),
(39,'287086'),
(47,'287088'),
(47,'287117'),
(45,'287148'),
(45,'287203'),
(49,'287249'),
(49,'287260'),
(45,'287285'),
(39,'287287'),
(42,'287295'),
(39,'287314'),
(47,'287331'),
(39,'287352'),
(39,'287394'),
(39,'287395'),
(48,'287408'),
(44,'287434'),
(39,'287448'),
(43,'287455'),
(48,'287471'),
(45,'287483'),
(42,'287513'),
(42,'287538'),
(44,'287546'),
(48,'287621'),
(46,'287629'),
(44,'287671'),
(40,'287709'),
(40,'287724'),
(44,'287735'),
(39,'287746'),
(40,'287761'),
(47,'287766'),
(46,'287797'),
(44,'287817'),
(49,'287833'),
(41,'287863'),
(39,'287878'),
(47,'287898'),
(44,'287912'),
(39,'287914'),
(48,'287928'),
(39,'287934'),
(46,'287971'),
(46,'287972'),
(48,'288031'),
(49,'288062'),
(48,'288088'),
(46,'288109'),
(41,'288123'),
(44,'288158'),
(43,'288227'),
(43,'288238'),
(44,'288252'),
(49,'288270'),
(43,'288303'),
(43,'288317'),
(47,'288389'),
(48,'288398'),
(43,'288431'),
(46,'288432'),
(39,'288439'),
(43,'288529'),
(41,'288541'),
(49,'288562'),
(42,'288628'),
(47,'288641'),
(49,'288690'),
(47,'288757'),
(41,'288782'),
(46,'288815'),
(41,'288819'),
(49,'288837'),
(39,'288847'),
(41,'288857'),
(48,'288861'),
(47,'288873'),
(39,'288891'),
(43,'288915'),
(40,'288922'),
(39,'288942'),
(43,'288959'),
(40,'288997'),
(44,'289011'),
(43,'289023'),
(45,'289033'),
(41,'289061'),
(43,'289081'),
(45,'289101'),
(46,'289118'),
(47,'289135'),
(42,'289140'),
(47,'289154'),
(41,'289213'),
(45,'289241'),
(49,'289301'),
(43,'289302'),
(48,'289391'),
(46,'289439'),
(44,'289453'),
(43,'289477'),
(48,'289496'),
(49,'289519'),
(40,'289529'),
(39,'289560'),
(43,'289571'),
(41,'289574'),
(48,'289584'),
(42,'289662'),
(45,'289679'),
(43,'289716'),
(46,'289772'),
(41,'289829'),
(47,'289869'),
(42,'289887'),
(46,'289900'),
(43,'289920'),
(48,'289983'),
(46,'290001'),
(44,'290027'),
(47,'290036'),
(48,'290054'),
(39,'290056'),
(43,'290058'),
(39,'290081'),
(49,'290087'),
(47,'290099'),
(41,'290115'),
(43,'290130'),
(48,'290151'),
(43,'290154'),
(48,'290172'),
(49,'290192'),
(40,'290220'),
(40,'290264'),
(40,'290277'),
(43,'290296'),
(40,'290316'),
(46,'290325'),
(42,'290345'),
(44,'290391'),
(44,'290420'),
(48,'290435'),
(40,'290450'),
(41,'290495'),
(45,'290511'),
(42,'290531'),
(42,'290533'),
(49,'290577'),
(40,'290590'),
(41,'290615'),
(43,'290640'),
(47,'290651'),
(48,'290742'),
(46,'290762'),
(40,'290772'),
(40,'290798'),
(42,'290808'),
(47,'290839'),
(40,'290873'),
(49,'290889'),
(44,'290903'),
(41,'290947'),
(44,'290951'),
(47,'290963'),
(39,'290975'),
(43,'291010'),
(46,'291023'),
(49,'291083'),
(42,'291088'),
(44,'291108'),
(49,'291114'),
(42,'291132'),
(42,'291141'),
(49,'291205'),
(42,'291212'),
(45,'291222'),
(45,'291241'),
(39,'291256'),
(42,'291292'),
(44,'291295'),
(47,'291312'),
(48,'291316'),
(41,'291423'),
(45,'291470'),
(47,'291556'),
(45,'291558'),
(45,'291568'),
(44,'291578'),
(40,'291608'),
(45,'291650'),
(44,'291657'),
(41,'291675'),
(42,'291720'),
(41,'291740'),
(46,'291750'),
(47,'291762'),
(40,'291779'),
(40,'291796'),
(39,'291846'),
(42,'291848'),
(48,'291866'),
(39,'291873'),
(41,'291901'),
(44,'291959'),
(41,'291994'),
(41,'291999'),
(46,'292031'),
(41,'292051'),
(40,'292088'),
(41,'292101'),
(45,'292117'),
(39,'292122'),
(44,'292165'),
(47,'292203'),
(44,'292216'),
(39,'292221'),
(40,'292240'),
(46,'292268'),
(41,'292279'),
(48,'292291'),
(44,'292303'),
(48,'292322'),
(40,'292352'),
(41,'292363'),
(43,'292380'),
(41,'292399'),
(43,'292409'),
(43,'292424'),
(45,'292470'),
(39,'292483'),
(49,'292602'),
(45,'292614'),
(48,'292626'),
(45,'292639'),
(44,'292646'),
(49,'292663'),
(49,'292682'),
(44,'292695'),
(41,'292717'),
(40,'292722'),
(40,'292732'),
(40,'292829'),
(46,'292858'),
(41,'292877'),
(42,'292888'),
(44,'292903'),
(48,'292924'),
(41,'292952'),
(42,'292974'),
(48,'292996'),
(43,'293028'),
(49,'293047'),
(42,'293083'),
(48,'293093'),
(40,'293108'),
(44,'293122'),
(47,'293129'),
(43,'293136'),
(47,'293143'),
(40,'293155'),
(42,'293170'),
(43,'293189'),
(40,'293225'),
(46,'293241'),
(43,'293262'),
(41,'293278'),
(48,'293280'),
(47,'293288'),
(48,'293296'),
(47,'293307'),
(44,'293323'),
(48,'293347'),
(43,'293393'),
(48,'293407'),
(39,'293458'),
(44,'293521'),
(43,'293539'),
(49,'293557'),
(42,'293558'),
(45,'293572'),
(48,'293603'),
(41,'293632'),
(46,'293651'),
(39,'293679'),
(43,'293681'),
(48,'293784'),
(48,'293796'),
(40,'293801'),
(45,'293816'),
(45,'293823'),
(43,'293832'),
(41,'293856'),
(40,'293858'),
(43,'293877'),
(46,'293895'),
(44,'293898'),
(41,'293903'),
(45,'293918'),
(49,'293931'),
(43,'293933'),
(43,'293942'),
(41,'293955'),
(49,'293982'),
(42,'294016'),
(41,'294027'),
(46,'294046'),
(42,'294063'),
(47,'294074'),
(43,'294080'),
(45,'294084'),
(43,'294106'),
(45,'294119'),
(43,'294159'),
(47,'294214'),
(45,'294320'),
(48,'294332'),
(46,'294354'),
(42,'294370'),
(49,'294388'),
(45,'294395'),
(46,'294420'),
(39,'294430'),
(43,'294449'),
(42,'294458'),
(43,'294463'),
(48,'294495'),
(47,'294529'),
(49,'294555'),
(42,'294569'),
(41,'294585'),
(46,'294598'),
(39,'294616'),
(45,'294619'),
(40,'294678'),
(49,'294683'),
(46,'294724'),
(42,'294760'),
(46,'294766'),
(39,'294795'),
(45,'294823'),
(39,'294900'),
(43,'294908'),
(45,'294959'),
(45,'294968'),
(39,'294970'),
(42,'294979'),
(40,'294992'),
(46,'295014'),
(48,'295031'),
(41,'295067'),
(41,'295072'),
(48,'295105'),
(46,'295119'),
(45,'295120'),
(42,'295133'),
(45,'295142'),
(44,'295207'),
(44,'295231'),
(44,'295244'),
(43,'295266'),
(44,'295275'),
(49,'295300'),
(45,'295310'),
(40,'295313'),
(48,'295330'),
(48,'295362'),
(40,'295382'),
(48,'295383'),
(39,'295428'),
(39,'295433'),
(42,'295530'),
(44,'295558'),
(45,'295595'),
(46,'295621'),
(46,'295634'),
(46,'295648'),
(46,'295664'),
(40,'295681'),
(46,'295686'),
(48,'295706'),
(42,'295707'),
(42,'295713'),
(42,'295743'),
(49,'295762'),
(49,'295780'),
(41,'295835'),
(46,'295876'),
(44,'295931'),
(48,'295963'),
(41,'295966'),
(45,'295971'),
(44,'295984'),
(44,'295985'),
(40,'296018'),
(49,'296047'),
(45,'296057'),
(45,'296075'),
(43,'296115'),
(44,'296132'),
(39,'296145'),
(41,'296152'),
(39,'296169'),
(48,'296232'),
(40,'296258'),
(41,'296275'),
(42,'296361'),
(43,'296380'),
(41,'296394'),
(49,'296411'),
(41,'296428'),
(41,'296445'),
(49,'296478'),
(41,'296479'),
(40,'296503'),
(44,'296508'),
(44,'296526'),
(41,'296530'),
(45,'296535'),
(48,'296547'),
(45,'296564'),
(49,'296586'),
(49,'296600'),
(39,'296635'),
(48,'296653'),
(46,'296670'),
(46,'296691'),
(45,'296711'),
(49,'296730'),
(48,'296747'),
(41,'296850'),
(49,'296854'),
(43,'296865'),
(49,'296895'),
(42,'296933'),
(47,'296947'),
(49,'296953'),
(47,'296979'),
(46,'296980'),
(45,'297052'),
(43,'297066'),
(44,'297083'),
(49,'297096'),
(43,'297115'),
(43,'297122'),
(40,'297219'),
(49,'297237'),
(42,'297259'),
(42,'297267'),
(48,'297287'),
(48,'297340'),
(39,'297385'),
(48,'297388'),
(48,'297409'),
(41,'297420'),
(46,'297475'),
(41,'297506'),
(49,'297511'),
(42,'297515'),
(39,'297526'),
(46,'297539'),
(46,'297543'),
(40,'297562'),
(44,'297596'),
(48,'297612'),
(44,'297631'),
(46,'297649'),
(42,'297662'),
(42,'297671'),
(48,'297673'),
(42,'297677'),
(49,'297693'),
(43,'297695'),
(44,'297712'),
(40,'297713'),
(41,'297767'),
(47,'297812'),
(42,'297885'),
(47,'297886'),
(49,'297921'),
(46,'297955'),
(41,'297998'),
(47,'298029'),
(46,'298062'),
(45,'298122'),
(49,'298125'),
(42,'298144'),
(48,'298176'),
(39,'298188'),
(46,'298205'),
(39,'298240'),
(40,'298309'),
(49,'298373'),
(49,'298385'),
(41,'298404'),
(42,'298423'),
(43,'298462'),
(47,'298463'),
(43,'298471'),
(39,'298495'),
(46,'298514'),
(45,'298536'),
(41,'298567'),
(48,'298574'),
(39,'298593'),
(48,'298622'),
(44,'298635'),
(44,'298658'),
(42,'298675'),
(47,'298695'),
(45,'298711'),
(48,'298748'),
(44,'298756'),
(42,'298833'),
(49,'298901'),
(45,'298920'),
(49,'298937'),
(43,'298967'),
(47,'298976'),
(44,'299012'),
(45,'299035'),
(40,'299140'),
(43,'299160'),
(43,'299181'),
(46,'299196'),
(45,'299253'),
(48,'299262'),
(46,'299300'),
(48,'299341'),
(41,'299348'),
(40,'299388'),
(44,'299401'),
(48,'299410'),
(49,'299437'),
(49,'299444'),
(46,'299451'),
(46,'299452'),
(41,'299491'),
(41,'299500'),
(48,'299515'),
(46,'299533'),
(43,'299550'),
(48,'299603'),
(42,'299666'),
(40,'299697'),
(48,'299721'),
(49,'299723'),
(49,'299764'),
(41,'299803'),
(42,'299847'),
(40,'299852'),
(39,'299871'),
(42,'299916'),
(47,'299949'),
(48,'299993'),
(47,'300012'),
(44,'300032'),
(43,'300069'),
(43,'300079'),
(45,'300093'),
(46,'300113'),
(49,'300233'),
(49,'300234'),
(45,'300245'),
(42,'300261'),
(41,'300305'),
(39,'300335'),
(43,'300350'),
(41,'300421'),
(47,'300436'),
(45,'300447'),
(43,'300505'),
(44,'300540'),
(40,'300547'),
(48,'300576'),
(45,'300615'),
(42,'300642'),
(39,'300652'),
(43,'300667'),
(39,'300691'),
(41,'300706'),
(49,'300737'),
(41,'300739'),
(49,'300741'),
(47,'300742'),
(42,'300770'),
(48,'300781'),
(45,'300793'),
(49,'300837'),
(47,'300854'),
(41,'300884'),
(48,'300915'),
(43,'300921'),
(45,'300941'),
(49,'300949'),
(42,'300955'),
(49,'300985'),
(41,'301004'),
(48,'301011'),
(49,'301042'),
(41,'301063'),
(41,'301083'),
(47,'301094'),
(48,'301095'),
(46,'301099'),
(49,'301100'),
(40,'301129'),
(41,'301165'),
(44,'301203'),
(41,'301248'),
(39,'301281'),
(48,'301288'),
(45,'301302'),
(39,'301309'),
(41,'301371'),
(49,'301374'),
(44,'301384'),
(44,'301395'),
(45,'301406'),
(47,'301419'),
(44,'301470'),
(42,'301483'),
(49,'301501'),
(41,'301523'),
(42,'301536'),
(42,'301566'),
(48,'301568'),
(45,'301609'),
(44,'301621'),
(41,'301637'),
(49,'301647'),
(49,'301682'),
(43,'301696'),
(47,'301715'),
(47,'301739'),
(41,'301748'),
(43,'301770'),
(42,'301776'),
(39,'301813'),
(46,'301854'),
(41,'301857'),
(40,'301874'),
(46,'301880'),
(42,'301883'),
(41,'301901'),
(41,'301922'),
(43,'301928'),
(48,'301938'),
(46,'301964'),
(45,'301987'),
(45,'302010'),
(44,'302035'),
(41,'302051'),
(41,'302077'),
(41,'302122'),
(40,'302140'),
(40,'302167'),
(44,'302181'),
(42,'302207'),
(45,'302226'),
(46,'302227'),
(47,'302252'),
(47,'302272'),
(42,'302282'),
(49,'302292'),
(42,'302315'),
(47,'302318'),
(44,'302337'),
(45,'302378'),
(47,'302390'),
(39,'302410'),
(48,'302489'),
(43,'302496'),
(48,'302534'),
(46,'302557'),
(41,'302568'),
(47,'302575'),
(43,'302579'),
(44,'302617'),
(47,'302625'),
(45,'302638'),
(44,'302664'),
(39,'302696'),
(43,'302754'),
(44,'302763'),
(48,'302796'),
(41,'302806'),
(48,'302869'),
(46,'302870'),
(47,'302890'),
(44,'302901'),
(49,'302930'),
(41,'302935'),
(42,'302945'),
(48,'302983'),
(40,'302992'),
(46,'303010'),
(48,'303069'),
(45,'303092'),
(49,'303103'),
(46,'303170'),
(47,'303185'),
(41,'303260'),
(48,'303266'),
(44,'303275'),
(44,'303301'),
(43,'303339'),
(39,'303347'),
(41,'303389'),
(42,'303397'),
(44,'303412'),
(49,'303434'),
(47,'303452'),
(46,'303458'),
(47,'303475'),
(45,'303480'),
(40,'303497'),
(40,'303514'),
(41,'303525'),
(44,'303528'),
(48,'303559'),
(39,'303597'),
(39,'303611'),
(43,'303640'),
(39,'303653'),
(40,'303680'),
(44,'303685'),
(44,'303697'),
(41,'303709'),
(46,'303768'),
(48,'303824'),
(49,'303831'),
(41,'303863'),
(49,'303872'),
(49,'303894'),
(42,'303898'),
(42,'303914'),
(48,'303931'),
(45,'303945'),
(44,'303955'),
(48,'303964'),
(46,'303974'),
(39,'303977'),
(48,'303982'),
(48,'303986'),
(47,'304029'),
(45,'304039'),
(45,'304055'),
(43,'304068'),
(43,'304083'),
(44,'304096'),
(40,'304101'),
(42,'304130'),
(44,'304159'),
(47,'304175'),
(39,'304188'),
(45,'304191'),
(48,'304202'),
(42,'304211'),
(49,'304248'),
(49,'304274'),
(41,'304309'),
(41,'304311'),
(41,'304329'),
(40,'304347'),
(41,'304359'),
(39,'304377'),
(48,'304415'),
(42,'304417'),
(42,'304452'),
(45,'304461'),
(45,'304467'),
(49,'304473'),
(44,'304534'),
(42,'304542'),
(42,'304565'),
(39,'304572'),
(45,'304586'),
(39,'304615'),
(45,'304630'),
(47,'304654'),
(46,'304704'),
(45,'304726'),
(45,'304740'),
(39,'304797'),
(48,'304801'),
(43,'304843'),
(49,'304859'),
(41,'304865'),
(40,'304868'),
(43,'304870'),
(46,'304943'),
(45,'304967'),
(44,'305000'),
(41,'305027'),
(46,'305042'),
(40,'305043'),
(41,'305100'),
(49,'305128'),
(41,'305146'),
(41,'305147'),
(41,'305181'),
(39,'305217'),
(39,'305236'),
(42,'305240'),
(45,'305250'),
(44,'305270'),
(47,'305286'),
(44,'305329'),
(46,'305352'),
(43,'305369'),
(41,'305372'),
(49,'305385'),
(39,'305408'),
(49,'305414'),
(41,'305428'),
(49,'305431'),
(45,'305451'),
(46,'305461'),
(45,'305470'),
(48,'305543'),
(46,'305580'),
(48,'305607'),
(45,'305615'),
(40,'305625'),
(45,'305640'),
(45,'305659'),
(41,'305671'),
(46,'305688'),
(42,'305694'),
(48,'305697'),
(40,'305729'),
(39,'305773'),
(39,'305797'),
(46,'305804'),
(40,'305821'),
(47,'305835'),
(44,'305847'),
(39,'305856'),
(41,'305899'),
(49,'305922'),
(42,'305923'),
(46,'305980'),
(40,'305995'),
(41,'306006'),
(41,'306020'),
(41,'306034'),
(44,'306050'),
(40,'306066'),
(42,'306084'),
(48,'306116'),
(49,'306121'),
(47,'306165'),
(44,'306243'),
(39,'306275'),
(47,'306287'),
(47,'306288'),
(44,'306300'),
(43,'306319'),
(45,'306347'),
(41,'306416'),
(45,'306430'),
(44,'306454'),
(43,'306487'),
(41,'306493'),
(40,'306509'),
(42,'306533'),
(39,'306547'),
(39,'306563'),
(40,'306572'),
(49,'306625'),
(47,'306628'),
(40,'306638'),
(41,'306644'),
(41,'306660'),
(41,'306669'),
(40,'306688'),
(47,'306694'),
(40,'306701'),
(47,'306709'),
(40,'306718'),
(49,'306751'),
(46,'306754'),
(48,'306768'),
(40,'306786'),
(43,'306793'),
(46,'306827'),
(43,'306859'),
(44,'306870'),
(48,'306927'),
(46,'306946'),
(39,'306975'),
(43,'306986'),
(46,'306994'),
(40,'307015'),
(39,'307026'),
(49,'307041'),
(48,'307092'),
(40,'307114'),
(44,'307152'),
(48,'307159'),
(47,'307171'),
(48,'307209'),
(40,'307231'),
(46,'307241'),
(40,'307278'),
(44,'307281'),
(39,'307296'),
(45,'307310'),
(49,'307320'),
(39,'307347'),
(42,'307415'),
(47,'307440'),
(45,'307462'),
(44,'307473'),
(41,'307482'),
(40,'307503'),
(43,'307523'),
(44,'307574'),
(43,'307581'),
(47,'307584'),
(41,'307588'),
(39,'307604'),
(40,'307614'),
(43,'307634'),
(49,'307648'),
(44,'307659'),
(46,'307699'),
(48,'307716'),
(43,'307728'),
(46,'307734'),
(42,'307768'),
(43,'307771'),
(45,'307791'),
(48,'307831'),
(41,'307835'),
(40,'307840'),
(40,'307874'),
(43,'307890'),
(43,'307924'),
(43,'307938'),
(45,'307955'),
(39,'307962'),
(45,'307980'),
(48,'307984'),
(46,'308003'),
(45,'308041'),
(43,'308053'),
(42,'308079'),
(42,'308143'),
(41,'308147'),
(40,'308165'),
(42,'308179'),
(49,'308210'),
(40,'308222'),
(43,'308253'),
(39,'308255'),
(41,'308296'),
(40,'308311'),
(46,'308328'),
(46,'308342'),
(39,'308343'),
(41,'308358'),
(49,'308417'),
(47,'308437'),
(39,'308475'),
(43,'308526'),
(48,'308541'),
(45,'308554'),
(44,'308573'),
(39,'308592'),
(40,'308624'),
(44,'308645'),
(48,'308661'),
(45,'308688'),
(39,'308699'),
(47,'308713'),
(42,'308740'),
(45,'308760'),
(46,'308775'),
(46,'308776'),
(45,'308800'),
(42,'308806'),
(49,'308844'),
(42,'308852'),
(49,'308871'),
(39,'308880'),
(40,'308883'),
(46,'308895'),
(45,'308916'),
(42,'308934'),
(41,'308964'),
(48,'308972'),
(43,'308987'),
(44,'309003'),
(43,'309017'),
(40,'309023'),
(41,'309033'),
(47,'309039'),
(47,'309054'),
(40,'309066'),
(47,'309110'),
(39,'309128'),
(46,'309138'),
(48,'309151'),
(43,'309157'),
(44,'309166'),
(46,'309225'),
(40,'309241'),
(42,'309270'),
(42,'309274'),
(48,'309309'),
(43,'309314'),
(45,'309333'),
(43,'309342'),
(40,'309371'),
(42,'309380'),
(46,'309413'),
(43,'309416'),
(47,'309435'),
(46,'309453'),
(40,'309469'),
(45,'309486'),
(49,'309493'),
(39,'309534'),
(39,'309542'),
(41,'309585'),
(44,'309599'),
(43,'309610'),
(43,'309638'),
(47,'309649'),
(41,'309672'),
(41,'309727'),
(41,'309746'),
(43,'309764'),
(41,'309799'),
(41,'309827'),
(43,'309833'),
(48,'309868'),
(41,'309884'),
(47,'309911'),
(42,'309921'),
(40,'309968'),
(43,'309995'),
(42,'310013'),
(47,'310039'),
(41,'310055'),
(48,'310056'),
(47,'310071'),
(41,'310083'),
(39,'310093'),
(47,'310099'),
(41,'310119'),
(42,'310146'),
(44,'310152'),
(42,'310168'),
(39,'310191'),
(39,'310201'),
(40,'310242'),
(39,'310274'),
(41,'310290'),
(40,'310340'),
(46,'310364'),
(44,'310371'),
(41,'310386'),
(40,'310436'),
(41,'310451'),
(48,'310500'),
(45,'310503'),
(49,'310540'),
(41,'310548'),
(45,'310552'),
(43,'310578'),
(43,'310598'),
(43,'310632'),
(41,'310647'),
(43,'310671'),
(39,'310685'),
(39,'310707'),
(48,'310803'),
(46,'310830'),
(39,'310863'),
(46,'310869'),
(48,'310878'),
(47,'310947'),
(49,'310952'),
(41,'310987'),
(47,'311038'),
(49,'311054'),
(44,'311062'),
(40,'311071'),
(42,'311086'),
(46,'311089'),
(45,'311090'),
(47,'311113'),
(47,'311140'),
(44,'311149'),
(44,'311176'),
(44,'311193'),
(43,'311223'),
(39,'311226'),
(42,'311274'),
(41,'311292'),
(41,'311329'),
(40,'311358'),
(43,'311377'),
(40,'311423'),
(43,'311449'),
(47,'311492'),
(49,'311516'),
(45,'311520'),
(49,'311549'),
(42,'311656'),
(49,'311668'),
(45,'311706'),
(39,'311722'),
(44,'311748'),
(47,'311796'),
(40,'311809'),
(47,'311827'),
(40,'311838'),
(41,'311844'),
(49,'311873'),
(46,'311893'),
(41,'311905'),
(49,'311926'),
(41,'311943'),
(46,'311947'),
(39,'311967'),
(42,'311972'),
(43,'312005'),
(39,'312019'),
(39,'312027'),
(45,'312043'),
(40,'312054'),
(46,'312132'),
(41,'312146'),
(48,'312176'),
(45,'312194'),
(41,'312211'),
(41,'312249'),
(48,'312288'),
(40,'312314'),
(41,'312339'),
(48,'312356'),
(42,'312363'),
(43,'312413'),
(43,'312433'),
(49,'312452'),
(43,'312458'),
(46,'312460'),
(46,'312475'),
(43,'312481'),
(41,'312495'),
(43,'312507'),
(49,'312524'),
(41,'312542'),
(41,'312566'),
(40,'312577'),
(41,'312597'),
(49,'312617'),
(47,'312680'),
(48,'312689'),
(39,'312691'),
(42,'312720'),
(46,'312737'),
(43,'312746'),
(48,'312748'),
(40,'312750'),
(42,'312760'),
(48,'312784'),
(46,'312787'),
(47,'312814'),
(48,'312825'),
(42,'312831'),
(42,'312848'),
(40,'312863'),
(48,'312891'),
(40,'312906'),
(43,'312911'),
(39,'312914'),
(40,'312940'),
(45,'312962'),
(39,'312975'),
(43,'312987'),
(39,'313035'),
(49,'313051'),
(45,'313056'),
(45,'313071'),
(46,'313083'),
(41,'313132'),
(40,'313148'),
(42,'313172'),
(39,'313187'),
(45,'313207'),
(41,'313256'),
(49,'313304'),
(49,'313317'),
(42,'313333'),
(44,'313351'),
(47,'313379'),
(41,'313420'),
(41,'313467'),
(43,'313497'),
(49,'313513'),
(49,'313530'),
(42,'313556'),
(47,'313574'),
(39,'313592'),
(48,'313602'),
(43,'313629'),
(42,'313642'),
(40,'313650'),
(46,'313676'),
(49,'313702'),
(47,'313742'),
(39,'313757'),
(43,'313790'),
(40,'313797'),
(48,'313810'),
(41,'313813'),
(43,'313837'),
(40,'313892'),
(39,'313908'),
(41,'313937'),
(39,'313964'),
(49,'313984'),
(43,'313997'),
(42,'314001'),
(47,'314038'),
(45,'314045'),
(40,'314064'),
(40,'314080'),
(39,'314116'),
(49,'314153'),
(48,'314184'),
(49,'314204'),
(46,'314234'),
(46,'314240'),
(40,'314257'),
(47,'314265'),
(41,'314277'),
(43,'314299'),
(42,'314343'),
(48,'314392'),
(42,'314424'),
(48,'314434'),
(49,'314451'),
(45,'314459'),
(41,'314489'),
(39,'314504'),
(47,'314522'),
(39,'314530'),
(44,'314552'),
(48,'314554'),
(47,'314572'),
(46,'314578'),
(45,'314608'),
(48,'314618'),
(44,'314639'),
(49,'314690'),
(45,'314724'),
(41,'314739'),
(44,'314756'),
(49,'314768'),
(47,'314783'),
(46,'314815'),
(44,'314822'),
(41,'314853'),
(39,'314900'),
(44,'314907'),
(47,'314920'),
(44,'314936'),
(49,'314969'),
(46,'314981'),
(40,'315001'),
(40,'315019'),
(39,'315031'),
(44,'315067'),
(46,'315098'),
(45,'315135'),
(42,'315186'),
(44,'315232'),
(46,'315266'),
(42,'315292'),
(44,'315298'),
(49,'315301'),
(39,'315317'),
(41,'315333'),
(49,'315349'),
(39,'315375'),
(45,'315397'),
(40,'315407'),
(40,'315471'),
(45,'315501'),
(42,'315509'),
(41,'315519'),
(39,'315524'),
(46,'315560'),
(40,'315578'),
(47,'315587'),
(40,'315598'),
(48,'315611'),
(44,'315620'),
(46,'315640'),
(40,'315641'),
(46,'315658'),
(39,'315685'),
(47,'315715'),
(48,'315766'),
(41,'315788'),
(39,'315795'),
(47,'315806'),
(47,'315812'),
(46,'315820'),
(39,'315835'),
(48,'315846'),
(40,'315883'),
(47,'315911'),
(39,'315913'),
(45,'315920'),
(46,'315992'),
(45,'316002'),
(46,'316011'),
(45,'316016'),
(43,'316017'),
(49,'316040'),
(42,'316097'),
(49,'316108'),
(41,'316119'),
(39,'316137'),
(45,'316160'),
(44,'316172'),
(43,'316203'),
(45,'316218'),
(40,'316241'),
(41,'316286'),
(45,'316292'),
(49,'316296'),
(43,'316306'),
(42,'316315'),
(43,'316331'),
(47,'316340'),
(44,'316345'),
(49,'316432'),
(40,'316446'),
(46,'316449'),
(39,'316468'),
(39,'316486'),
(45,'316535'),
(45,'316550'),
(40,'316563'),
(48,'316591'),
(44,'316593'),
(40,'316601'),
(40,'316651'),
(48,'316672'),
(42,'316710'),
(44,'316721'),
(42,'316727'),
(47,'316751'),
(48,'316760'),
(45,'316783'),
(43,'316809'),
(47,'316849'),
(39,'316906'),
(49,'316912'),
(49,'316915'),
(44,'316929'),
(39,'316955'),
(42,'316958'),
(42,'316975'),
(46,'316994'),
(46,'317020'),
(49,'317028'),
(45,'317041'),
(41,'317060'),
(47,'317075'),
(44,'317090'),
(43,'317111'),
(42,'317148'),
(45,'317168'),
(44,'317171'),
(40,'317196'),
(47,'317206'),
(44,'317217'),
(48,'317235'),
(49,'317284'),
(49,'317356'),
(47,'317357'),
(48,'317363'),
(49,'317364'),
(43,'317374'),
(49,'317399'),
(44,'317402'),
(39,'317448'),
(39,'317461'),
(44,'317475'),
(47,'317598'),
(48,'317681'),
(41,'317715'),
(40,'317724'),
(39,'317735'),
(46,'317754'),
(41,'317767'),
(44,'317787'),
(39,'317802'),
(49,'317817'),
(47,'317845'),
(39,'317862'),
(41,'317887'),
(49,'317920'),
(44,'317932'),
(41,'317948'),
(44,'317998'),
(45,'318025'),
(42,'318073'),
(40,'318170'),
(46,'318251'),
(41,'318296'),
(42,'318327'),
(46,'318328'),
(47,'318353'),
(47,'318355'),
(41,'318369'),
(45,'318374'),
(45,'318401'),
(46,'318413'),
(46,'318431'),
(40,'318438'),
(48,'318453'),
(45,'318468'),
(42,'318476'),
(41,'318482'),
(46,'318499'),
(47,'318533'),
(39,'318552'),
(49,'318569'),
(49,'318587'),
(42,'318607'),
(48,'318631'),
(41,'318649'),
(46,'318651'),
(39,'318661'),
(43,'318672'),
(41,'318678'),
(47,'318679'),
(40,'318692'),
(41,'318709'),
(39,'318716'),
(43,'318759'),
(41,'318767'),
(40,'318809'),
(42,'318822'),
(39,'318828'),
(47,'318859'),
(41,'318866'),
(48,'318941'),
(47,'318990'),
(48,'318996'),
(43,'319009'),
(46,'319046'),
(49,'319056'),
(43,'319075'),
(47,'319103'),
(48,'319128'),
(45,'319136'),
(48,'319182'),
(44,'319189'),
(47,'319231'),
(43,'319233'),
(47,'319267'),
(43,'319288'),
(48,'319309'),
(40,'319316'),
(45,'319322'),
(49,'319326'),
(49,'319335'),
(45,'319344'),
(40,'319355'),
(44,'319366'),
(47,'319385'),
(42,'319412'),
(48,'319414'),
(41,'319426'),
(44,'319436'),
(48,'319452'),
(47,'319454'),
(45,'319473'),
(49,'319476'),
(44,'319496'),
(44,'319497'),
(41,'319510'),
(46,'319519'),
(43,'319542'),
(42,'319547'),
(40,'319589'),
(40,'319599'),
(49,'319623'),
(47,'319711'),
(41,'319747'),
(48,'319762'),
(44,'319766'),
(46,'319796'),
(43,'319799'),
(46,'319831'),
(47,'319835'),
(48,'319842'),
(49,'319861'),
(44,'319871'),
(44,'319898'),
(43,'319933'),
(42,'319952'),
(40,'320004'),
(42,'320024'),
(45,'320030'),
(42,'320035'),
(39,'320088'),
(44,'320091'),
(48,'320135'),
(47,'320191'),
(46,'320206'),
(42,'320210'),
(45,'320230'),
(48,'320242'),
(43,'320252'),
(40,'320261'),
(39,'320279'),
(44,'320286'),
(40,'320314'),
(47,'320332'),
(45,'320337'),
(40,'320338'),
(49,'320351'),
(39,'320371'),
(44,'320387'),
(41,'320413'),
(42,'320429'),
(45,'320444'),
(40,'320473'),
(41,'320508'),
(42,'320516'),
(49,'320557'),
(44,'320590'),
(44,'320610'),
(40,'320626'),
(42,'320636'),
(43,'320647'),
(43,'320676'),
(44,'320683'),
(49,'320689'),
(43,'320709'),
(45,'320757'),
(40,'320874'),
(48,'320883'),
(42,'320894'),
(49,'320903'),
(46,'320904'),
(48,'320920'),
(48,'320931'),
(42,'320947'),
(46,'320956'),
(49,'320974'),
(48,'320988'),
(44,'320997'),
(45,'321023'),
(47,'321048'),
(45,'321065'),
(43,'321096'),
(45,'321113'),
(39,'321132'),
(41,'321197'),
(46,'321211'),
(48,'321215'),
(39,'321223'),
(48,'321248'),
(47,'321336'),
(43,'321344'),
(41,'321355'),
(40,'321368'),
(42,'321412'),
(39,'321421'),
(43,'321477'),
(41,'321495'),
(44,'321505'),
(45,'321507'),
(40,'321522'),
(39,'321531'),
(46,'321556'),
(47,'321585'),
(49,'321617'),
(47,'321644'),
(49,'321696'),
(40,'321717'),
(40,'321734'),
(43,'321767'),
(40,'321780'),
(46,'321825'),
(42,'321871'),
(43,'321894'),
(47,'321903'),
(46,'321931'),
(42,'321953'),
(44,'321964'),
(41,'321975'),
(44,'322065'),
(46,'322080'),
(41,'322081'),
(43,'322090'),
(48,'322103'),
(45,'322137'),
(43,'322148'),
(49,'322166'),
(39,'322183'),
(39,'322202'),
(47,'322220'),
(42,'322243'),
(42,'322288'),
(40,'322326'),
(39,'322330'),
(44,'322337'),
(49,'322353'),
(42,'322391'),
(41,'322399'),
(41,'322440'),
(45,'322449'),
(45,'322538'),
(49,'322552'),
(41,'322569'),
(43,'322570'),
(43,'322578'),
(42,'322592'),
(42,'322596'),
(44,'322625'),
(48,'322642'),
(44,'322724'),
(44,'322753'),
(48,'322797'),
(46,'322847'),
(42,'322849'),
(41,'322854'),
(42,'322892'),
(46,'322925'),
(39,'322931'),
(41,'322943'),
(43,'322961'),
(48,'322972'),
(39,'322974'),
(40,'322995'),
(41,'323013'),
(43,'323026'),
(46,'323082'),
(47,'323086'),
(48,'323114'),
(43,'323147'),
(40,'323168'),
(43,'323181'),
(39,'323194'),
(47,'323209'),
(45,'323225'),
(40,'323239'),
(42,'323248'),
(43,'323273'),
(48,'323277'),
(47,'323299'),
(39,'323309'),
(39,'323313'),
(39,'323324'),
(46,'323326'),
(41,'323345'),
(42,'323391'),
(46,'323394'),
(39,'323406'),
(39,'323425'),
(39,'323487'),
(41,'323534'),
(44,'323593'),
(49,'323665'),
(45,'323702'),
(41,'323709'),
(43,'323714'),
(48,'323722'),
(47,'323783'),
(46,'323817'),
(40,'323827'),
(45,'323832'),
(47,'323846'),
(45,'323849'),
(46,'323854'),
(48,'323873'),
(45,'323880'),
(39,'323911'),
(49,'323925'),
(49,'323960'),
(41,'324009'),
(39,'324041'),
(48,'324072'),
(47,'324088'),
(49,'324102'),
(45,'324118'),
(44,'324164'),
(43,'324199'),
(42,'324216'),
(46,'324229'),
(48,'324252'),
(41,'324266'),
(49,'324339'),
(42,'324361'),
(42,'324378'),
(45,'324404'),
(46,'324435'),
(48,'324455'),
(43,'324459'),
(45,'324478'),
(42,'324493'),
(48,'324498'),
(44,'324549'),
(41,'324586'),
(48,'324596'),
(44,'324598'),
(43,'324634'),
(47,'324640'),
(45,'324656'),
(46,'324703'),
(41,'324708'),
(49,'324732'),
(42,'324739'),
(45,'324751'),
(48,'324770'),
(45,'324828'),
(46,'324833'),
(48,'324843'),
(39,'324855'),
(45,'324864'),
(40,'324866'),
(46,'324885'),
(40,'324891'),
(47,'324905'),
(49,'324936'),
(41,'324939'),
(49,'325003'),
(45,'325020'),
(44,'325083'),
(43,'325110'),
(41,'325136'),
(39,'325153'),
(47,'325158'),
(46,'325164'),
(40,'325167'),
(41,'325175'),
(45,'325182'),
(47,'325186'),
(43,'325202'),
(39,'325254'),
(48,'325265'),
(40,'325279'),
(48,'325298'),
(48,'325320'),
(39,'325322'),
(43,'325335'),
(43,'325367'),
(45,'325385'),
(44,'325393'),
(48,'325419'),
(43,'325434'),
(49,'325456'),
(40,'325527'),
(39,'325546'),
(44,'325588'),
(49,'325604'),
(40,'325611'),
(47,'325679'),
(41,'325694'),
(39,'325723'),
(48,'325753'),
(47,'325778'),
(43,'325783'),
(41,'325788'),
(40,'325823'),
(44,'325850'),
(40,'325865'),
(48,'325875'),
(49,'325882'),
(49,'325939'),
(46,'325954'),
(43,'325986'),
(39,'326011'),
(42,'326057'),
(44,'326070'),
(39,'326074'),
(48,'326094'),
(45,'326104'),
(42,'326116'),
(46,'326136'),
(44,'326140'),
(43,'326143'),
(49,'326155'),
(42,'326234'),
(42,'326257'),
(41,'326277'),
(42,'326278'),
(46,'326292'),
(48,'326304'),
(46,'326323'),
(46,'326328'),
(46,'326352'),
(45,'326372'),
(44,'326382'),
(42,'326393'),
(44,'326408'),
(47,'326421'),
(46,'326425'),
(49,'326459'),
(45,'326488'),
(48,'326511'),
(40,'326545'),
(42,'326573'),
(48,'326586'),
(39,'326600'),
(42,'326602'),
(39,'326608'),
(45,'326637'),
(49,'326650'),
(39,'326678'),
(39,'326680'),
(42,'326748'),
(48,'326772'),
(45,'326785'),
(46,'326788'),
(48,'326802'),
(42,'326811'),
(49,'326831'),
(40,'326881'),
(42,'326884'),
(46,'326892'),
(43,'326911'),
(46,'326926'),
(42,'326947'),
(39,'326978'),
(39,'326985'),
(42,'327003'),
(49,'327008'),
(44,'327039'),
(39,'327041'),
(47,'327057'),
(47,'327092'),
(48,'327126'),
(46,'327128'),
(42,'327134'),
(39,'327150'),
(43,'327196'),
(43,'327221'),
(39,'327259'),
(46,'327261'),
(39,'327270'),
(46,'327280'),
(48,'327288'),
(39,'327307'),
(41,'327323'),
(43,'327332'),
(40,'327335'),
(48,'327351'),
(39,'327412'),
(49,'327415'),
(41,'327443'),
(43,'327509'),
(46,'327526'),
(42,'327545'),
(48,'327557'),
(41,'327605'),
(48,'327625'),
(39,'327633'),
(40,'327652'),
(39,'327660'),
(48,'327738'),
(49,'327743'),
(48,'327753'),
(46,'327796'),
(40,'327816'),
(46,'327817'),
(45,'327832'),
(48,'327844'),
(47,'327848'),
(48,'327854'),
(42,'327874'),
(40,'327881'),
(41,'327895'),
(47,'327925'),
(41,'327933'),
(44,'327945'),
(43,'327978'),
(44,'327987'),
(46,'327992'),
(40,'328027'),
(46,'328047'),
(47,'328067'),
(39,'328068'),
(47,'328086'),
(41,'328093'),
(48,'328106'),
(45,'328112'),
(44,'328117'),
(43,'328220'),
(44,'328232'),
(46,'328257'),
(44,'328273'),
(43,'328311'),
(44,'328352'),
(45,'328402'),
(49,'328417'),
(39,'328435'),
(42,'328436'),
(49,'328521'),
(43,'328533'),
(40,'328561'),
(46,'328567'),
(46,'328592'),
(45,'328619'),
(47,'328635'),
(44,'328657'),
(49,'328665'),
(40,'328685'),
(46,'328706'),
(45,'328742'),
(41,'328806'),
(44,'328834'),
(43,'328865'),
(42,'328898'),
(42,'328899'),
(44,'328917'),
(40,'328950'),
(44,'328999'),
(46,'329004'),
(46,'329009'),
(45,'329022'),
(41,'329051'),
(49,'329052'),
(43,'329075'),
(44,'329087'),
(43,'329096'),
(42,'329107'),
(40,'329117'),
(43,'329135'),
(43,'329162'),
(44,'329219'),
(48,'329232'),
(46,'329329'),
(48,'329339'),
(42,'329357'),
(42,'329370'),
(39,'329387'),
(43,'329389'),
(43,'329438'),
(45,'329482'),
(45,'329492'),
(46,'329528'),
(42,'329537'),
(41,'329635'),
(48,'329676'),
(43,'329686'),
(40,'329702'),
(41,'329704'),
(41,'329731'),
(44,'329746'),
(41,'329764'),
(44,'329786'),
(42,'329853'),
(49,'329883'),
(40,'329957'),
(42,'329962'),
(41,'329983'),
(46,'330016'),
(41,'330045'),
(47,'330060'),
(43,'330077'),
(46,'330097'),
(42,'330139'),
(48,'330169'),
(45,'330173'),
(41,'330185'),
(43,'330195'),
(46,'330208'),
(49,'330216'),
(41,'330235'),
(39,'330255'),
(39,'330270'),
(40,'330307'),
(48,'330330'),
(46,'330360'),
(46,'330379'),
(42,'330435'),
(43,'330446'),
(40,'330461'),
(49,'330473'),
(42,'330476'),
(48,'330527'),
(46,'330554'),
(39,'330594'),
(48,'330688'),
(45,'330705'),
(42,'330707'),
(43,'330756'),
(39,'330758'),
(45,'330778'),
(47,'330795'),
(46,'330830'),
(48,'330841'),
(41,'330855'),
(43,'330897'),
(41,'330943'),
(39,'330945'),
(45,'330952'),
(39,'330956'),
(48,'330975'),
(41,'330985'),
(45,'331014'),
(45,'331086'),
(47,'331100'),
(43,'331114'),
(40,'331191'),
(44,'331221'),
(40,'331255'),
(43,'331258'),
(45,'331271'),
(40,'331316'),
(49,'331333'),
(43,'331355'),
(47,'331387'),
(49,'331427'),
(44,'331437'),
(49,'331473'),
(41,'331487'),
(48,'331520'),
(42,'331538'),
(43,'331547'),
(41,'331554'),
(42,'331576'),
(49,'331577'),
(41,'331591'),
(44,'331609'),
(49,'331627'),
(49,'331644'),
(45,'331670'),
(40,'331681'),
(48,'331707'),
(46,'331739'),
(45,'331749'),
(41,'331768'),
(41,'331799'),
(39,'331813'),
(43,'331814'),
(43,'331816'),
(40,'331849'),
(46,'331872'),
(45,'331882'),
(48,'331894'),
(43,'331916'),
(40,'331964'),
(40,'332001'),
(48,'332024'),
(41,'332049'),
(41,'332099'),
(43,'332110'),
(49,'332124'),
(48,'332174'),
(47,'332204'),
(40,'332221'),
(49,'332235'),
(46,'332237'),
(41,'332242'),
(43,'332257'),
(44,'332285'),
(43,'332294'),
(45,'332307'),
(43,'332352'),
(44,'332372'),
(45,'332413'),
(42,'332436'),
(42,'332437'),
(46,'332448'),
(45,'332467'),
(39,'332512'),
(41,'332526'),
(48,'332527'),
(47,'332556'),
(39,'332559'),
(44,'332590'),
(47,'332606'),
(40,'332639'),
(40,'332647'),
(43,'332747'),
(46,'332762'),
(44,'332775'),
(49,'332798'),
(44,'332818'),
(39,'332845'),
(45,'332853'),
(42,'332871'),
(44,'332893'),
(42,'332898'),
(45,'332927'),
(42,'332936'),
(40,'332946'),
(42,'332964'),
(49,'332967'),
(47,'332978'),
(43,'333047'),
(39,'333049'),
(40,'333068'),
(41,'333089'),
(48,'333098'),
(42,'333111'),
(43,'333116'),
(41,'333158'),
(41,'333165'),
(41,'333174'),
(39,'333199'),
(45,'333208'),
(39,'333218'),
(43,'333230'),
(44,'333265'),
(44,'333281'),
(47,'333301'),
(44,'333330'),
(49,'333382'),
(41,'333389'),
(44,'333399'),
(46,'333419'),
(43,'333445'),
(48,'333460'),
(42,'333498'),
(39,'333510'),
(41,'333523'),
(49,'333528'),
(48,'333543'),
(40,'333563'),
(49,'333582'),
(48,'333613'),
(41,'333614'),
(49,'333641'),
(41,'333642'),
(44,'333648'),
(45,'333653'),
(48,'333668'),
(49,'333678'),
(43,'333688'),
(43,'333690'),
(46,'333710'),
(46,'333713'),
(46,'333721'),
(42,'333733'),
(48,'333761'),
(42,'333812'),
(45,'333828'),
(41,'333874'),
(49,'333933'),
(42,'333952'),
(47,'333970'),
(46,'333983'),
(39,'334005'),
(48,'334031'),
(43,'334042'),
(44,'334110'),
(40,'334114'),
(43,'334121'),
(45,'334200'),
(45,'334202'),
(40,'334217'),
(41,'334218'),
(48,'334228'),
(45,'334244'),
(42,'334254'),
(47,'334277'),
(43,'334304'),
(40,'334308'),
(42,'334316'),
(48,'334343'),
(42,'334371'),
(48,'334398'),
(40,'334418'),
(47,'334428'),
(47,'334450'),
(42,'334458'),
(41,'334480'),
(46,'334537'),
(46,'334569'),
(47,'334574'),
(46,'334590'),
(47,'334608'),
(39,'334614'),
(44,'334617'),
(44,'334681'),
(41,'334700'),
(39,'334713'),
(46,'334715'),
(46,'334761'),
(43,'334764'),
(42,'334781'),
(47,'334798'),
(46,'334841'),
(48,'334866'),
(42,'334911'),
(46,'334921'),
(40,'334933'),
(49,'334959'),
(49,'334967'),
(43,'334990'),
(41,'335030'),
(48,'335046'),
(48,'335081'),
(40,'335090'),
(46,'335097'),
(41,'335099'),
(39,'335132'),
(39,'335144'),
(48,'335174'),
(42,'335183'),
(42,'335222'),
(43,'335239'),
(48,'335243');


INSERT INTO candidates(candidate_id,election_id,user_id,is_accepted) VALUES
(57,3,'131115',TRUE),
(58,3,'146744',TRUE),
(59,3,'148229',TRUE),
(60,3,'153620',TRUE),
(61,3,'163634',TRUE),
(62,3,'176104',TRUE),
(63,3,'178347',TRUE),
(64,3,'185587',TRUE),
(65,3,'187955',TRUE),
(66,3,'190501',TRUE),
(67,3,'206296',TRUE),
(68,3,'217091',TRUE),
(69,3,'217280',TRUE),
(70,3,'218248',TRUE),
(71,3,'219302',TRUE),
(72,3,'232863',TRUE),
(73,3,'235567',TRUE),
(74,3,'237431',TRUE),
(75,3,'240173',TRUE),
(76,3,'245623',TRUE),
(77,3,'245780',TRUE),
(78,3,'251911',TRUE),
(79,3,'263894',TRUE),
(80,3,'271743',TRUE),
(81,3,'284116',TRUE),
(82,3,'292544',TRUE),
(83,3,'294027',TRUE),
(84,3,'301257',TRUE),
(85,3,'303377',TRUE),
(86,3,'315976',TRUE),
(87,3,'321480',TRUE),
(88,3,'323464',TRUE),
(89,3,'133281',FALSE),
(90,3,'135267',FALSE),
(91,3,'142166',FALSE),
(92,3,'147353',FALSE),
(93,3,'220804',FALSE),
(94,3,'254815',FALSE),
(95,3,'289196',FALSE),
(96,3,'301854',FALSE);
INSERT INTO votes(candidate_id,user_id) VALUES
(84,'125028'),
(57,'125042'),
(78,'125063'),
(64,'125068'),
(58,'125101'),
(83,'125148'),
(72,'125166'),
(63,'125184'),
(60,'125212'),
(88,'125214'),
(63,'125216'),
(75,'125255'),
(74,'125289'),
(57,'125308'),
(64,'125315'),
(85,'125368'),
(60,'125378'),
(84,'125382'),
(62,'125394'),
(71,'125414'),
(60,'125436'),
(61,'125452'),
(83,'125541'),
(65,'125543'),
(70,'125553'),
(80,'125601'),
(58,'125611'),
(74,'125625'),
(83,'125642'),
(82,'125646'),
(63,'125664'),
(69,'125688'),
(57,'125699'),
(63,'125709'),
(68,'125724'),
(87,'125729'),
(84,'125777'),
(61,'125795'),
(69,'125814'),
(82,'125862'),
(63,'125878'),
(76,'125894'),
(63,'125905'),
(79,'125940'),
(84,'125941'),
(58,'126025'),
(85,'126029'),
(61,'126037'),
(65,'126050'),
(79,'126058'),
(65,'126073'),
(66,'126107'),
(73,'126111'),
(77,'126131'),
(81,'126196'),
(67,'126234'),
(84,'126241'),
(77,'126250'),
(87,'126260'),
(83,'126263'),
(58,'126264'),
(84,'126277'),
(70,'126298'),
(70,'126361'),
(75,'126363'),
(82,'126394'),
(61,'126411'),
(80,'126424'),
(81,'126464'),
(71,'126482'),
(67,'126500'),
(62,'126555'),
(75,'126580'),
(71,'126614'),
(73,'126632'),
(68,'126701'),
(82,'126721'),
(82,'126744'),
(73,'126762'),
(63,'126787'),
(78,'126805'),
(78,'126849'),
(74,'126869'),
(75,'126946'),
(83,'126975'),
(68,'126979'),
(77,'127013'),
(80,'127015'),
(60,'127031'),
(68,'127083'),
(76,'127094'),
(74,'127104'),
(60,'127128'),
(72,'127141'),
(82,'127216'),
(69,'127219'),
(76,'127282'),
(79,'127302'),
(67,'127308'),
(88,'127318'),
(74,'127321'),
(67,'127338'),
(73,'127342'),
(84,'127345'),
(59,'127388'),
(81,'127408'),
(60,'127410'),
(60,'127453'),
(64,'127458'),
(68,'127514'),
(81,'127543'),
(79,'127560'),
(87,'127577'),
(74,'127672'),
(80,'127699'),
(84,'127704'),
(85,'127714'),
(66,'127737'),
(77,'127765'),
(73,'127787'),
(58,'127804'),
(82,'127815'),
(68,'127845'),
(72,'127864'),
(83,'127900'),
(65,'127912'),
(60,'127925'),
(65,'127930'),
(85,'127972'),
(67,'128005'),
(58,'128020'),
(77,'128027'),
(58,'128047'),
(68,'128077'),
(60,'128079'),
(63,'128115'),
(72,'128144'),
(62,'128161'),
(79,'128196'),
(67,'128203'),
(65,'128225'),
(67,'128232'),
(69,'128263'),
(58,'128332'),
(74,'128425'),
(64,'128430'),
(73,'128450'),
(85,'128454'),
(84,'128474'),
(88,'128489'),
(76,'128535'),
(83,'128551'),
(61,'128562'),
(62,'128585'),
(70,'128602'),
(76,'128605'),
(72,'128660'),
(79,'128668'),
(83,'128724'),
(59,'128762'),
(76,'128780'),
(71,'128791'),
(76,'128809'),
(83,'128818'),
(81,'128843'),
(84,'128857'),
(76,'128868'),
(70,'128883'),
(58,'128884'),
(73,'128936'),
(74,'128946'),
(77,'128962'),
(64,'128972'),
(60,'128985'),
(72,'128992'),
(60,'129019'),
(88,'129042'),
(78,'129111'),
(81,'129170'),
(78,'129187'),
(77,'129259'),
(82,'129271'),
(77,'129294'),
(85,'129333'),
(70,'129346'),
(73,'129395'),
(88,'129502'),
(84,'129526'),
(88,'129545'),
(76,'129555'),
(77,'129570'),
(70,'129580'),
(65,'129595'),
(68,'129605'),
(85,'129628'),
(62,'129663'),
(60,'129672'),
(62,'129689'),
(69,'129716'),
(80,'129735'),
(72,'129752'),
(70,'129815'),
(81,'129833'),
(63,'129846'),
(65,'129857'),
(69,'129861'),
(74,'129935'),
(87,'129937'),
(60,'129954'),
(86,'129962'),
(64,'129985'),
(81,'129999'),
(84,'130014'),
(83,'130026'),
(57,'130028'),
(59,'130046'),
(68,'130057'),
(84,'130084'),
(61,'130112'),
(88,'130118'),
(84,'130146'),
(59,'130183'),
(68,'130204'),
(61,'130221'),
(77,'130254'),
(85,'130276'),
(75,'130283'),
(83,'130301'),
(72,'130333'),
(60,'130354'),
(65,'130400'),
(75,'130402'),
(64,'130421'),
(70,'130460'),
(58,'130510'),
(57,'130533'),
(84,'130548'),
(72,'130571'),
(58,'130642'),
(80,'130643'),
(63,'130686'),
(78,'130700'),
(69,'130721'),
(78,'130745'),
(81,'130775'),
(66,'130807'),
(72,'130820'),
(73,'130844'),
(77,'130849'),
(61,'130876'),
(58,'130911'),
(67,'130929'),
(78,'130936'),
(58,'130969'),
(79,'131006'),
(76,'131059'),
(72,'131106'),
(57,'131145'),
(69,'131210'),
(70,'131215'),
(75,'131216'),
(88,'131284'),
(67,'131304'),
(62,'131387'),
(58,'131458'),
(74,'131469'),
(70,'131471'),
(81,'131482'),
(61,'131486'),
(88,'131521'),
(61,'131584'),
(58,'131600'),
(83,'131662'),
(84,'131689'),
(72,'131715'),
(72,'131722'),
(78,'131745'),
(65,'131777'),
(63,'131791'),
(72,'131801'),
(66,'131810'),
(57,'131814'),
(82,'131828'),
(88,'131843'),
(82,'131933'),
(77,'131962'),
(73,'131982'),
(74,'131987'),
(71,'131997'),
(74,'132044'),
(73,'132088'),
(61,'132137'),
(59,'132143'),
(78,'132151'),
(69,'132171'),
(84,'132220'),
(88,'132224'),
(71,'132260'),
(61,'132291'),
(63,'132299'),
(85,'132315'),
(62,'132361'),
(76,'132396'),
(60,'132413'),
(80,'132443'),
(60,'132455'),
(59,'132485'),
(84,'132509'),
(76,'132517'),
(72,'132540'),
(70,'132551'),
(82,'132564'),
(76,'132593'),
(69,'132604'),
(68,'132613'),
(77,'132647'),
(69,'132718'),
(79,'132737'),
(70,'132746'),
(80,'132769'),
(60,'132828'),
(80,'132843'),
(82,'132864'),
(67,'132880'),
(57,'132907'),
(63,'132923'),
(76,'132928'),
(72,'132937'),
(78,'132940'),
(74,'132960'),
(88,'132996'),
(58,'133096'),
(87,'133137'),
(74,'133205'),
(58,'133251'),
(78,'133281'),
(74,'133303'),
(82,'133339'),
(85,'133389'),
(80,'133417'),
(59,'133492'),
(58,'133537'),
(64,'133545'),
(82,'133574'),
(81,'133597'),
(85,'133630'),
(58,'133636'),
(63,'133650'),
(83,'133667'),
(65,'133678'),
(78,'133685'),
(77,'133698'),
(68,'133705'),
(74,'133794'),
(67,'133812'),
(63,'133828'),
(80,'133829'),
(72,'133836'),
(75,'133904'),
(65,'133938'),
(59,'133981'),
(77,'134003'),
(78,'134023'),
(82,'134086'),
(84,'134132'),
(87,'134158'),
(88,'134180'),
(67,'134192'),
(79,'134201'),
(73,'134217'),
(80,'134228'),
(87,'134241'),
(80,'134326'),
(82,'134380'),
(67,'134406'),
(81,'134413'),
(84,'134421'),
(72,'134439'),
(72,'134444'),
(75,'134452'),
(62,'134512'),
(66,'134555'),
(74,'134564'),
(75,'134591'),
(71,'134609'),
(75,'134613'),
(70,'134679'),
(61,'134689'),
(77,'134700'),
(86,'134728'),
(88,'134745'),
(82,'134765'),
(59,'134810'),
(82,'134829'),
(68,'134842'),
(67,'134852'),
(81,'134911'),
(85,'134932'),
(63,'134971'),
(84,'134989'),
(88,'135022'),
(61,'135141'),
(85,'135162'),
(80,'135190'),
(67,'135221'),
(76,'135247'),
(69,'135277'),
(64,'135291'),
(64,'135337'),
(80,'135378'),
(79,'135432'),
(67,'135442'),
(68,'135444'),
(81,'135462'),
(79,'135469'),
(85,'135505'),
(68,'135514'),
(81,'135599'),
(64,'135601'),
(72,'135665'),
(72,'135735'),
(67,'135755'),
(88,'135763'),
(64,'135812'),
(87,'135832'),
(86,'135846'),
(72,'135848'),
(71,'135878'),
(77,'135879'),
(73,'135921'),
(60,'135954'),
(74,'136002'),
(76,'136016'),
(61,'136022'),
(86,'136036'),
(68,'136042'),
(81,'136061'),
(61,'136068'),
(66,'136103'),
(88,'136134'),
(87,'136170'),
(76,'136183'),
(82,'136190'),
(60,'136209'),
(84,'136245'),
(76,'136268'),
(73,'136278'),
(66,'136293'),
(88,'136304'),
(79,'136324'),
(86,'136335'),
(73,'136344'),
(70,'136350'),
(68,'136364'),
(65,'136426'),
(59,'136452'),
(67,'136462'),
(73,'136478'),
(59,'136486'),
(77,'136502'),
(76,'136503'),
(88,'136513'),
(69,'136591'),
(83,'136619'),
(77,'136633'),
(71,'136659'),
(86,'136670'),
(63,'136714'),
(57,'136720'),
(67,'136731'),
(86,'136777'),
(83,'136854'),
(84,'136871'),
(79,'136882'),
(60,'136890'),
(67,'136892'),
(65,'136911'),
(63,'136945'),
(65,'136958'),
(82,'136960'),
(78,'136973'),
(77,'136996'),
(86,'137010'),
(69,'137013'),
(69,'137044'),
(70,'137063'),
(81,'137109'),
(79,'137116'),
(74,'137149'),
(68,'137168'),
(86,'137185'),
(86,'137206'),
(59,'137210'),
(73,'137244'),
(77,'137256'),
(62,'137287'),
(73,'137320'),
(70,'137326'),
(70,'137342'),
(71,'137361'),
(73,'137364'),
(65,'137370'),
(74,'137381'),
(88,'137422'),
(80,'137437'),
(85,'137446'),
(58,'137463'),
(79,'137477'),
(65,'137478'),
(63,'137493'),
(84,'137503'),
(86,'137521'),
(84,'137554'),
(83,'137607'),
(59,'137616'),
(69,'137686'),
(69,'137697'),
(86,'137717'),
(67,'137731'),
(75,'137783'),
(85,'137814'),
(86,'137821'),
(71,'137839'),
(87,'137862'),
(84,'137870'),
(64,'137938'),
(87,'137965'),
(60,'137971'),
(61,'137982'),
(60,'138023'),
(81,'138049'),
(61,'138094'),
(78,'138113'),
(69,'138126'),
(80,'138187'),
(59,'138222'),
(68,'138236'),
(80,'138270'),
(69,'138273'),
(64,'138325'),
(81,'138345'),
(60,'138350'),
(81,'138364'),
(58,'138379'),
(65,'138434'),
(73,'138461'),
(67,'138480'),
(59,'138492'),
(67,'138549'),
(58,'138565'),
(74,'138603'),
(58,'138700'),
(72,'138814'),
(63,'138839'),
(59,'138862'),
(59,'138869'),
(88,'138890'),
(73,'138893'),
(78,'138921'),
(71,'138976'),
(58,'138992'),
(60,'139033'),
(85,'139044'),
(68,'139056'),
(64,'139073'),
(60,'139075'),
(60,'139078'),
(68,'139093'),
(61,'139107'),
(60,'139128'),
(86,'139135'),
(68,'139162'),
(69,'139180'),
(75,'139196'),
(67,'139222'),
(67,'139241'),
(83,'139252'),
(82,'139270'),
(63,'139295'),
(88,'139317'),
(71,'139338'),
(63,'139355'),
(58,'139356'),
(76,'139362'),
(70,'139366'),
(61,'139418'),
(60,'139419'),
(69,'139420'),
(76,'139421'),
(62,'139448'),
(57,'139469'),
(87,'139489'),
(59,'139506'),
(59,'139513'),
(63,'139538'),
(84,'139552'),
(71,'139561'),
(72,'139612'),
(66,'139628'),
(69,'139641'),
(84,'139644'),
(68,'139661'),
(88,'139676'),
(88,'139713'),
(86,'139714'),
(59,'139745'),
(88,'139746'),
(66,'139771'),
(84,'139785'),
(80,'139802'),
(57,'139807'),
(60,'139817'),
(69,'139826'),
(87,'139872'),
(71,'139879'),
(77,'139951'),
(74,'139956'),
(76,'139970'),
(82,'139982'),
(60,'139985'),
(78,'139996'),
(88,'140042'),
(65,'140170'),
(60,'140212'),
(66,'140224'),
(87,'140228'),
(58,'140272'),
(72,'140291'),
(88,'140301'),
(63,'140318'),
(76,'140338'),
(78,'140339'),
(81,'140344'),
(73,'140385'),
(62,'140433'),
(76,'140434'),
(75,'140486'),
(65,'140502'),
(84,'140518'),
(70,'140547'),
(73,'140626'),
(84,'140630'),
(80,'140652'),
(84,'140670'),
(63,'140705'),
(58,'140718'),
(72,'140754'),
(65,'140820'),
(78,'140874'),
(67,'140889'),
(58,'140916'),
(62,'140932'),
(82,'140941'),
(67,'140982'),
(57,'141012'),
(73,'141019'),
(73,'141036'),
(70,'141041'),
(69,'141069'),
(67,'141072'),
(64,'141083'),
(72,'141103'),
(85,'141122'),
(63,'141127'),
(61,'141134'),
(81,'141184'),
(65,'141200'),
(65,'141203'),
(68,'141238'),
(70,'141252'),
(76,'141274'),
(86,'141299'),
(85,'141315'),
(70,'141330'),
(72,'141352'),
(81,'141440'),
(70,'141459'),
(70,'141482'),
(61,'141521'),
(78,'141564'),
(82,'141605'),
(86,'141648'),
(64,'141678'),
(79,'141680'),
(87,'141733'),
(76,'141754'),
(66,'141769'),
(57,'141798'),
(80,'141810'),
(77,'141843'),
(69,'141861'),
(73,'141870'),
(75,'141895'),
(81,'141909'),
(75,'141966'),
(88,'141991'),
(62,'142032'),
(80,'142037'),
(88,'142062'),
(75,'142070'),
(61,'142132'),
(57,'142143'),
(57,'142153'),
(59,'142168'),
(57,'142219'),
(77,'142248'),
(78,'142260'),
(76,'142319'),
(66,'142323'),
(85,'142335'),
(80,'142341'),
(63,'142368'),
(69,'142403'),
(70,'142424'),
(65,'142439'),
(85,'142461'),
(77,'142482'),
(79,'142498'),
(68,'142536'),
(57,'142561'),
(57,'142567'),
(78,'142612'),
(73,'142629'),
(66,'142698'),
(58,'142712'),
(86,'142721'),
(85,'142755'),
(80,'142778'),
(61,'142783'),
(87,'142807'),
(59,'142818'),
(64,'142836'),
(71,'142857'),
(65,'142891'),
(59,'142918'),
(78,'142921'),
(68,'142924'),
(61,'142942'),
(87,'143002'),
(88,'143025'),
(85,'143057'),
(68,'143093'),
(71,'143125'),
(85,'143143'),
(83,'143206'),
(78,'143228'),
(67,'143274'),
(84,'143303'),
(68,'143332'),
(65,'143348'),
(74,'143381'),
(71,'143414'),
(71,'143420'),
(75,'143429'),
(79,'143448'),
(69,'143490'),
(70,'143510'),
(75,'143538'),
(75,'143560'),
(58,'143593'),
(69,'143629'),
(58,'143637'),
(84,'143638'),
(59,'143653'),
(75,'143682'),
(61,'143684'),
(81,'143697'),
(70,'143725'),
(74,'143818'),
(65,'143883'),
(66,'143922'),
(63,'143957'),
(69,'143972'),
(78,'144055'),
(78,'144060'),
(88,'144101'),
(62,'144141'),
(66,'144143'),
(60,'144159'),
(67,'144176'),
(77,'144212'),
(70,'144229'),
(72,'144262'),
(84,'144295'),
(80,'144350'),
(75,'144362'),
(64,'144381'),
(75,'144383'),
(74,'144417'),
(75,'144516'),
(70,'144522'),
(65,'144538'),
(81,'144539'),
(58,'144543'),
(80,'144544'),
(66,'144574'),
(73,'144593'),
(60,'144602'),
(59,'144613'),
(68,'144635'),
(74,'144669'),
(65,'144677'),
(74,'144692'),
(78,'144730'),
(67,'144733'),
(71,'144747'),
(73,'144754'),
(62,'144757'),
(85,'144768'),
(59,'144845'),
(78,'144860'),
(58,'144864'),
(80,'144884'),
(87,'144893'),
(74,'144911'),
(71,'144919'),
(84,'144929'),
(79,'144953'),
(76,'144954'),
(75,'145012'),
(63,'145080'),
(71,'145113'),
(81,'145121'),
(76,'145126'),
(75,'145132'),
(62,'145156'),
(80,'145166'),
(57,'145179'),
(68,'145188'),
(83,'145191'),
(62,'145210'),
(76,'145220'),
(75,'145256'),
(62,'145313'),
(88,'145359'),
(79,'145391'),
(57,'145474'),
(86,'145526'),
(87,'145561'),
(67,'145564'),
(76,'145567'),
(70,'145595'),
(69,'145614'),
(88,'145648'),
(57,'145684'),
(73,'145709'),
(57,'145727'),
(77,'145771'),
(73,'145773'),
(77,'145816'),
(75,'145862'),
(68,'145885'),
(85,'145991'),
(71,'146019'),
(58,'146037'),
(68,'146046'),
(74,'146054'),
(62,'146063'),
(78,'146068'),
(81,'146077'),
(58,'146093'),
(86,'146123'),
(68,'146181'),
(69,'146185'),
(64,'146199'),
(84,'146203'),
(72,'146206'),
(76,'146207'),
(65,'146267'),
(88,'146287'),
(72,'146354'),
(57,'146372'),
(82,'146392'),
(60,'146404'),
(86,'146417'),
(88,'146419'),
(87,'146454'),
(60,'146479'),
(68,'146503'),
(74,'146540'),
(70,'146598'),
(85,'146640'),
(67,'146645'),
(81,'146659'),
(68,'146662'),
(81,'146675'),
(83,'146696'),
(66,'146700'),
(58,'146706'),
(88,'146716'),
(78,'146720'),
(88,'146730'),
(82,'146744'),
(69,'146783'),
(76,'146790'),
(77,'146810'),
(82,'146835'),
(65,'146949'),
(71,'146965'),
(82,'146976'),
(67,'147012'),
(62,'147024'),
(67,'147028'),
(82,'147048'),
(61,'147085'),
(85,'147118'),
(82,'147211'),
(82,'147234'),
(83,'147271'),
(59,'147289'),
(84,'147318'),
(88,'147336'),
(58,'147371'),
(75,'147382'),
(76,'147394'),
(76,'147428'),
(84,'147454'),
(63,'147481'),
(82,'147535'),
(80,'147550'),
(65,'147577'),
(67,'147597'),
(80,'147625'),
(60,'147629'),
(73,'147647'),
(63,'147659'),
(86,'147688'),
(71,'147697'),
(81,'147702'),
(57,'147715'),
(67,'147735'),
(72,'147765'),
(75,'147871'),
(83,'147881'),
(75,'147892'),
(61,'147966'),
(83,'147975'),
(84,'147997'),
(76,'148015'),
(81,'148036'),
(79,'148037'),
(85,'148077'),
(82,'148111'),
(73,'148144'),
(64,'148156'),
(60,'148159'),
(61,'148176'),
(86,'148203'),
(85,'148229'),
(80,'148240'),
(59,'148276'),
(78,'148288'),
(78,'148299'),
(87,'148329'),
(88,'148371'),
(59,'148395'),
(82,'148411'),
(79,'148443'),
(68,'148450'),
(77,'148456'),
(64,'148459'),
(88,'148472'),
(59,'148483'),
(64,'148535'),
(81,'148538'),
(63,'148576'),
(66,'148590'),
(60,'148602'),
(74,'148622'),
(82,'148633'),
(79,'148643'),
(75,'148682'),
(61,'148709'),
(82,'148726'),
(86,'148756'),
(58,'148764'),
(75,'148770'),
(84,'148782'),
(87,'148816'),
(73,'148839'),
(61,'148868'),
(68,'148893'),
(63,'148901'),
(71,'148911'),
(79,'148930'),
(63,'148948'),
(64,'148958'),
(61,'148965'),
(63,'148972'),
(69,'149088'),
(85,'149103'),
(83,'149117'),
(80,'149125'),
(88,'149141'),
(82,'149201'),
(75,'149220'),
(74,'149225'),
(86,'149244'),
(63,'149258'),
(76,'149259'),
(73,'149276'),
(75,'149288'),
(86,'149347'),
(75,'149352'),
(58,'149371'),
(85,'149389'),
(59,'149390'),
(57,'149406'),
(62,'149478'),
(72,'149509'),
(82,'149538'),
(74,'149549'),
(61,'149568'),
(85,'149582'),
(64,'149606'),
(88,'149626'),
(76,'149674'),
(88,'149699'),
(70,'149731'),
(85,'149739'),
(71,'149747'),
(72,'149764'),
(85,'149778'),
(71,'149810'),
(88,'149875'),
(61,'149890'),
(80,'149913'),
(85,'149929'),
(61,'149960'),
(58,'149975'),
(88,'149988'),
(66,'150006'),
(77,'150017'),
(64,'150023'),
(63,'150083'),
(70,'150101'),
(83,'150107'),
(60,'150121'),
(86,'150155'),
(68,'150211'),
(63,'150216'),
(86,'150222'),
(84,'150256'),
(62,'150310'),
(82,'150316'),
(64,'150319'),
(63,'150328'),
(61,'150383'),
(84,'150399'),
(57,'150430'),
(63,'150465'),
(60,'150475'),
(85,'150490'),
(63,'150507'),
(75,'150520'),
(60,'150544'),
(60,'150558'),
(74,'150572'),
(86,'150612'),
(58,'150632'),
(65,'150633'),
(86,'150647'),
(78,'150659'),
(66,'150677'),
(75,'150685'),
(83,'150704'),
(69,'150753'),
(62,'150791'),
(64,'150815'),
(70,'150878'),
(78,'150880'),
(80,'150936'),
(84,'150943'),
(86,'150958'),
(84,'150972'),
(84,'150983'),
(64,'150988'),
(76,'151006'),
(58,'151032'),
(81,'151076'),
(82,'151140'),
(69,'151150'),
(62,'151167'),
(58,'151195'),
(61,'151197'),
(77,'151210'),
(78,'151237'),
(67,'151308'),
(61,'151325'),
(83,'151329'),
(62,'151335'),
(67,'151353'),
(88,'151369'),
(66,'151390'),
(71,'151392'),
(86,'151423'),
(79,'151475'),
(81,'151484'),
(58,'151550'),
(81,'151578'),
(75,'151580'),
(57,'151581'),
(79,'151596'),
(88,'151599'),
(65,'151604'),
(68,'151612'),
(78,'151620'),
(74,'151656'),
(62,'151695'),
(82,'151708'),
(72,'151817'),
(85,'151840'),
(84,'151906'),
(75,'151946'),
(88,'151990'),
(71,'152007'),
(66,'152037'),
(80,'152054'),
(82,'152069'),
(82,'152086'),
(87,'152102'),
(57,'152105'),
(78,'152111'),
(79,'152144'),
(83,'152157'),
(86,'152211'),
(84,'152216'),
(73,'152228'),
(75,'152247'),
(61,'152258'),
(77,'152271'),
(62,'152272'),
(58,'152321'),
(60,'152363'),
(65,'152477'),
(69,'152491'),
(59,'152526'),
(87,'152579'),
(74,'152594'),
(75,'152604'),
(64,'152631'),
(82,'152651'),
(64,'152659'),
(82,'152719'),
(68,'152770'),
(62,'152812'),
(66,'152830'),
(59,'152865'),
(61,'152869'),
(83,'152930'),
(68,'152947'),
(73,'153010'),
(85,'153028'),
(63,'153060'),
(66,'153078'),
(80,'153103'),
(88,'153135'),
(60,'153226'),
(85,'153266'),
(86,'153300'),
(81,'153310'),
(86,'153321'),
(79,'153335'),
(78,'153347'),
(66,'153395'),
(57,'153410'),
(71,'153421'),
(67,'153442'),
(75,'153477'),
(74,'153481'),
(69,'153536'),
(86,'153555'),
(65,'153596'),
(58,'153650'),
(86,'153680'),
(73,'153738'),
(75,'153759'),
(59,'153780'),
(83,'153814'),
(66,'153887'),
(69,'153900'),
(64,'153924'),
(80,'153925'),
(61,'153943'),
(75,'153946'),
(85,'154003'),
(64,'154029'),
(72,'154046'),
(67,'154076'),
(81,'154103'),
(84,'154116'),
(84,'154128'),
(84,'154148'),
(59,'154168'),
(57,'154197'),
(88,'154212'),
(69,'154221'),
(74,'154248'),
(77,'154290'),
(67,'154321'),
(84,'154323'),
(86,'154336'),
(75,'154343'),
(72,'154359'),
(81,'154364'),
(66,'154390'),
(79,'154404'),
(82,'154408'),
(85,'154422'),
(86,'154446'),
(85,'154456'),
(81,'154480'),
(83,'154500'),
(59,'154550'),
(69,'154553'),
(58,'154565'),
(71,'154583'),
(86,'154606'),
(64,'154644'),
(74,'154679'),
(82,'154720'),
(60,'154761'),
(84,'154801'),
(65,'154824'),
(60,'154825'),
(81,'154837'),
(69,'154886'),
(62,'154904'),
(88,'154914'),
(84,'154988'),
(59,'154997'),
(62,'155018'),
(75,'155057'),
(66,'155076'),
(59,'155111'),
(86,'155114'),
(75,'155188'),
(74,'155198'),
(59,'155204'),
(87,'155216'),
(68,'155269'),
(80,'155325'),
(60,'155390'),
(59,'155442'),
(58,'155472'),
(62,'155491'),
(70,'155503'),
(61,'155559'),
(62,'155566'),
(88,'155591'),
(72,'155617'),
(88,'155631'),
(85,'155672'),
(69,'155680'),
(72,'155699'),
(73,'155752'),
(70,'155772'),
(68,'155779'),
(80,'155799'),
(64,'155810'),
(86,'155877'),
(72,'155914'),
(82,'155931'),
(57,'155947'),
(76,'155989'),
(81,'155992'),
(57,'156014'),
(66,'156016'),
(71,'156041'),
(60,'156093'),
(75,'156128'),
(75,'156146'),
(83,'156155'),
(79,'156188'),
(57,'156201'),
(68,'156252'),
(81,'156263'),
(63,'156274'),
(83,'156289'),
(64,'156296'),
(85,'156308'),
(72,'156309'),
(73,'156366'),
(84,'156382'),
(75,'156386'),
(66,'156455'),
(74,'156463'),
(59,'156470'),
(77,'156479'),
(68,'156487'),
(83,'156489'),
(84,'156497'),
(71,'156517'),
(75,'156537'),
(70,'156547'),
(81,'156555'),
(79,'156592'),
(84,'156620'),
(79,'156684'),
(86,'156719'),
(87,'156730'),
(74,'156738'),
(85,'156752'),
(65,'156763'),
(62,'156787'),
(60,'156813'),
(81,'156819'),
(66,'156833'),
(63,'156858'),
(70,'156880'),
(77,'156881'),
(86,'156911'),
(60,'156931'),
(64,'156994'),
(86,'157000'),
(57,'157014'),
(86,'157044'),
(76,'157095'),
(63,'157119'),
(73,'157134'),
(67,'157147'),
(61,'157163'),
(88,'157241'),
(58,'157249'),
(69,'157269'),
(66,'157276'),
(79,'157291'),
(75,'157297'),
(78,'157306'),
(82,'157415'),
(63,'157442'),
(60,'157469'),
(73,'157493'),
(76,'157504'),
(76,'157602'),
(70,'157639'),
(65,'157645'),
(57,'157695'),
(72,'157740'),
(75,'157745'),
(71,'157785'),
(63,'157792'),
(87,'157832'),
(72,'157837'),
(75,'157841'),
(67,'157892'),
(65,'157910'),
(72,'157952'),
(87,'157968'),
(68,'157995'),
(85,'158007'),
(57,'158026'),
(83,'158117'),
(58,'158124'),
(87,'158145'),
(59,'158164'),
(67,'158243'),
(63,'158274'),
(73,'158290'),
(83,'158302'),
(62,'158346'),
(87,'158394'),
(75,'158429'),
(77,'158431'),
(87,'158470'),
(79,'158482'),
(72,'158495'),
(57,'158541'),
(71,'158598'),
(83,'158630'),
(76,'158646'),
(79,'158678'),
(71,'158725'),
(88,'158745'),
(88,'158776'),
(57,'158799'),
(83,'158820'),
(73,'158904'),
(65,'158941'),
(77,'158946'),
(82,'158964'),
(78,'158998'),
(68,'159011'),
(60,'159025'),
(76,'159057'),
(65,'159072'),
(62,'159078'),
(66,'159085'),
(68,'159089'),
(76,'159103'),
(69,'159120'),
(88,'159131'),
(61,'159230'),
(84,'159260'),
(66,'159267'),
(76,'159290'),
(86,'159293'),
(78,'159296'),
(74,'159304'),
(63,'159318'),
(65,'159327'),
(66,'159337'),
(75,'159355'),
(57,'159452'),
(63,'159475'),
(59,'159522'),
(81,'159546'),
(70,'159579'),
(65,'159584'),
(57,'159588'),
(65,'159671'),
(84,'159683'),
(68,'159711'),
(88,'159723'),
(87,'159772'),
(80,'159791'),
(60,'159800'),
(74,'159820'),
(57,'159833'),
(79,'159835'),
(85,'159901'),
(68,'159903'),
(76,'159921'),
(80,'159941'),
(65,'159963'),
(78,'159974'),
(84,'160017'),
(58,'160036'),
(73,'160079'),
(75,'160127'),
(77,'160145'),
(81,'160171'),
(60,'160222'),
(82,'160258'),
(65,'160280'),
(83,'160306'),
(61,'160319'),
(82,'160397'),
(71,'160403'),
(76,'160517'),
(61,'160532'),
(72,'160558'),
(72,'160576'),
(72,'160581'),
(79,'160625'),
(62,'160651'),
(63,'160669'),
(68,'160675'),
(60,'160705'),
(62,'160753'),
(83,'160792'),
(87,'160805'),
(77,'160818'),
(58,'160850'),
(70,'160870'),
(87,'160898'),
(76,'160912'),
(60,'160930'),
(62,'160957'),
(83,'160979'),
(68,'160998'),
(76,'161015'),
(83,'161016'),
(70,'161050'),
(61,'161107'),
(69,'161110'),
(71,'161116'),
(63,'161178'),
(60,'161197'),
(58,'161202'),
(79,'161241'),
(71,'161258'),
(81,'161300'),
(86,'161344'),
(84,'161420'),
(86,'161422'),
(68,'161468'),
(57,'161519'),
(81,'161528'),
(79,'161531'),
(84,'161565'),
(58,'161577'),
(85,'161579'),
(73,'161582'),
(65,'161587'),
(83,'161684'),
(79,'161691'),
(74,'161705'),
(77,'161718'),
(78,'161725'),
(86,'161730'),
(62,'161746'),
(66,'161820'),
(58,'161832'),
(82,'161850'),
(69,'161954'),
(85,'161988'),
(75,'161999'),
(70,'162015'),
(68,'162034'),
(84,'162039'),
(63,'162060'),
(61,'162098'),
(80,'162132'),
(80,'162164'),
(67,'162183'),
(88,'162194'),
(77,'162199'),
(62,'162265'),
(61,'162309'),
(69,'162323'),
(63,'162337'),
(64,'162342'),
(77,'162347'),
(78,'162380'),
(86,'162418'),
(69,'162421'),
(86,'162435'),
(79,'162436'),
(70,'162453'),
(70,'162476'),
(87,'162484'),
(60,'162499'),
(72,'162506'),
(75,'162597'),
(80,'162622'),
(83,'162669'),
(77,'162674'),
(62,'162695'),
(65,'162817'),
(58,'162822'),
(87,'162836'),
(68,'162851'),
(60,'162863'),
(65,'162873'),
(69,'162886'),
(82,'162903'),
(73,'162912'),
(76,'162917'),
(72,'162932'),
(74,'162969'),
(77,'162996'),
(66,'163025'),
(76,'163043'),
(77,'163096'),
(70,'163121'),
(77,'163159'),
(75,'163162'),
(87,'163164'),
(82,'163179'),
(63,'163187'),
(61,'163203'),
(74,'163283'),
(61,'163293'),
(75,'163307'),
(73,'163330'),
(81,'163348'),
(64,'163384'),
(72,'163395'),
(88,'163427'),
(70,'163435'),
(61,'163436'),
(72,'163469'),
(76,'163483'),
(84,'163500'),
(72,'163539'),
(63,'163543'),
(58,'163580'),
(76,'163584'),
(84,'163607'),
(85,'163648'),
(64,'163666'),
(79,'163681'),
(68,'163715'),
(61,'163729'),
(61,'163786'),
(65,'163845'),
(70,'163880'),
(58,'163915'),
(82,'163921'),
(83,'163944'),
(81,'163978'),
(86,'164053'),
(61,'164070'),
(66,'164082'),
(73,'164089'),
(66,'164092'),
(77,'164104'),
(69,'164231'),
(57,'164249'),
(58,'164266'),
(65,'164297'),
(59,'164305'),
(86,'164316'),
(63,'164335'),
(80,'164341'),
(71,'164400'),
(85,'164434'),
(86,'164452'),
(65,'164457'),
(59,'164462'),
(63,'164488'),
(79,'164536'),
(69,'164561'),
(77,'164588'),
(85,'164607'),
(63,'164634'),
(59,'164650'),
(85,'164668'),
(73,'164699'),
(62,'164759'),
(75,'164761'),
(73,'164782'),
(85,'164830'),
(70,'164894'),
(77,'164900'),
(65,'164939'),
(76,'164949'),
(87,'164954'),
(73,'164966'),
(78,'164998'),
(71,'165029'),
(66,'165039'),
(70,'165063'),
(62,'165095'),
(64,'165120'),
(60,'165126'),
(80,'165140'),
(59,'165165'),
(84,'165190'),
(67,'165210'),
(78,'165370'),
(62,'165375'),
(62,'165378'),
(86,'165395'),
(88,'165425'),
(80,'165484'),
(68,'165504'),
(68,'165544'),
(73,'165575'),
(79,'165607'),
(71,'165610'),
(76,'165647'),
(61,'165659'),
(68,'165678'),
(60,'165689'),
(61,'165766'),
(77,'165776'),
(57,'165809'),
(78,'165825'),
(85,'165860'),
(79,'165861'),
(71,'165868'),
(78,'165923'),
(60,'165925'),
(62,'165931'),
(69,'165994'),
(80,'166007'),
(87,'166025'),
(66,'166037'),
(85,'166038'),
(88,'166091'),
(60,'166153'),
(60,'166188'),
(71,'166223'),
(59,'166269'),
(63,'166304'),
(73,'166330'),
(68,'166405'),
(69,'166441'),
(78,'166443'),
(63,'166444'),
(57,'166459'),
(86,'166480'),
(80,'166563'),
(60,'166564'),
(63,'166586'),
(74,'166604'),
(80,'166615'),
(79,'166627'),
(83,'166655'),
(70,'166667'),
(75,'166700'),
(64,'166712'),
(62,'166779'),
(71,'166824'),
(74,'166872'),
(80,'166900'),
(58,'166915'),
(83,'166985'),
(88,'167011'),
(79,'167013'),
(67,'167044'),
(74,'167054'),
(58,'167060'),
(64,'167123'),
(71,'167161'),
(85,'167165'),
(80,'167201'),
(82,'167238'),
(59,'167241'),
(74,'167274'),
(81,'167294'),
(67,'167318'),
(88,'167320'),
(57,'167371'),
(68,'167424'),
(73,'167443'),
(78,'167492'),
(81,'167507'),
(79,'167522'),
(74,'167536'),
(85,'167547'),
(85,'167580'),
(74,'167605'),
(61,'167626'),
(88,'167631'),
(88,'167645'),
(57,'167676'),
(58,'167712'),
(87,'167729'),
(79,'167737'),
(72,'167764'),
(87,'167806'),
(66,'167816'),
(78,'167832'),
(59,'167839'),
(74,'167844'),
(72,'167875'),
(60,'167903'),
(60,'167906'),
(82,'167915'),
(87,'167939'),
(78,'168062'),
(62,'168087'),
(85,'168090'),
(60,'168133'),
(71,'168135'),
(80,'168152'),
(58,'168201'),
(65,'168218'),
(82,'168258'),
(87,'168272'),
(83,'168310'),
(63,'168320'),
(62,'168366'),
(84,'168399'),
(68,'168455'),
(57,'168468'),
(78,'168485'),
(80,'168503'),
(68,'168521'),
(66,'168580'),
(86,'168586'),
(72,'168645'),
(79,'168649'),
(74,'168684'),
(87,'168694'),
(72,'168713'),
(60,'168730'),
(58,'168744'),
(62,'168762'),
(73,'168800'),
(82,'168815'),
(78,'168820'),
(74,'168826'),
(67,'168830'),
(79,'168850'),
(75,'168851'),
(59,'168879'),
(74,'168892'),
(60,'168904'),
(59,'168919'),
(71,'168935'),
(86,'168950'),
(66,'168959'),
(58,'169004'),
(59,'169015'),
(68,'169069'),
(68,'169120'),
(61,'169157'),
(66,'169161'),
(67,'169175'),
(82,'169178'),
(61,'169204'),
(61,'169220'),
(61,'169228'),
(80,'169291'),
(63,'169303'),
(71,'169395'),
(61,'169470'),
(65,'169487'),
(77,'169501'),
(78,'169524'),
(88,'169531'),
(62,'169549'),
(85,'169569'),
(80,'169586'),
(66,'169658'),
(69,'169683'),
(70,'169689'),
(82,'169726'),
(76,'169739'),
(77,'169773'),
(83,'169782'),
(82,'169864'),
(58,'169873'),
(59,'169888'),
(68,'169895'),
(73,'169904'),
(75,'169916'),
(71,'169927'),
(78,'169947'),
(60,'169966'),
(84,'169979'),
(67,'170020'),
(69,'170072'),
(81,'170104'),
(77,'170114'),
(68,'170142'),
(73,'170144'),
(78,'170170'),
(84,'170181'),
(88,'170231'),
(68,'170327'),
(85,'170348'),
(85,'170371'),
(81,'170387'),
(61,'170401'),
(66,'170421'),
(84,'170433'),
(87,'170450'),
(74,'170477'),
(87,'170509'),
(70,'170518'),
(84,'170551'),
(65,'170557'),
(76,'170576'),
(87,'170579'),
(57,'170609'),
(61,'170636'),
(66,'170644'),
(75,'170702'),
(60,'170722'),
(72,'170742'),
(62,'170776'),
(77,'170813'),
(78,'170823'),
(66,'170843'),
(80,'170856'),
(71,'170860'),
(64,'170882'),
(72,'170892'),
(74,'170905'),
(77,'170968'),
(61,'171033'),
(88,'171040'),
(64,'171073'),
(84,'171089'),
(79,'171111'),
(69,'171129'),
(61,'171136'),
(74,'171138'),
(61,'171157'),
(71,'171161'),
(86,'171189'),
(75,'171192'),
(84,'171260'),
(76,'171298'),
(86,'171313'),
(67,'171326'),
(66,'171385'),
(83,'171413'),
(65,'171433'),
(66,'171453'),
(70,'171480'),
(70,'171495'),
(61,'171505'),
(88,'171516'),
(60,'171541'),
(57,'171586'),
(84,'171589'),
(74,'171592'),
(64,'171604'),
(70,'171628'),
(75,'171681'),
(70,'171714'),
(79,'171723'),
(78,'171755'),
(81,'171758'),
(71,'171788'),
(68,'171810'),
(86,'171827'),
(77,'171865'),
(68,'171874'),
(62,'171968'),
(67,'171981'),
(76,'172007'),
(68,'172026'),
(88,'172035'),
(83,'172073'),
(86,'172094'),
(79,'172116'),
(61,'172126'),
(84,'172152'),
(83,'172169'),
(81,'172194'),
(63,'172215'),
(86,'172238'),
(72,'172254'),
(68,'172270'),
(59,'172305'),
(77,'172346'),
(71,'172409'),
(80,'172427'),
(62,'172437'),
(72,'172450'),
(74,'172499'),
(79,'172512'),
(68,'172576'),
(81,'172582'),
(73,'172613'),
(73,'172641'),
(61,'172647'),
(87,'172661'),
(65,'172665'),
(67,'172668'),
(66,'172726'),
(60,'172748'),
(81,'172765'),
(83,'172789'),
(85,'172829'),
(77,'172870'),
(61,'172889'),
(65,'172903'),
(62,'172917'),
(88,'172931'),
(77,'172968'),
(63,'173004'),
(85,'173013'),
(83,'173041'),
(64,'173047'),
(79,'173069'),
(77,'173074'),
(67,'173091'),
(84,'173098'),
(72,'173112'),
(77,'173139'),
(80,'173165'),
(71,'173195'),
(78,'173267'),
(63,'173293'),
(64,'173306'),
(57,'173311'),
(65,'173328'),
(68,'173337'),
(72,'173342'),
(88,'173370'),
(65,'173390'),
(83,'173409'),
(79,'173419'),
(60,'173454'),
(80,'173473'),
(67,'173485'),
(69,'173500'),
(72,'173519'),
(75,'173536'),
(78,'173558'),
(66,'173590'),
(63,'173601'),
(81,'173616'),
(62,'173646'),
(68,'173666'),
(82,'173672'),
(67,'173702'),
(77,'173714'),
(77,'173731'),
(79,'173754'),
(62,'173785'),
(57,'173815'),
(70,'173831'),
(86,'173839'),
(60,'173851'),
(84,'173872'),
(60,'173898'),
(88,'173901'),
(67,'173911'),
(64,'173928'),
(88,'173941'),
(76,'173996'),
(67,'174015'),
(67,'174018'),
(72,'174042'),
(85,'174088'),
(81,'174143'),
(86,'174168'),
(76,'174176'),
(74,'174196'),
(78,'174199'),
(78,'174247'),
(74,'174298'),
(83,'174380'),
(71,'174409'),
(80,'174429'),
(57,'174459'),
(60,'174479'),
(57,'174502'),
(75,'174525'),
(71,'174536'),
(60,'174537'),
(86,'174540'),
(88,'174579'),
(82,'174619'),
(88,'174624'),
(58,'174652'),
(79,'174665'),
(76,'174698'),
(66,'174717'),
(57,'174750'),
(71,'174754'),
(66,'174765'),
(71,'174785'),
(67,'174811'),
(73,'174839'),
(78,'174899'),
(71,'174911'),
(57,'174967'),
(71,'175041'),
(72,'175048'),
(69,'175160'),
(73,'175176'),
(65,'175180'),
(88,'175201'),
(58,'175236'),
(78,'175267'),
(88,'175286'),
(82,'175325'),
(86,'175330'),
(63,'175336'),
(82,'175382'),
(66,'175417'),
(82,'175431'),
(71,'175445'),
(67,'175446'),
(64,'175456'),
(82,'175461'),
(59,'175507'),
(84,'175605'),
(61,'175694'),
(83,'175711'),
(86,'175742'),
(82,'175745'),
(66,'175774'),
(64,'175785'),
(76,'175832'),
(78,'175841'),
(67,'175850'),
(74,'175911'),
(77,'175926'),
(62,'175952'),
(58,'175993'),
(88,'175995'),
(57,'176000'),
(82,'176037'),
(76,'176070'),
(66,'176101'),
(68,'176104'),
(67,'176153'),
(74,'176170'),
(60,'176185'),
(79,'176192'),
(82,'176219'),
(60,'176230'),
(73,'176256'),
(75,'176273'),
(84,'176292'),
(78,'176301'),
(58,'176317'),
(85,'176349'),
(57,'176406'),
(87,'176416'),
(75,'176445'),
(82,'176465'),
(70,'176489'),
(71,'176526'),
(75,'176553'),
(61,'176565'),
(71,'176621'),
(80,'176639'),
(65,'176649'),
(65,'176669'),
(61,'176701'),
(65,'176718'),
(83,'176770'),
(85,'176792'),
(68,'176795'),
(69,'176798'),
(84,'176860'),
(79,'176919'),
(78,'176962'),
(79,'176987'),
(71,'176988'),
(74,'176995'),
(60,'177031'),
(73,'177057'),
(74,'177071'),
(78,'177093'),
(69,'177121'),
(67,'177129'),
(79,'177143'),
(62,'177153'),
(60,'177179'),
(84,'177203'),
(63,'177215'),
(63,'177220'),
(81,'177307'),
(66,'177349'),
(68,'177381'),
(74,'177401'),
(63,'177407'),
(77,'177409'),
(72,'177415'),
(78,'177453'),
(82,'177461'),
(79,'177534'),
(58,'177562'),
(75,'177582'),
(59,'177595'),
(69,'177624'),
(79,'177642'),
(66,'177652'),
(61,'177708'),
(67,'177719'),
(85,'177764'),
(60,'177799'),
(64,'177803'),
(65,'177817'),
(61,'177882'),
(78,'177891'),
(71,'177899'),
(83,'177953'),
(87,'177979'),
(80,'178072'),
(67,'178085'),
(57,'178163'),
(77,'178170'),
(82,'178226'),
(62,'178236'),
(85,'178263'),
(61,'178290'),
(57,'178403'),
(64,'178420'),
(57,'178438'),
(84,'178498'),
(73,'178557'),
(70,'178561'),
(76,'178611'),
(67,'178616'),
(77,'178639'),
(80,'178644'),
(74,'178668'),
(79,'178669'),
(57,'178690'),
(77,'178697'),
(73,'178768'),
(71,'178789'),
(59,'178794'),
(81,'178800'),
(84,'178846'),
(80,'178849'),
(62,'178949'),
(85,'178959'),
(87,'178979'),
(76,'178987'),
(75,'178999'),
(81,'179067'),
(69,'179139'),
(67,'179154'),
(71,'179193'),
(65,'179204'),
(65,'179245'),
(80,'179279'),
(84,'179280'),
(79,'179293'),
(65,'179310'),
(79,'179315'),
(60,'179372'),
(81,'179421'),
(60,'179436'),
(83,'179456'),
(70,'179473'),
(61,'179484'),
(75,'179530'),
(58,'179564'),
(78,'179573'),
(64,'179592'),
(73,'179601'),
(62,'179676'),
(59,'179698'),
(80,'179700'),
(75,'179708'),
(72,'179712'),
(79,'179751'),
(81,'179830'),
(71,'179859'),
(74,'179869'),
(73,'179877'),
(72,'179891'),
(77,'179896'),
(81,'179908'),
(67,'179917'),
(88,'179983'),
(71,'180015'),
(77,'180078'),
(73,'180127'),
(64,'180167'),
(64,'180184'),
(87,'180204'),
(63,'180268'),
(87,'180272'),
(87,'180289'),
(61,'180322'),
(70,'180366'),
(78,'180389'),
(67,'180410'),
(77,'180438'),
(82,'180451'),
(65,'180480'),
(74,'180499'),
(88,'180542'),
(77,'180622'),
(87,'180670'),
(63,'180743'),
(80,'180762'),
(87,'180773'),
(85,'180819'),
(75,'180851'),
(73,'180853'),
(60,'180857'),
(75,'180880'),
(72,'180891'),
(82,'180898'),
(73,'180933'),
(61,'180965'),
(81,'180988'),
(74,'181012'),
(65,'181029'),
(68,'181042'),
(88,'181057'),
(75,'181060'),
(72,'181076'),
(75,'181110'),
(85,'181123'),
(75,'181178'),
(75,'181194'),
(69,'181214'),
(68,'181232'),
(84,'181243'),
(82,'181251'),
(62,'181265'),
(68,'181284'),
(64,'181324'),
(70,'181328'),
(88,'181349'),
(79,'181350'),
(59,'181396'),
(75,'181399'),
(81,'181415'),
(85,'181435'),
(84,'181451'),
(72,'181464'),
(59,'181467'),
(82,'181477'),
(59,'181486'),
(73,'181487'),
(71,'181493'),
(87,'181501'),
(62,'181503'),
(80,'181504'),
(62,'181533'),
(76,'181548'),
(64,'181552'),
(59,'181557'),
(69,'181560'),
(76,'181580'),
(76,'181587'),
(85,'181597'),
(70,'181620'),
(86,'181634'),
(83,'181638'),
(69,'181650'),
(61,'181682'),
(63,'181706'),
(88,'181729'),
(74,'181759'),
(68,'181771'),
(72,'181787'),
(87,'181812'),
(67,'181830'),
(68,'181839'),
(77,'181885'),
(72,'181910'),
(60,'181914'),
(83,'181959'),
(66,'181993'),
(72,'182026'),
(86,'182030'),
(87,'182052'),
(80,'182069'),
(81,'182086'),
(87,'182103'),
(57,'182117'),
(87,'182132'),
(73,'182133'),
(63,'182153'),
(61,'182185'),
(77,'182199'),
(74,'182231'),
(87,'182327'),
(57,'182341'),
(58,'182354'),
(81,'182371'),
(76,'182382'),
(74,'182414'),
(73,'182426'),
(77,'182445'),
(72,'182479'),
(69,'182487'),
(78,'182495'),
(62,'182531'),
(59,'182577'),
(75,'182626'),
(80,'182654'),
(73,'182661'),
(61,'182662'),
(69,'182676'),
(67,'182696'),
(59,'182708'),
(88,'182728'),
(64,'182768'),
(67,'182791'),
(57,'182804'),
(62,'182813'),
(67,'182823'),
(84,'182837'),
(85,'182838'),
(62,'182875'),
(60,'182885'),
(79,'182905'),
(64,'182921'),
(72,'182938'),
(58,'182958'),
(74,'182965'),
(86,'182991'),
(61,'183024'),
(68,'183054'),
(68,'183072'),
(59,'183075'),
(76,'183079'),
(81,'183081'),
(74,'183111'),
(78,'183130'),
(64,'183148'),
(63,'183163'),
(78,'183178'),
(80,'183181'),
(85,'183219'),
(87,'183236'),
(60,'183266'),
(76,'183302'),
(58,'183358'),
(58,'183384'),
(67,'183414'),
(69,'183453'),
(82,'183454'),
(85,'183470'),
(67,'183484'),
(72,'183514'),
(73,'183522'),
(77,'183538'),
(87,'183548'),
(62,'183582'),
(86,'183602'),
(74,'183625'),
(63,'183661'),
(84,'183681'),
(60,'183740'),
(69,'183787'),
(63,'183810'),
(88,'183834'),
(64,'183899'),
(69,'183903'),
(64,'183907'),
(80,'183924'),
(68,'183947'),
(67,'183959'),
(85,'183998'),
(74,'184031'),
(80,'184057'),
(82,'184078'),
(62,'184117'),
(85,'184151'),
(67,'184187'),
(75,'184211'),
(88,'184217'),
(62,'184253'),
(76,'184263'),
(77,'184294'),
(82,'184318'),
(65,'184335'),
(76,'184383'),
(77,'184392'),
(66,'184409'),
(73,'184436'),
(59,'184442'),
(58,'184463'),
(71,'184470'),
(86,'184475'),
(80,'184549'),
(57,'184579'),
(60,'184609'),
(84,'184613'),
(82,'184626'),
(84,'184679'),
(82,'184714'),
(67,'184745'),
(82,'184751'),
(82,'184783'),
(66,'184812'),
(84,'184825'),
(61,'184843'),
(86,'184864'),
(80,'184874'),
(62,'184890'),
(67,'184936'),
(84,'184955'),
(64,'184978'),
(85,'184988'),
(71,'184997'),
(72,'185016'),
(76,'185052'),
(69,'185092'),
(65,'185177'),
(81,'185178'),
(72,'185194'),
(82,'185199'),
(83,'185267'),
(74,'185284'),
(88,'185362'),
(60,'185370'),
(84,'185402'),
(57,'185416'),
(57,'185421'),
(87,'185433'),
(72,'185474'),
(74,'185478'),
(66,'185486'),
(75,'185492'),
(83,'185576'),
(79,'185606'),
(76,'185639'),
(81,'185641'),
(62,'185657'),
(59,'185809'),
(75,'185826'),
(79,'185845'),
(86,'185850'),
(67,'185868'),
(82,'185912'),
(82,'185920'),
(84,'185982'),
(86,'185998'),
(73,'186028'),
(63,'186044'),
(68,'186088'),
(85,'186132'),
(57,'186171'),
(65,'186220'),
(71,'186233'),
(63,'186253'),
(85,'186291'),
(73,'186303'),
(57,'186366'),
(88,'186374'),
(85,'186423'),
(84,'186439'),
(77,'186487'),
(76,'186504'),
(82,'186542'),
(68,'186558'),
(74,'186560'),
(76,'186618'),
(78,'186619'),
(59,'186656'),
(69,'186685'),
(72,'186712'),
(82,'186720'),
(86,'186722'),
(58,'186745'),
(70,'186756'),
(81,'186765'),
(78,'186777'),
(60,'186799'),
(67,'186814'),
(74,'186831'),
(77,'186842'),
(62,'186849'),
(58,'186874'),
(81,'186891'),
(86,'186910'),
(88,'186928'),
(57,'186940'),
(61,'186954'),
(75,'186964'),
(84,'186976'),
(80,'186994'),
(72,'186995'),
(58,'187032'),
(70,'187074'),
(69,'187087'),
(78,'187091'),
(58,'187104'),
(65,'187116'),
(74,'187166'),
(70,'187185'),
(85,'187202'),
(79,'187291'),
(85,'187311'),
(73,'187352'),
(58,'187422'),
(66,'187476'),
(63,'187493'),
(88,'187594'),
(68,'187603'),
(57,'187625'),
(67,'187641'),
(62,'187686'),
(64,'187751'),
(82,'187767'),
(72,'187802'),
(88,'187862'),
(88,'187888'),
(57,'187904'),
(86,'187955'),
(59,'187996'),
(66,'188007'),
(73,'188045'),
(74,'188057'),
(68,'188064'),
(71,'188089'),
(60,'188111'),
(73,'188131'),
(79,'188150'),
(88,'188171'),
(70,'188219'),
(59,'188223'),
(67,'188242'),
(63,'188280'),
(58,'188295'),
(87,'188306'),
(77,'188346'),
(74,'188399'),
(80,'188428'),
(68,'188429'),
(69,'188445'),
(77,'188460'),
(86,'188478'),
(82,'188492'),
(87,'188498'),
(72,'188507'),
(70,'188523'),
(61,'188561'),
(72,'188572'),
(65,'188598'),
(82,'188620'),
(76,'188650'),
(88,'188714'),
(83,'188718'),
(58,'188733'),
(88,'188751'),
(67,'188764'),
(60,'188777'),
(77,'188803'),
(65,'188821'),
(88,'188829'),
(60,'188854'),
(69,'188860'),
(86,'188878'),
(72,'188935'),
(57,'188964'),
(76,'188967'),
(70,'189013'),
(62,'189040'),
(88,'189058'),
(68,'189092'),
(67,'189140'),
(63,'189162'),
(61,'189205'),
(79,'189224'),
(61,'189241'),
(72,'189375'),
(65,'189386'),
(76,'189412'),
(70,'189432'),
(85,'189442'),
(79,'189460'),
(58,'189548'),
(81,'189602'),
(87,'189610'),
(69,'189628'),
(80,'189648'),
(81,'189667'),
(67,'189725'),
(88,'189737'),
(70,'189756'),
(62,'189763'),
(75,'189800'),
(75,'189820'),
(69,'189837'),
(65,'189871'),
(77,'189900'),
(67,'189955'),
(84,'190010'),
(79,'190051'),
(64,'190065'),
(75,'190067'),
(76,'190084'),
(62,'190102'),
(61,'190139'),
(70,'190159'),
(71,'190203'),
(78,'190220'),
(69,'190247'),
(83,'190294'),
(68,'190307'),
(76,'190315'),
(79,'190319'),
(76,'190337'),
(83,'190365'),
(83,'190375'),
(67,'190391'),
(83,'190404'),
(77,'190429'),
(65,'190455'),
(59,'190460'),
(79,'190482'),
(59,'190535'),
(87,'190566'),
(85,'190577'),
(76,'190640'),
(88,'190643'),
(79,'190650'),
(74,'190689'),
(70,'190709'),
(85,'190733'),
(67,'190775'),
(86,'190779'),
(76,'190788'),
(59,'190802'),
(71,'190807'),
(71,'190833'),
(83,'190851'),
(72,'190860'),
(78,'190944'),
(61,'190991'),
(63,'191028'),
(78,'191072'),
(71,'191113'),
(74,'191139'),
(69,'191159'),
(85,'191181'),
(70,'191183'),
(74,'191221'),
(57,'191250'),
(75,'191256'),
(65,'191336'),
(86,'191354'),
(68,'191370'),
(61,'191394'),
(60,'191410'),
(66,'191427'),
(79,'191448'),
(60,'191533'),
(76,'191549'),
(66,'191551'),
(79,'191565'),
(77,'191582'),
(77,'191590'),
(74,'191624'),
(77,'191677'),
(76,'191685'),
(62,'191697'),
(66,'191738'),
(85,'191753'),
(83,'191795'),
(72,'191812'),
(71,'191832'),
(65,'191842'),
(62,'191844'),
(66,'191845'),
(62,'191862'),
(79,'191891'),
(76,'191901'),
(79,'191921'),
(66,'191936'),
(61,'191942'),
(79,'191973'),
(75,'191993'),
(77,'191995'),
(63,'192013'),
(59,'192024'),
(80,'192025'),
(59,'192035'),
(69,'192075'),
(69,'192080'),
(76,'192119'),
(67,'192170'),
(72,'192181'),
(78,'192206'),
(68,'192207'),
(62,'192299'),
(58,'192304'),
(88,'192321'),
(83,'192331'),
(86,'192378'),
(78,'192421'),
(63,'192434'),
(82,'192469'),
(65,'192528'),
(60,'192534'),
(88,'192566'),
(62,'192584'),
(62,'192595'),
(87,'192600'),
(72,'192620'),
(85,'192632'),
(77,'192650'),
(58,'192669'),
(71,'192675'),
(78,'192705'),
(83,'192708'),
(81,'192713'),
(86,'192725'),
(63,'192743'),
(81,'192761'),
(63,'192806'),
(76,'192809'),
(85,'192827'),
(64,'192855'),
(79,'192874'),
(88,'192884'),
(60,'192898'),
(72,'192969'),
(63,'193004'),
(61,'193064'),
(59,'193069'),
(78,'193186'),
(85,'193216'),
(85,'193253'),
(68,'193267'),
(57,'193316'),
(64,'193327'),
(83,'193364'),
(79,'193373'),
(80,'193407'),
(70,'193429'),
(71,'193439'),
(75,'193450'),
(78,'193478'),
(60,'193506'),
(72,'193532'),
(62,'193548'),
(69,'193564'),
(75,'193573'),
(63,'193586'),
(73,'193606'),
(86,'193607'),
(62,'193630'),
(59,'193640'),
(68,'193714'),
(80,'193728'),
(66,'193735'),
(73,'193753'),
(58,'193764'),
(67,'193821'),
(78,'193826'),
(82,'193846'),
(87,'193858'),
(81,'193872'),
(75,'193903'),
(76,'193943'),
(72,'193946'),
(64,'193958'),
(78,'193976'),
(74,'193981'),
(78,'193983'),
(88,'194040'),
(84,'194048'),
(80,'194065'),
(72,'194086'),
(57,'194101'),
(84,'194152'),
(85,'194171'),
(77,'194203'),
(79,'194243'),
(60,'194245'),
(82,'194267'),
(57,'194282'),
(74,'194285'),
(58,'194309'),
(75,'194316'),
(66,'194344'),
(63,'194366'),
(78,'194381'),
(68,'194417'),
(58,'194440'),
(77,'194444'),
(76,'194450'),
(62,'194467'),
(75,'194470'),
(70,'194505'),
(78,'194522'),
(64,'194577'),
(63,'194592'),
(70,'194605'),
(83,'194606'),
(87,'194632'),
(80,'194698'),
(75,'194714'),
(84,'194733'),
(86,'194751'),
(85,'194771'),
(86,'194794'),
(59,'194833'),
(82,'194836'),
(82,'194847'),
(58,'194871'),
(75,'194890'),
(63,'194901'),
(81,'194921'),
(66,'194991'),
(65,'195034'),
(85,'195042'),
(64,'195068'),
(86,'195091'),
(88,'195097'),
(73,'195107'),
(74,'195131'),
(74,'195132'),
(65,'195150'),
(70,'195163'),
(61,'195180'),
(77,'195181'),
(88,'195199'),
(57,'195223'),
(65,'195252'),
(65,'195255'),
(88,'195267'),
(85,'195291'),
(70,'195297'),
(82,'195335'),
(80,'195408'),
(68,'195431'),
(71,'195467'),
(62,'195479'),
(66,'195517'),
(88,'195532'),
(65,'195534'),
(72,'195550'),
(76,'195560'),
(84,'195567'),
(66,'195570'),
(63,'195573'),
(83,'195599'),
(88,'195615'),
(81,'195637'),
(83,'195650'),
(83,'195659'),
(69,'195665'),
(58,'195724'),
(68,'195727'),
(68,'195742'),
(85,'195809'),
(84,'195810'),
(60,'195828'),
(88,'195841'),
(88,'195855'),
(68,'195885'),
(83,'195895'),
(58,'195950'),
(57,'195956'),
(75,'195967'),
(81,'196118'),
(81,'196127'),
(75,'196136'),
(76,'196150'),
(76,'196182'),
(83,'196197'),
(83,'196213'),
(58,'196218'),
(72,'196224'),
(63,'196235'),
(86,'196236'),
(74,'196253'),
(70,'196267'),
(83,'196270'),
(77,'196277'),
(67,'196289'),
(81,'196300'),
(60,'196311'),
(66,'196322'),
(80,'196375'),
(62,'196381'),
(63,'196406'),
(79,'196407'),
(88,'196417'),
(71,'196420'),
(78,'196429'),
(86,'196433'),
(75,'196448'),
(87,'196456'),
(86,'196484'),
(79,'196553'),
(79,'196593'),
(57,'196609'),
(85,'196647'),
(67,'196662'),
(63,'196703'),
(60,'196740'),
(61,'196757'),
(68,'196777'),
(73,'196784'),
(73,'196820'),
(62,'196826'),
(63,'196873'),
(78,'196894'),
(88,'196955'),
(66,'196995'),
(65,'197032'),
(66,'197039'),
(80,'197050'),
(59,'197067'),
(70,'197134'),
(87,'197199'),
(58,'197229'),
(78,'197277'),
(88,'197341'),
(69,'197360'),
(87,'197376'),
(88,'197410'),
(71,'197496'),
(68,'197510'),
(58,'197559'),
(76,'197560'),
(73,'197590'),
(68,'197603'),
(66,'197604'),
(76,'197642'),
(86,'197657'),
(69,'197703'),
(77,'197713'),
(64,'197751'),
(65,'197777'),
(58,'197793'),
(73,'197812'),
(59,'197825'),
(69,'197847'),
(61,'197853'),
(64,'197885'),
(69,'197891'),
(83,'197911'),
(61,'197926'),
(86,'197947'),
(76,'197962'),
(83,'197973'),
(63,'197987'),
(85,'197994'),
(78,'198022'),
(76,'198032'),
(57,'198046'),
(80,'198051'),
(88,'198063'),
(61,'198085'),
(75,'198106'),
(77,'198120'),
(75,'198141'),
(71,'198173'),
(61,'198178'),
(61,'198210'),
(83,'198222'),
(72,'198236'),
(68,'198254'),
(62,'198259'),
(70,'198274'),
(80,'198276'),
(57,'198318'),
(82,'198353'),
(88,'198377'),
(70,'198383'),
(66,'198516'),
(68,'198576'),
(84,'198584'),
(79,'198625'),
(79,'198631'),
(80,'198668'),
(57,'198715'),
(85,'198717'),
(74,'198788'),
(86,'198822'),
(61,'198851'),
(58,'198862'),
(62,'198884'),
(67,'198916'),
(62,'198927'),
(71,'198941'),
(70,'198945'),
(60,'198980'),
(63,'198982'),
(71,'199000'),
(86,'199020'),
(65,'199021'),
(72,'199038'),
(72,'199075'),
(85,'199086'),
(78,'199103'),
(57,'199105'),
(65,'199110'),
(71,'199125'),
(85,'199156'),
(62,'199176'),
(60,'199182'),
(72,'199218'),
(60,'199234'),
(69,'199238'),
(64,'199270'),
(70,'199349'),
(85,'199367'),
(64,'199391'),
(85,'199402'),
(87,'199423'),
(68,'199439'),
(84,'199456'),
(63,'199474'),
(75,'199479'),
(73,'199519'),
(85,'199524'),
(60,'199545'),
(88,'199546'),
(80,'199564'),
(60,'199583'),
(75,'199588'),
(79,'199602'),
(66,'199640'),
(64,'199641'),
(59,'199686'),
(83,'199707'),
(65,'199723'),
(60,'199745'),
(61,'199825'),
(68,'199840'),
(66,'199874'),
(65,'199894'),
(70,'199922'),
(65,'199946'),
(70,'199960'),
(61,'199971'),
(59,'199990'),
(76,'199995'),
(61,'200014'),
(59,'200060'),
(59,'200084'),
(69,'200106'),
(62,'200129'),
(58,'200136'),
(69,'200163'),
(81,'200180'),
(61,'200191'),
(69,'200208'),
(64,'200228'),
(61,'200268'),
(76,'200284'),
(70,'200285'),
(77,'200304'),
(82,'200305'),
(71,'200342'),
(68,'200387'),
(63,'200404'),
(74,'200407'),
(65,'200437'),
(73,'200462'),
(88,'200472'),
(73,'200544'),
(84,'200548'),
(64,'200576'),
(80,'200581'),
(87,'200625'),
(60,'200629'),
(86,'200651'),
(87,'200654'),
(65,'200724'),
(81,'200730'),
(77,'200749'),
(88,'200766'),
(80,'200785'),
(64,'200823'),
(58,'200841'),
(64,'200846'),
(82,'200855'),
(65,'200872'),
(71,'200878'),
(84,'200898'),
(65,'200922'),
(61,'200937'),
(67,'200957'),
(85,'200982'),
(79,'200988'),
(66,'201040'),
(60,'201060'),
(82,'201064'),
(77,'201076'),
(76,'201077'),
(80,'201083'),
(59,'201108'),
(64,'201122'),
(58,'201124'),
(69,'201171'),
(85,'201226'),
(61,'201231'),
(75,'201249'),
(65,'201255'),
(82,'201260'),
(75,'201268'),
(74,'201274'),
(64,'201292'),
(65,'201307'),
(64,'201328'),
(80,'201383'),
(57,'201402'),
(61,'201418'),
(70,'201437'),
(66,'201456'),
(59,'201461'),
(57,'201489'),
(62,'201508'),
(58,'201518'),
(85,'201561'),
(64,'201580'),
(82,'201593'),
(78,'201597'),
(59,'201633'),
(83,'201649'),
(62,'201719'),
(65,'201728'),
(68,'201772'),
(60,'201810'),
(68,'201850'),
(63,'201869'),
(65,'201880'),
(59,'201892'),
(62,'201905'),
(73,'202000'),
(78,'202014'),
(59,'202030'),
(64,'202059'),
(87,'202079'),
(68,'202094'),
(69,'202118'),
(68,'202121'),
(61,'202135'),
(58,'202166'),
(77,'202196'),
(78,'202199'),
(59,'202235'),
(75,'202263'),
(83,'202278'),
(72,'202289'),
(81,'202298'),
(88,'202326'),
(79,'202343'),
(61,'202346'),
(81,'202358'),
(65,'202418'),
(67,'202488'),
(78,'202537'),
(58,'202540'),
(83,'202552'),
(72,'202570'),
(68,'202578'),
(88,'202698'),
(64,'202707'),
(70,'202726'),
(86,'202742'),
(66,'202766'),
(77,'202796'),
(58,'202849'),
(60,'202872'),
(80,'202886'),
(58,'202910'),
(69,'202962'),
(57,'202993'),
(81,'203040'),
(60,'203073'),
(78,'203109'),
(84,'203128'),
(58,'203130'),
(67,'203139'),
(68,'203151'),
(68,'203156'),
(74,'203162'),
(85,'203177'),
(73,'203197'),
(63,'203248'),
(61,'203253'),
(85,'203263'),
(63,'203307'),
(82,'203319'),
(80,'203332'),
(71,'203339'),
(79,'203350'),
(76,'203351'),
(76,'203442'),
(77,'203468'),
(71,'203485'),
(70,'203504'),
(65,'203519'),
(84,'203536'),
(82,'203563'),
(72,'203565'),
(67,'203574'),
(61,'203584'),
(81,'203637'),
(72,'203663'),
(61,'203682'),
(64,'203693'),
(75,'203706'),
(81,'203731'),
(81,'203744'),
(84,'203756'),
(78,'203766'),
(60,'203791'),
(60,'203840'),
(62,'203862'),
(85,'203868'),
(59,'203872'),
(75,'203882'),
(70,'203934'),
(70,'203942'),
(59,'203961'),
(76,'203968'),
(71,'203978'),
(63,'203988'),
(81,'204011'),
(64,'204036'),
(78,'204046'),
(87,'204074'),
(61,'204079'),
(80,'204122'),
(71,'204170'),
(83,'204180'),
(62,'204194'),
(82,'204199'),
(84,'204217'),
(59,'204227'),
(78,'204260'),
(63,'204290'),
(59,'204314'),
(81,'204329'),
(71,'204361'),
(86,'204482'),
(88,'204546'),
(57,'204547'),
(64,'204576'),
(58,'204626'),
(58,'204642'),
(78,'204658'),
(62,'204674'),
(62,'204693'),
(72,'204754'),
(87,'204768'),
(74,'204788'),
(76,'204799'),
(63,'204802'),
(85,'204817'),
(76,'204869'),
(71,'204920'),
(86,'204932'),
(58,'205008'),
(71,'205009'),
(79,'205043'),
(76,'205069'),
(86,'205080'),
(74,'205104'),
(73,'205125'),
(76,'205137'),
(78,'205156'),
(88,'205175'),
(74,'205225'),
(62,'205256'),
(63,'205296'),
(63,'205311'),
(70,'205348'),
(81,'205365'),
(79,'205379'),
(61,'205398'),
(57,'205400'),
(79,'205448'),
(69,'205464'),
(80,'205487'),
(74,'205488'),
(65,'205505'),
(73,'205522'),
(63,'205562'),
(70,'205588'),
(59,'205616'),
(61,'205632'),
(72,'205652'),
(88,'205659'),
(68,'205675'),
(84,'205683'),
(76,'205726'),
(62,'205771'),
(80,'205790'),
(74,'205800'),
(62,'205820'),
(60,'205835'),
(79,'205897'),
(59,'205932'),
(87,'205956'),
(77,'205999'),
(79,'206040'),
(86,'206095'),
(70,'206115'),
(87,'206139'),
(74,'206165'),
(63,'206193'),
(71,'206213'),
(72,'206227'),
(85,'206312'),
(57,'206324'),
(79,'206369'),
(82,'206378'),
(86,'206383'),
(81,'206391'),
(78,'206402'),
(66,'206454'),
(67,'206469'),
(69,'206477'),
(79,'206524'),
(59,'206563'),
(77,'206603'),
(62,'206605'),
(77,'206612'),
(73,'206644'),
(70,'206655'),
(65,'206678'),
(78,'206755'),
(62,'206820'),
(80,'206836'),
(64,'206870'),
(77,'206882'),
(81,'206897'),
(70,'206913'),
(77,'207020'),
(73,'207049'),
(73,'207082'),
(65,'207113'),
(75,'207166'),
(88,'207180'),
(86,'207242'),
(76,'207256'),
(68,'207276'),
(79,'207335'),
(66,'207337'),
(82,'207345'),
(86,'207361'),
(81,'207394'),
(64,'207424'),
(88,'207474'),
(58,'207502'),
(79,'207532'),
(81,'207547'),
(70,'207599'),
(85,'207619'),
(81,'207644'),
(67,'207661'),
(62,'207678'),
(61,'207697'),
(80,'207744'),
(62,'207837'),
(87,'207854'),
(85,'207925'),
(76,'207927'),
(83,'207984'),
(80,'208017'),
(72,'208028'),
(58,'208047'),
(86,'208057'),
(83,'208127'),
(77,'208168'),
(69,'208179'),
(63,'208250'),
(74,'208264'),
(67,'208286'),
(78,'208313'),
(66,'208358'),
(76,'208386'),
(60,'208405'),
(67,'208429'),
(81,'208442'),
(87,'208481'),
(75,'208528'),
(68,'208557'),
(76,'208575'),
(77,'208594'),
(78,'208611'),
(85,'208665'),
(74,'208689'),
(62,'208691'),
(68,'208723'),
(74,'208730'),
(87,'208775'),
(83,'208777'),
(68,'208798'),
(81,'208816'),
(68,'208860'),
(65,'208864'),
(79,'208893'),
(88,'208896'),
(80,'208930'),
(71,'208945'),
(79,'208984'),
(71,'209069'),
(66,'209082'),
(78,'209103'),
(76,'209107'),
(66,'209128'),
(65,'209138'),
(63,'209163'),
(70,'209217'),
(69,'209231'),
(62,'209262'),
(71,'209279'),
(84,'209280'),
(86,'209297'),
(84,'209316'),
(74,'209331'),
(84,'209345'),
(78,'209379'),
(78,'209399'),
(73,'209413'),
(70,'209430'),
(72,'209455'),
(63,'209460'),
(75,'209479'),
(82,'209501'),
(86,'209504'),
(75,'209548'),
(71,'209566'),
(65,'209583'),
(58,'209588'),
(83,'209613'),
(80,'209617'),
(88,'209625'),
(72,'209660'),
(65,'209696'),
(66,'209727'),
(59,'209763'),
(79,'209831'),
(79,'209847'),
(74,'209851'),
(73,'209862'),
(72,'209866'),
(61,'209909'),
(80,'209926'),
(60,'210010'),
(57,'210023'),
(65,'210025'),
(66,'210036'),
(79,'210047'),
(73,'210089'),
(77,'210121'),
(62,'210161'),
(88,'210200'),
(62,'210211'),
(60,'210251'),
(82,'210285'),
(67,'210297'),
(73,'210311'),
(71,'210350'),
(82,'210377'),
(77,'210395'),
(66,'210406'),
(66,'210425'),
(61,'210440'),
(64,'210460'),
(81,'210476'),
(84,'210504'),
(65,'210573'),
(77,'210592'),
(84,'210600'),
(71,'210616'),
(59,'210617'),
(71,'210637'),
(87,'210655'),
(81,'210689'),
(79,'210739'),
(74,'210741'),
(64,'210770'),
(71,'210776'),
(60,'210777'),
(61,'210794'),
(58,'210822'),
(77,'210841'),
(59,'210898'),
(60,'210917'),
(72,'210933'),
(81,'210981'),
(81,'211098'),
(65,'211129'),
(88,'211141'),
(84,'211143'),
(57,'211151'),
(60,'211170'),
(63,'211190'),
(74,'211205'),
(60,'211214'),
(70,'211231'),
(87,'211236'),
(64,'211251'),
(62,'211280'),
(78,'211289'),
(57,'211333'),
(75,'211339'),
(81,'211374'),
(75,'211391'),
(81,'211424'),
(65,'211429'),
(79,'211447'),
(62,'211464'),
(80,'211534'),
(81,'211583'),
(79,'211602'),
(67,'211631'),
(84,'211641'),
(58,'211672'),
(71,'211757'),
(87,'211792'),
(67,'211807'),
(76,'211854'),
(75,'211861'),
(82,'211870'),
(66,'211909'),
(67,'211915'),
(78,'211959'),
(79,'211969'),
(83,'211974'),
(79,'211992'),
(87,'212046'),
(57,'212074'),
(84,'212102'),
(74,'212114'),
(63,'212179'),
(84,'212190'),
(73,'212211'),
(67,'212224'),
(57,'212242'),
(79,'212287'),
(57,'212324'),
(81,'212370'),
(70,'212389'),
(81,'212393'),
(81,'212456'),
(67,'212472'),
(80,'212551'),
(70,'212585'),
(86,'212608'),
(78,'212635'),
(66,'212647'),
(86,'212667'),
(84,'212691'),
(69,'212697'),
(59,'212698'),
(80,'212724'),
(70,'212744'),
(71,'212795'),
(83,'212818'),
(77,'212937'),
(66,'212974'),
(82,'212989'),
(72,'213033'),
(81,'213053'),
(78,'213069'),
(68,'213087'),
(82,'213102'),
(83,'213121'),
(72,'213157'),
(67,'213171'),
(65,'213184'),
(74,'213208'),
(83,'213216'),
(73,'213227'),
(70,'213243'),
(65,'213246'),
(75,'213254'),
(78,'213281'),
(80,'213304'),
(83,'213313'),
(69,'213331'),
(79,'213356'),
(59,'213363'),
(83,'213388'),
(82,'213396'),
(83,'213401'),
(73,'213407'),
(76,'213439'),
(62,'213453'),
(88,'213516'),
(65,'213535'),
(62,'213551'),
(71,'213569'),
(69,'213603'),
(78,'213614'),
(57,'213619'),
(84,'213650'),
(71,'213667'),
(68,'213685'),
(61,'213697'),
(72,'213712'),
(60,'213731'),
(83,'213783'),
(61,'213802'),
(76,'213815'),
(62,'213821'),
(80,'213837'),
(61,'213883'),
(65,'213907'),
(68,'213927'),
(57,'213964'),
(88,'213995'),
(85,'214000'),
(67,'214010'),
(87,'214021'),
(65,'214055'),
(75,'214241'),
(84,'214252'),
(65,'214262'),
(88,'214277'),
(86,'214287'),
(59,'214288'),
(64,'214302'),
(60,'214331'),
(77,'214333'),
(85,'214349'),
(84,'214364'),
(77,'214390'),
(72,'214396'),
(87,'214410'),
(57,'214418'),
(78,'214434'),
(73,'214471'),
(61,'214473'),
(72,'214493'),
(74,'214531'),
(75,'214542'),
(69,'214554'),
(77,'214599'),
(77,'214639'),
(62,'214649'),
(88,'214651'),
(67,'214666'),
(62,'214690'),
(57,'214698'),
(78,'214712'),
(79,'214719'),
(64,'214747'),
(70,'214763'),
(68,'214782'),
(64,'214799'),
(87,'214836'),
(65,'214849'),
(66,'214871'),
(82,'214885'),
(72,'214892'),
(57,'214918'),
(88,'214926'),
(78,'214981'),
(69,'214987'),
(58,'215058'),
(79,'215087'),
(85,'215103'),
(80,'215158'),
(81,'215172'),
(58,'215192'),
(57,'215199'),
(76,'215279'),
(62,'215301'),
(68,'215305'),
(82,'215308'),
(77,'215359'),
(70,'215389'),
(61,'215392'),
(85,'215404'),
(62,'215457'),
(75,'215460'),
(82,'215487'),
(58,'215522'),
(59,'215527'),
(88,'215571'),
(60,'215572'),
(84,'215623'),
(86,'215630'),
(61,'215665'),
(79,'215687'),
(62,'215718'),
(61,'215724'),
(86,'215747'),
(69,'215772'),
(66,'215806'),
(83,'215808'),
(85,'215848'),
(83,'215867'),
(75,'215876'),
(85,'215914'),
(59,'215925'),
(72,'215933'),
(84,'215941'),
(71,'215958'),
(80,'215960'),
(86,'215988'),
(61,'216007'),
(68,'216012'),
(86,'216031'),
(88,'216036'),
(79,'216074'),
(87,'216127'),
(65,'216138'),
(76,'216146'),
(86,'216195'),
(76,'216204'),
(81,'216257'),
(83,'216307'),
(81,'216336'),
(83,'216349'),
(79,'216358'),
(83,'216371'),
(80,'216404'),
(60,'216432'),
(88,'216449'),
(81,'216457'),
(83,'216553'),
(88,'216556'),
(86,'216564'),
(73,'216576'),
(69,'216631'),
(88,'216649'),
(67,'216652'),
(73,'216655'),
(81,'216656'),
(60,'216663'),
(65,'216673'),
(83,'216706'),
(82,'216717'),
(67,'216726'),
(80,'216791'),
(75,'216805'),
(81,'216816'),
(84,'216867'),
(83,'216926'),
(76,'216938'),
(57,'216953'),
(64,'216964'),
(80,'216986'),
(85,'217034'),
(71,'217037'),
(74,'217061'),
(86,'217067'),
(64,'217073'),
(63,'217147'),
(61,'217154'),
(66,'217205'),
(67,'217229'),
(84,'217236'),
(61,'217275'),
(78,'217280'),
(79,'217304'),
(68,'217353'),
(64,'217392'),
(88,'217413'),
(59,'217420'),
(66,'217432'),
(73,'217446'),
(84,'217462'),
(70,'217468'),
(71,'217481'),
(68,'217568'),
(64,'217583'),
(62,'217611'),
(68,'217676'),
(81,'217689'),
(80,'217714'),
(76,'217731'),
(64,'217743'),
(62,'217756'),
(88,'217768'),
(69,'217828'),
(69,'217841'),
(60,'217854'),
(78,'217862'),
(70,'217881'),
(63,'217916'),
(83,'217921'),
(75,'217924'),
(88,'217969'),
(58,'217986'),
(72,'218012'),
(79,'218047'),
(77,'218067'),
(82,'218081'),
(62,'218115'),
(57,'218130'),
(69,'218181'),
(80,'218210'),
(68,'218236'),
(77,'218253'),
(78,'218273'),
(70,'218290'),
(59,'218317'),
(83,'218327'),
(70,'218425'),
(71,'218437'),
(85,'218454'),
(64,'218463'),
(62,'218475'),
(77,'218494'),
(80,'218513'),
(82,'218548'),
(58,'218549'),
(59,'218583'),
(58,'218608'),
(86,'218670'),
(64,'218691'),
(60,'218696'),
(74,'218727'),
(84,'218742'),
(61,'218762'),
(58,'218776'),
(61,'218809'),
(86,'218846'),
(84,'218872'),
(71,'218873'),
(77,'218893'),
(67,'218994'),
(77,'219006'),
(67,'219011'),
(78,'219021'),
(76,'219088'),
(64,'219156'),
(85,'219168'),
(64,'219179'),
(75,'219211'),
(73,'219254'),
(71,'219272'),
(75,'219278'),
(85,'219290'),
(71,'219342'),
(76,'219343'),
(65,'219356'),
(82,'219371'),
(83,'219389'),
(61,'219402'),
(79,'219405'),
(62,'219426'),
(64,'219460'),
(72,'219485'),
(88,'219493'),
(66,'219567'),
(59,'219584'),
(67,'219599'),
(65,'219605'),
(81,'219622'),
(72,'219630'),
(81,'219641'),
(67,'219668'),
(58,'219680'),
(72,'219694'),
(82,'219730'),
(62,'219748'),
(81,'219824'),
(77,'219856'),
(85,'219897'),
(73,'219932'),
(86,'219979'),
(64,'219999'),
(71,'220014'),
(63,'220024'),
(57,'220031'),
(75,'220033'),
(76,'220061'),
(75,'220074'),
(66,'220095'),
(66,'220124'),
(57,'220161'),
(63,'220162'),
(59,'220223'),
(87,'220240'),
(84,'220259'),
(88,'220320'),
(86,'220338'),
(70,'220339'),
(88,'220349'),
(75,'220364'),
(77,'220380'),
(59,'220419'),
(57,'220462'),
(67,'220472'),
(86,'220484'),
(77,'220502'),
(86,'220513'),
(63,'220537'),
(76,'220542'),
(82,'220571'),
(58,'220591'),
(81,'220629'),
(59,'220640'),
(73,'220666'),
(82,'220722'),
(73,'220736'),
(73,'220740'),
(82,'220768'),
(67,'220787'),
(82,'220789'),
(76,'220807'),
(69,'220813'),
(58,'220825'),
(83,'220832'),
(73,'220845'),
(65,'220856'),
(83,'220863'),
(75,'220927'),
(64,'220948'),
(65,'221002'),
(81,'221020'),
(67,'221047'),
(83,'221067'),
(66,'221098'),
(80,'221109'),
(77,'221116'),
(66,'221133'),
(64,'221145'),
(57,'221147'),
(65,'221166'),
(85,'221196'),
(75,'221217'),
(77,'221275'),
(85,'221287'),
(78,'221424'),
(81,'221474'),
(63,'221484'),
(60,'221518'),
(78,'221520'),
(64,'221578'),
(86,'221581'),
(72,'221614'),
(85,'221629'),
(75,'221643'),
(61,'221690'),
(72,'221714'),
(75,'221735'),
(70,'221743'),
(57,'221758'),
(57,'221766'),
(61,'221828'),
(79,'221850'),
(74,'221858'),
(82,'221891'),
(75,'221918'),
(67,'221935'),
(82,'221948'),
(80,'221978'),
(74,'222058'),
(67,'222100'),
(86,'222103'),
(87,'222133'),
(79,'222167'),
(83,'222180'),
(61,'222194'),
(85,'222214'),
(79,'222232'),
(86,'222264'),
(57,'222353'),
(78,'222378'),
(82,'222392'),
(75,'222478'),
(72,'222539'),
(72,'222557'),
(63,'222591'),
(57,'222619'),
(60,'222628'),
(59,'222650'),
(77,'222658'),
(74,'222666'),
(84,'222684'),
(66,'222713'),
(80,'222747'),
(80,'222828'),
(65,'222856'),
(69,'222876'),
(62,'222884'),
(83,'222900'),
(88,'222901'),
(68,'222921'),
(88,'222944'),
(79,'222956'),
(74,'222974'),
(86,'222990'),
(64,'223000'),
(64,'223030'),
(80,'223076'),
(81,'223111'),
(75,'223123'),
(80,'223167'),
(81,'223199'),
(60,'223205'),
(62,'223283'),
(70,'223293'),
(87,'223297'),
(87,'223337'),
(68,'223347'),
(62,'223376'),
(72,'223428'),
(68,'223502'),
(59,'223544'),
(74,'223564'),
(61,'223567'),
(63,'223579'),
(72,'223582'),
(59,'223598'),
(81,'223606'),
(68,'223617'),
(68,'223623'),
(78,'223637'),
(68,'223652'),
(68,'223719'),
(87,'223748'),
(69,'223768'),
(84,'223791'),
(76,'223808'),
(66,'223818'),
(64,'223848'),
(62,'223880'),
(88,'223900'),
(58,'223907'),
(66,'223935'),
(64,'223938'),
(64,'223939'),
(65,'223958'),
(65,'223966'),
(71,'223985'),
(74,'224007'),
(82,'224017'),
(60,'224030'),
(68,'224035'),
(80,'224105'),
(86,'224122'),
(67,'224153'),
(62,'224170'),
(84,'224269'),
(80,'224317'),
(88,'224354'),
(84,'224362'),
(63,'224380'),
(88,'224391'),
(64,'224425'),
(58,'224434'),
(72,'224492'),
(57,'224531'),
(85,'224565'),
(83,'224576'),
(65,'224578'),
(58,'224618'),
(82,'224636'),
(76,'224646'),
(79,'224722'),
(75,'224759'),
(79,'224790'),
(86,'224921'),
(80,'224943'),
(60,'224948'),
(67,'225004'),
(66,'225013'),
(69,'225066'),
(77,'225093'),
(66,'225103'),
(86,'225128'),
(60,'225133'),
(68,'225167'),
(71,'225227'),
(79,'225246'),
(78,'225261'),
(88,'225271'),
(79,'225292'),
(86,'225312'),
(69,'225370'),
(60,'225379'),
(70,'225407'),
(69,'225426'),
(78,'225430'),
(87,'225441'),
(67,'225450'),
(61,'225475'),
(76,'225498'),
(68,'225515'),
(69,'225536'),
(73,'225557'),
(69,'225565'),
(84,'225568'),
(61,'225584'),
(76,'225637'),
(64,'225638'),
(84,'225683'),
(81,'225700'),
(85,'225713'),
(81,'225734'),
(64,'225767'),
(88,'225785'),
(64,'225827'),
(80,'225837'),
(69,'225852'),
(58,'225871'),
(79,'225883'),
(58,'225893'),
(83,'225913'),
(79,'225939'),
(79,'225973'),
(80,'226022'),
(71,'226038'),
(63,'226044'),
(72,'226051'),
(67,'226087'),
(78,'226127'),
(69,'226134'),
(67,'226144'),
(82,'226176'),
(85,'226177'),
(65,'226193'),
(62,'226229'),
(71,'226272'),
(86,'226306'),
(68,'226336'),
(71,'226363'),
(76,'226378'),
(58,'226421'),
(71,'226438'),
(66,'226457'),
(75,'226475'),
(84,'226485'),
(65,'226497'),
(63,'226513'),
(74,'226526'),
(60,'226637'),
(75,'226676'),
(64,'226688'),
(81,'226705'),
(59,'226733'),
(59,'226737'),
(68,'226740'),
(74,'226747'),
(77,'226754'),
(70,'226761'),
(62,'226807'),
(66,'226816'),
(58,'226832'),
(64,'226858'),
(68,'226909'),
(70,'226962'),
(82,'226999'),
(75,'227013'),
(64,'227028'),
(74,'227034'),
(63,'227054'),
(86,'227067'),
(69,'227077'),
(77,'227114'),
(77,'227116'),
(57,'227206'),
(60,'227212'),
(65,'227214'),
(81,'227222'),
(81,'227240'),
(64,'227273'),
(63,'227286'),
(82,'227312'),
(80,'227321'),
(70,'227339'),
(81,'227353'),
(86,'227360'),
(67,'227392'),
(58,'227394'),
(66,'227414'),
(70,'227429'),
(72,'227465'),
(60,'227481'),
(84,'227505'),
(60,'227517'),
(87,'227526'),
(70,'227549'),
(77,'227581'),
(59,'227648'),
(57,'227680'),
(82,'227697'),
(68,'227720'),
(72,'227744'),
(70,'227778'),
(66,'227846'),
(65,'227854'),
(64,'227876'),
(86,'227889'),
(69,'227925'),
(77,'227949'),
(67,'227953'),
(64,'227966'),
(79,'227994'),
(77,'228016'),
(87,'228066'),
(60,'228083'),
(79,'228140'),
(71,'228154'),
(82,'228170'),
(79,'228185'),
(75,'228237'),
(73,'228254'),
(61,'228302'),
(63,'228306'),
(63,'228316'),
(84,'228318'),
(61,'228387'),
(74,'228398'),
(66,'228417'),
(82,'228433'),
(57,'228474'),
(81,'228503'),
(79,'228527'),
(77,'228541'),
(84,'228560'),
(76,'228579'),
(85,'228604'),
(74,'228655'),
(76,'228670'),
(63,'228679'),
(85,'228726'),
(79,'228732'),
(64,'228771'),
(64,'228828'),
(64,'228855'),
(83,'228903'),
(66,'228918'),
(67,'228970'),
(71,'228986'),
(57,'229022'),
(70,'229052'),
(88,'229085'),
(78,'229107'),
(65,'229173'),
(88,'229184'),
(61,'229188'),
(72,'229222'),
(71,'229237'),
(67,'229282'),
(72,'229323'),
(84,'229344'),
(63,'229345'),
(72,'229357'),
(76,'229394'),
(64,'229411'),
(72,'229445'),
(81,'229464'),
(67,'229533'),
(58,'229576'),
(67,'229578'),
(75,'229583'),
(74,'229596'),
(60,'229629'),
(85,'229638'),
(59,'229721'),
(64,'229740'),
(70,'229818'),
(86,'229943'),
(74,'229957'),
(64,'230036'),
(86,'230063'),
(82,'230090'),
(79,'230097'),
(70,'230102'),
(86,'230122'),
(84,'230138'),
(65,'230154'),
(64,'230182'),
(69,'230195'),
(86,'230255'),
(80,'230340'),
(71,'230409'),
(81,'230445'),
(57,'230458'),
(81,'230469'),
(61,'230490'),
(79,'230519'),
(60,'230557'),
(77,'230606'),
(88,'230646'),
(63,'230714'),
(68,'230731'),
(57,'230748'),
(71,'230777'),
(57,'230795'),
(75,'230828'),
(62,'230843'),
(73,'230859'),
(81,'230893'),
(74,'230909'),
(88,'230922'),
(66,'230932'),
(81,'230967'),
(79,'230971'),
(81,'231018'),
(84,'231033'),
(77,'231075'),
(78,'231092'),
(87,'231093'),
(67,'231123'),
(81,'231147'),
(61,'231166'),
(64,'231202'),
(84,'231216'),
(70,'231254'),
(65,'231290'),
(85,'231320'),
(60,'231357'),
(70,'231362'),
(74,'231383'),
(84,'231432'),
(67,'231487'),
(85,'231510'),
(69,'231578'),
(62,'231585'),
(63,'231601'),
(86,'231617'),
(74,'231634'),
(80,'231677'),
(75,'231683'),
(63,'231702'),
(66,'231745'),
(81,'231782'),
(63,'231871'),
(68,'231935'),
(75,'231966'),
(57,'231989'),
(70,'232023'),
(60,'232042'),
(71,'232059'),
(79,'232156'),
(59,'232183'),
(59,'232201'),
(77,'232232'),
(79,'232263'),
(81,'232284'),
(78,'232288'),
(86,'232290'),
(73,'232298'),
(81,'232307'),
(73,'232387'),
(85,'232483'),
(71,'232500'),
(66,'232511'),
(75,'232541'),
(65,'232587'),
(76,'232589'),
(62,'232599'),
(84,'232635'),
(58,'232646'),
(70,'232671'),
(74,'232680'),
(74,'232694'),
(65,'232720'),
(61,'232725'),
(58,'232767'),
(61,'232773'),
(83,'232791'),
(74,'232837'),
(70,'232893'),
(79,'232894'),
(80,'232917'),
(61,'232955'),
(61,'232995'),
(59,'233004'),
(68,'233007'),
(85,'233027'),
(72,'233047'),
(80,'233054'),
(81,'233096'),
(72,'233115'),
(86,'233129'),
(74,'233142'),
(80,'233160'),
(57,'233189'),
(67,'233218'),
(66,'233222'),
(76,'233238'),
(88,'233251'),
(84,'233260'),
(57,'233288'),
(78,'233376'),
(66,'233400'),
(64,'233419'),
(73,'233428'),
(86,'233491'),
(86,'233502'),
(76,'233573'),
(58,'233599'),
(76,'233602'),
(57,'233640'),
(71,'233733'),
(87,'233751'),
(88,'233767'),
(74,'233780'),
(76,'233790'),
(83,'233798'),
(82,'233810'),
(88,'233838'),
(61,'233868'),
(63,'233894'),
(72,'233939'),
(77,'233985'),
(83,'234001'),
(67,'234018'),
(84,'234046'),
(79,'234050'),
(60,'234053'),
(72,'234133'),
(74,'234137'),
(75,'234161'),
(81,'234181'),
(76,'234209'),
(70,'234256'),
(67,'234284'),
(65,'234324'),
(71,'234365'),
(83,'234385'),
(76,'234403'),
(75,'234436'),
(65,'234445'),
(60,'234452'),
(84,'234479'),
(73,'234495'),
(57,'234521'),
(69,'234528'),
(62,'234538'),
(86,'234569'),
(61,'234596'),
(71,'234634'),
(72,'234638'),
(63,'234662'),
(57,'234667'),
(81,'234694'),
(71,'234736'),
(69,'234770'),
(88,'234779'),
(75,'234786'),
(68,'234799'),
(84,'234814'),
(74,'234833'),
(72,'234893'),
(63,'234912'),
(58,'234961'),
(70,'234971'),
(85,'234977'),
(75,'234978'),
(82,'234986'),
(68,'235020'),
(74,'235022'),
(84,'235034'),
(65,'235046'),
(68,'235057'),
(63,'235074'),
(64,'235108'),
(87,'235109'),
(67,'235131'),
(78,'235164'),
(88,'235225'),
(75,'235262'),
(85,'235315'),
(64,'235341'),
(65,'235353'),
(66,'235375'),
(76,'235378'),
(57,'235425'),
(68,'235440'),
(67,'235462'),
(72,'235477'),
(57,'235536'),
(59,'235615'),
(69,'235616'),
(61,'235673'),
(79,'235690'),
(86,'235695'),
(79,'235704'),
(57,'235715'),
(79,'235739'),
(71,'235747'),
(85,'235753'),
(68,'235761'),
(70,'235794'),
(62,'235811'),
(70,'235828'),
(85,'235833'),
(70,'235864'),
(69,'235883'),
(68,'235913'),
(68,'235940'),
(66,'235983'),
(80,'235994'),
(85,'236018'),
(88,'236027'),
(66,'236043'),
(72,'236118'),
(63,'236127'),
(57,'236148'),
(71,'236155'),
(80,'236180'),
(87,'236191'),
(84,'236225'),
(79,'236273'),
(62,'236302'),
(87,'236316'),
(71,'236329'),
(63,'236380'),
(82,'236385'),
(80,'236453'),
(58,'236476'),
(74,'236512'),
(77,'236538'),
(65,'236542'),
(76,'236556'),
(65,'236613'),
(77,'236760'),
(60,'236784'),
(80,'236801'),
(72,'236817'),
(73,'236835'),
(75,'236862'),
(84,'236878'),
(60,'236879'),
(65,'236944'),
(64,'236975'),
(74,'236977'),
(71,'237004'),
(63,'237056'),
(85,'237075'),
(66,'237094'),
(87,'237107'),
(74,'237122'),
(62,'237125'),
(77,'237141'),
(86,'237155'),
(67,'237221'),
(58,'237233'),
(81,'237296'),
(84,'237313'),
(58,'237357'),
(81,'237401'),
(86,'237409'),
(62,'237460'),
(71,'237480'),
(58,'237519'),
(86,'237568'),
(86,'237589'),
(82,'237614'),
(60,'237632'),
(82,'237650'),
(72,'237663'),
(58,'237679'),
(59,'237698'),
(64,'237703'),
(77,'237708'),
(59,'237710'),
(86,'237720'),
(78,'237738'),
(81,'237762'),
(80,'237781'),
(68,'237820'),
(82,'237849'),
(71,'237884'),
(64,'237909'),
(68,'237945'),
(58,'237972'),
(79,'238026'),
(88,'238077'),
(63,'238104'),
(81,'238120'),
(88,'238149'),
(69,'238263'),
(58,'238273'),
(60,'238288'),
(61,'238317'),
(75,'238325'),
(78,'238348'),
(73,'238414'),
(61,'238418'),
(85,'238424'),
(70,'238456'),
(74,'238474'),
(81,'238494'),
(71,'238503'),
(85,'238506'),
(86,'238510'),
(63,'238595'),
(77,'238643'),
(76,'238663'),
(63,'238693'),
(75,'238698'),
(74,'238724'),
(70,'238735'),
(78,'238744'),
(64,'238802'),
(80,'238807'),
(88,'238814'),
(66,'238824'),
(62,'238835'),
(72,'238838'),
(58,'238851'),
(86,'238854'),
(67,'238873'),
(76,'238884'),
(87,'238909'),
(66,'238921'),
(65,'238949'),
(79,'239010'),
(88,'239020'),
(72,'239061'),
(78,'239153'),
(85,'239167'),
(84,'239168'),
(84,'239198'),
(77,'239199'),
(83,'239215'),
(71,'239239'),
(71,'239268'),
(78,'239290'),
(64,'239314'),
(64,'239317'),
(83,'239381'),
(82,'239389'),
(82,'239392'),
(81,'239447'),
(70,'239460'),
(88,'239541'),
(60,'239542'),
(88,'239545'),
(80,'239638'),
(71,'239644'),
(57,'239645'),
(66,'239647'),
(67,'239661'),
(87,'239681'),
(82,'239700'),
(59,'239721'),
(58,'239727'),
(60,'239764'),
(64,'239823'),
(61,'239845'),
(82,'239858'),
(79,'239883'),
(65,'239945'),
(83,'239950'),
(75,'239973'),
(66,'239982'),
(75,'240026'),
(80,'240050'),
(64,'240062'),
(59,'240083'),
(75,'240104'),
(77,'240120'),
(81,'240158'),
(63,'240198'),
(74,'240222'),
(64,'240249'),
(86,'240272'),
(65,'240287'),
(62,'240343'),
(82,'240360'),
(87,'240383'),
(76,'240403'),
(85,'240413'),
(86,'240416'),
(63,'240446'),
(68,'240483'),
(88,'240502'),
(74,'240509'),
(64,'240521'),
(74,'240547'),
(57,'240623'),
(58,'240682'),
(60,'240693'),
(67,'240709'),
(83,'240733'),
(83,'240747'),
(58,'240770'),
(64,'240774'),
(63,'240776'),
(58,'240809'),
(85,'240858'),
(66,'240883'),
(88,'240902'),
(80,'240944'),
(78,'240972'),
(77,'240990'),
(59,'241009'),
(68,'241084'),
(69,'241091'),
(72,'241109'),
(63,'241174'),
(78,'241262'),
(79,'241283'),
(81,'241292'),
(70,'241343'),
(70,'241359'),
(57,'241377'),
(77,'241380'),
(70,'241399'),
(68,'241413'),
(79,'241444'),
(67,'241449'),
(71,'241463'),
(59,'241479'),
(66,'241504'),
(73,'241520'),
(83,'241540'),
(70,'241556'),
(66,'241578'),
(81,'241616'),
(75,'241620'),
(78,'241639'),
(79,'241683'),
(57,'241711'),
(85,'241742'),
(81,'241777'),
(69,'241779'),
(80,'241862'),
(87,'241885'),
(57,'241901'),
(64,'241915'),
(85,'241933'),
(81,'241942'),
(67,'241949'),
(73,'241986'),
(63,'242004'),
(57,'242039'),
(71,'242065'),
(69,'242123'),
(81,'242139'),
(70,'242219'),
(66,'242237'),
(74,'242254'),
(75,'242270'),
(73,'242283'),
(78,'242297'),
(76,'242350'),
(59,'242366'),
(79,'242424'),
(63,'242428'),
(68,'242443'),
(73,'242477'),
(66,'242524'),
(76,'242550'),
(60,'242595'),
(70,'242649'),
(61,'242666'),
(71,'242676'),
(84,'242695'),
(73,'242712'),
(59,'242738'),
(86,'242820'),
(84,'242841'),
(87,'242857'),
(74,'242865'),
(74,'242872'),
(57,'242922'),
(61,'242936'),
(58,'242964'),
(67,'243012'),
(75,'243017'),
(71,'243030'),
(71,'243049'),
(82,'243077'),
(75,'243086'),
(58,'243093'),
(63,'243095'),
(71,'243188'),
(58,'243220'),
(88,'243223'),
(63,'243233'),
(65,'243265'),
(57,'243283'),
(88,'243286'),
(57,'243303'),
(87,'243322'),
(57,'243331'),
(71,'243345'),
(83,'243372'),
(85,'243415'),
(83,'243445'),
(81,'243452'),
(79,'243458'),
(70,'243474'),
(86,'243498'),
(75,'243520'),
(77,'243529'),
(86,'243532'),
(75,'243550'),
(71,'243560'),
(88,'243572'),
(76,'243611'),
(84,'243645'),
(65,'243657'),
(83,'243666'),
(75,'243679'),
(81,'243694'),
(82,'243713'),
(87,'243722'),
(82,'243723'),
(86,'243745'),
(71,'243769'),
(68,'243800'),
(68,'243811'),
(62,'243817'),
(85,'243834'),
(75,'243867'),
(65,'243869'),
(66,'243873'),
(79,'243938'),
(87,'243955'),
(74,'243967'),
(62,'244007'),
(78,'244031'),
(79,'244050'),
(88,'244085'),
(83,'244104'),
(79,'244106'),
(79,'244146'),
(60,'244158'),
(61,'244186'),
(74,'244203'),
(78,'244209'),
(77,'244226'),
(57,'244244'),
(73,'244245'),
(85,'244261'),
(66,'244281'),
(77,'244324'),
(69,'244356'),
(70,'244370'),
(58,'244405'),
(87,'244413'),
(64,'244436'),
(60,'244478'),
(62,'244546'),
(62,'244564'),
(86,'244593'),
(73,'244600'),
(76,'244606'),
(82,'244623'),
(67,'244655'),
(62,'244765'),
(67,'244786'),
(62,'244824'),
(87,'244825'),
(77,'244834'),
(69,'244853'),
(62,'244877'),
(77,'244895'),
(73,'244915'),
(74,'244923'),
(77,'244948'),
(74,'244962'),
(85,'244986'),
(79,'244999'),
(83,'245018'),
(85,'245045'),
(85,'245097'),
(69,'245128'),
(86,'245174'),
(79,'245178'),
(65,'245204'),
(74,'245206'),
(71,'245239'),
(82,'245246'),
(64,'245260'),
(68,'245295'),
(58,'245313'),
(77,'245336'),
(71,'245351'),
(79,'245370'),
(62,'245372'),
(62,'245387'),
(70,'245408'),
(57,'245423'),
(88,'245434'),
(73,'245450'),
(61,'245452'),
(88,'245470'),
(81,'245483'),
(69,'245527'),
(62,'245529'),
(83,'245542'),
(63,'245547'),
(65,'245590'),
(66,'245604'),
(84,'245623'),
(75,'245641'),
(68,'245733'),
(72,'245773'),
(71,'245778'),
(67,'245780'),
(60,'245800'),
(70,'245803'),
(71,'245818'),
(88,'245837'),
(73,'245852'),
(83,'245894'),
(87,'245901'),
(80,'245955'),
(59,'245975'),
(61,'246019'),
(60,'246037'),
(86,'246041'),
(84,'246054'),
(84,'246059'),
(71,'246062'),
(69,'246102'),
(60,'246115'),
(82,'246147'),
(66,'246154'),
(81,'246155'),
(73,'246158'),
(73,'246172'),
(58,'246185'),
(83,'246208'),
(84,'246245'),
(61,'246286'),
(73,'246292'),
(62,'246295'),
(77,'246307'),
(74,'246321'),
(87,'246336'),
(81,'246383'),
(74,'246390'),
(71,'246402'),
(82,'246483'),
(81,'246496'),
(64,'246504'),
(67,'246512'),
(84,'246545'),
(72,'246558'),
(63,'246564'),
(62,'246610'),
(88,'246627'),
(79,'246696'),
(68,'246702'),
(66,'246711'),
(74,'246742'),
(65,'246753'),
(83,'246781'),
(83,'246797'),
(80,'246807'),
(64,'246826'),
(57,'246828'),
(59,'246829'),
(83,'246853'),
(76,'246878'),
(78,'246892'),
(80,'246976'),
(57,'246995'),
(79,'247032'),
(81,'247055'),
(82,'247066'),
(57,'247125'),
(67,'247158'),
(59,'247177'),
(76,'247184'),
(79,'247195'),
(73,'247205'),
(79,'247217'),
(72,'247231'),
(74,'247251'),
(82,'247269'),
(83,'247275'),
(68,'247280'),
(68,'247293'),
(75,'247314'),
(76,'247328'),
(87,'247343'),
(72,'247361'),
(70,'247379'),
(70,'247400'),
(72,'247436'),
(65,'247454'),
(57,'247474'),
(87,'247488'),
(79,'247521'),
(60,'247573'),
(77,'247612'),
(83,'247620'),
(58,'247639'),
(58,'247658'),
(82,'247700'),
(76,'247709'),
(88,'247712'),
(73,'247729'),
(83,'247732'),
(61,'247779'),
(81,'247796'),
(65,'247803'),
(64,'247815'),
(76,'247838'),
(63,'247868'),
(88,'247874'),
(59,'247897'),
(72,'247943'),
(61,'247969'),
(84,'248023'),
(65,'248043'),
(70,'248053'),
(78,'248077'),
(86,'248093'),
(71,'248144'),
(68,'248167'),
(60,'248186'),
(87,'248206'),
(69,'248215'),
(72,'248233'),
(78,'248236'),
(61,'248283'),
(84,'248322'),
(59,'248340'),
(68,'248379'),
(81,'248453'),
(63,'248468'),
(73,'248485'),
(74,'248496'),
(66,'248509'),
(59,'248516'),
(64,'248535'),
(74,'248570'),
(88,'248576'),
(76,'248581'),
(68,'248595'),
(88,'248604'),
(78,'248629'),
(65,'248640'),
(80,'248655'),
(66,'248678'),
(65,'248720'),
(84,'248743'),
(67,'248758'),
(88,'248794'),
(69,'248837'),
(67,'248878'),
(85,'248886'),
(65,'248899'),
(59,'248910'),
(77,'248929'),
(74,'248957'),
(64,'248977'),
(58,'248996'),
(73,'249015'),
(77,'249033'),
(76,'249045'),
(68,'249061'),
(88,'249075'),
(65,'249091'),
(76,'249092'),
(78,'249122'),
(64,'249129'),
(86,'249143'),
(64,'249156'),
(86,'249157'),
(66,'249259'),
(58,'249268'),
(75,'249293'),
(63,'249308'),
(66,'249341'),
(57,'249356'),
(81,'249360'),
(77,'249375'),
(85,'249460'),
(64,'249479'),
(88,'249509'),
(84,'249528'),
(73,'249541'),
(67,'249556'),
(65,'249602'),
(80,'249625'),
(70,'249632'),
(84,'249650'),
(76,'249658'),
(86,'249660'),
(65,'249695'),
(86,'249726'),
(59,'249738'),
(81,'249741'),
(82,'249755'),
(83,'249756'),
(73,'249788'),
(63,'249809'),
(69,'249821'),
(84,'249827'),
(64,'249860'),
(58,'249895'),
(86,'249911'),
(72,'249961'),
(60,'250005'),
(69,'250027'),
(83,'250041'),
(69,'250051'),
(78,'250059'),
(70,'250076'),
(65,'250095'),
(70,'250108'),
(86,'250144'),
(65,'250148'),
(79,'250175'),
(69,'250198'),
(75,'250217'),
(59,'250238'),
(70,'250248'),
(87,'250275'),
(88,'250390'),
(71,'250426'),
(78,'250431'),
(66,'250437'),
(78,'250477'),
(76,'250488'),
(62,'250565'),
(88,'250577'),
(65,'250606'),
(72,'250648'),
(85,'250687'),
(83,'250688'),
(78,'250706'),
(73,'250779'),
(68,'250781'),
(74,'250785'),
(82,'250838'),
(81,'250876'),
(58,'250891'),
(86,'250895'),
(59,'250909'),
(68,'250922'),
(84,'250942'),
(83,'250962'),
(85,'250970'),
(81,'250975'),
(61,'251113'),
(76,'251122'),
(76,'251127'),
(60,'251168'),
(62,'251190'),
(73,'251238'),
(83,'251242'),
(71,'251290'),
(86,'251319'),
(79,'251343'),
(67,'251388'),
(72,'251392'),
(61,'251401'),
(82,'251458'),
(62,'251481'),
(86,'251488'),
(67,'251491'),
(62,'251525'),
(69,'251529'),
(82,'251560'),
(65,'251616'),
(80,'251648'),
(80,'251659'),
(72,'251673'),
(85,'251681'),
(59,'251724'),
(84,'251743'),
(86,'251857'),
(74,'251911'),
(67,'251912'),
(82,'251940'),
(69,'251981'),
(62,'251995'),
(82,'252007'),
(60,'252017'),
(78,'252032'),
(86,'252085'),
(66,'252143'),
(83,'252175'),
(86,'252194'),
(84,'252237'),
(76,'252295'),
(72,'252304'),
(79,'252316'),
(66,'252319'),
(69,'252358'),
(57,'252370'),
(72,'252387'),
(75,'252395'),
(84,'252400'),
(76,'252415'),
(70,'252453'),
(88,'252468'),
(82,'252537'),
(74,'252547'),
(84,'252566'),
(84,'252601'),
(61,'252627'),
(81,'252642'),
(66,'252674'),
(62,'252691'),
(68,'252705'),
(85,'252736'),
(85,'252747'),
(71,'252767'),
(57,'252799'),
(74,'252814'),
(64,'252830'),
(69,'252856'),
(73,'252872'),
(60,'252883'),
(77,'252938'),
(81,'252956'),
(83,'252972'),
(86,'252990'),
(79,'253003'),
(63,'253039'),
(75,'253044'),
(77,'253063'),
(85,'253095'),
(86,'253122'),
(79,'253135'),
(86,'253168'),
(73,'253203'),
(79,'253270'),
(88,'253274'),
(77,'253289'),
(79,'253296'),
(61,'253359'),
(86,'253375'),
(67,'253422'),
(73,'253429'),
(80,'253439'),
(58,'253483'),
(65,'253508'),
(68,'253525'),
(81,'253580'),
(76,'253626'),
(83,'253719'),
(83,'253745'),
(83,'253809'),
(60,'253838'),
(75,'253868'),
(73,'253878'),
(63,'253884'),
(71,'253973'),
(67,'253990'),
(83,'254003'),
(57,'254032'),
(59,'254033'),
(84,'254062'),
(61,'254139'),
(65,'254149'),
(80,'254166'),
(69,'254180'),
(59,'254254'),
(76,'254273'),
(73,'254298'),
(79,'254314'),
(63,'254332'),
(87,'254355'),
(78,'254368'),
(58,'254417'),
(88,'254494'),
(65,'254531'),
(60,'254541'),
(72,'254557'),
(80,'254562'),
(70,'254572'),
(60,'254608'),
(63,'254616'),
(57,'254639'),
(67,'254669'),
(62,'254701'),
(72,'254765'),
(74,'254809'),
(68,'254815'),
(88,'254852'),
(79,'254872'),
(76,'254889'),
(85,'254933'),
(69,'254947'),
(87,'254949'),
(67,'254976'),
(71,'254979'),
(63,'254998'),
(86,'255016'),
(76,'255028'),
(82,'255039'),
(76,'255060'),
(69,'255093'),
(86,'255155'),
(73,'255159'),
(74,'255202'),
(72,'255259'),
(68,'255270'),
(85,'255355'),
(87,'255369'),
(72,'255388'),
(85,'255396'),
(66,'255412'),
(59,'255414'),
(86,'255430'),
(76,'255439'),
(66,'255447'),
(73,'255462'),
(73,'255464'),
(57,'255509'),
(81,'255524'),
(57,'255637'),
(65,'255662'),
(78,'255678'),
(74,'255753'),
(60,'255777'),
(82,'255815'),
(69,'255830'),
(72,'255860'),
(79,'255879'),
(71,'255881'),
(75,'255931'),
(71,'255940'),
(81,'255981'),
(59,'255989'),
(76,'256016'),
(88,'256072'),
(57,'256082'),
(58,'256092'),
(69,'256106'),
(73,'256129'),
(75,'256211'),
(60,'256226'),
(60,'256298'),
(63,'256305'),
(67,'256334'),
(61,'256394'),
(78,'256395'),
(68,'256421'),
(60,'256431'),
(61,'256435'),
(71,'256459'),
(84,'256500'),
(81,'256509'),
(65,'256567'),
(77,'256573'),
(71,'256577'),
(59,'256592'),
(85,'256619'),
(80,'256687'),
(68,'256696'),
(58,'256749'),
(86,'256771'),
(84,'256791'),
(76,'256811'),
(57,'256821'),
(74,'256822'),
(70,'256869'),
(61,'256885'),
(70,'256954'),
(58,'256961'),
(82,'257026'),
(72,'257044'),
(82,'257056'),
(66,'257090'),
(68,'257122'),
(68,'257194'),
(59,'257198'),
(88,'257217'),
(60,'257240'),
(73,'257275'),
(88,'257307'),
(81,'257312'),
(63,'257346'),
(72,'257357'),
(62,'257370'),
(86,'257383'),
(87,'257387'),
(58,'257436'),
(64,'257485'),
(76,'257526'),
(59,'257536'),
(86,'257577'),
(80,'257620'),
(70,'257637'),
(61,'257650'),
(78,'257666'),
(70,'257680'),
(75,'257684'),
(82,'257698'),
(72,'257728'),
(85,'257752'),
(76,'257780'),
(79,'257797'),
(59,'257892'),
(76,'257900'),
(88,'257909'),
(72,'257923'),
(66,'257928'),
(63,'257954'),
(76,'257967'),
(78,'257987'),
(70,'258016'),
(77,'258071'),
(81,'258082'),
(61,'258142'),
(60,'258144'),
(62,'258160'),
(76,'258173'),
(84,'258193'),
(73,'258202'),
(80,'258203'),
(65,'258218'),
(84,'258252'),
(81,'258317'),
(74,'258337'),
(85,'258367'),
(72,'258374'),
(71,'258378'),
(82,'258397'),
(88,'258455'),
(68,'258475'),
(78,'258526'),
(86,'258597'),
(75,'258609'),
(57,'258615'),
(63,'258709'),
(84,'258729'),
(75,'258730'),
(85,'258745'),
(60,'258748'),
(64,'258768'),
(64,'258802'),
(76,'258814'),
(77,'258820'),
(66,'258823'),
(57,'258864'),
(69,'258886'),
(84,'258904'),
(72,'258912'),
(61,'258932'),
(80,'258947'),
(75,'258967'),
(63,'259007'),
(60,'259026'),
(65,'259088'),
(73,'259123'),
(63,'259206'),
(86,'259251'),
(74,'259266'),
(75,'259308'),
(78,'259355'),
(60,'259374'),
(61,'259390'),
(72,'259397'),
(67,'259404'),
(61,'259405'),
(83,'259448'),
(76,'259461'),
(78,'259471'),
(61,'259548'),
(88,'259549'),
(63,'259585'),
(70,'259602'),
(70,'259616'),
(79,'259660'),
(71,'259665'),
(63,'259674'),
(83,'259679'),
(85,'259687'),
(84,'259698'),
(81,'259713'),
(66,'259746'),
(61,'259760'),
(77,'259766'),
(71,'259772'),
(73,'259782'),
(65,'259812'),
(79,'259865'),
(70,'259915'),
(60,'259925'),
(78,'259952'),
(79,'260003'),
(62,'260077'),
(69,'260087'),
(72,'260098'),
(67,'260117'),
(85,'260196'),
(84,'260255'),
(88,'260272'),
(72,'260276'),
(76,'260333'),
(58,'260365'),
(59,'260370'),
(60,'260409'),
(85,'260441'),
(61,'260471'),
(66,'260487'),
(75,'260495'),
(80,'260502'),
(78,'260516'),
(78,'260530'),
(62,'260562'),
(59,'260613'),
(81,'260626'),
(86,'260730'),
(71,'260740'),
(81,'260769'),
(70,'260789'),
(70,'260842'),
(70,'260852'),
(75,'260869'),
(69,'260880'),
(58,'260884'),
(82,'260894'),
(64,'260902'),
(57,'260920'),
(77,'260939'),
(80,'260958'),
(67,'260985'),
(79,'260993'),
(62,'261012'),
(65,'261084'),
(76,'261132'),
(77,'261149'),
(86,'261165'),
(79,'261201'),
(83,'261247'),
(78,'261272'),
(69,'261316'),
(70,'261332'),
(82,'261346'),
(59,'261373'),
(65,'261413'),
(64,'261414'),
(60,'261456'),
(68,'261504'),
(59,'261562'),
(69,'261595'),
(67,'261612'),
(57,'261678'),
(59,'261682'),
(59,'261690'),
(86,'261753'),
(65,'261806'),
(85,'261849'),
(88,'261858'),
(84,'261894'),
(73,'261934'),
(71,'261964'),
(76,'261984'),
(77,'261986'),
(77,'262056'),
(86,'262074'),
(61,'262103'),
(79,'262125'),
(66,'262163'),
(83,'262211'),
(72,'262215'),
(60,'262234'),
(85,'262254'),
(74,'262290'),
(82,'262324'),
(58,'262382'),
(62,'262449'),
(57,'262512'),
(84,'262521'),
(77,'262522'),
(75,'262553'),
(57,'262557'),
(68,'262607'),
(78,'262631'),
(68,'262655'),
(79,'262668'),
(74,'262680'),
(62,'262725'),
(67,'262745'),
(86,'262758'),
(77,'262812'),
(87,'262857'),
(78,'262962'),
(75,'262966'),
(74,'262969'),
(60,'262972'),
(69,'263020'),
(81,'263074'),
(75,'263128'),
(87,'263141'),
(75,'263150'),
(68,'263186'),
(61,'263261'),
(71,'263296'),
(77,'263313'),
(58,'263329'),
(57,'263389'),
(83,'263406'),
(64,'263441'),
(67,'263545'),
(78,'263671'),
(62,'263676'),
(59,'263711'),
(80,'263734'),
(73,'263803'),
(83,'263806'),
(88,'263808'),
(80,'263823'),
(88,'263872'),
(68,'263894'),
(81,'263913'),
(68,'263923'),
(62,'263936'),
(69,'264034'),
(72,'264044'),
(65,'264057'),
(62,'264092'),
(59,'264151'),
(67,'264189'),
(78,'264263'),
(78,'264281'),
(62,'264295'),
(87,'264345'),
(69,'264388'),
(59,'264405'),
(58,'264432'),
(73,'264444'),
(60,'264510'),
(87,'264520'),
(81,'264533'),
(77,'264545'),
(73,'264555'),
(88,'264562'),
(61,'264571'),
(64,'264604'),
(72,'264635'),
(61,'264644'),
(87,'264666'),
(60,'264687'),
(71,'264688'),
(64,'264690'),
(64,'264695'),
(63,'264696'),
(85,'264699'),
(84,'264729'),
(83,'264740'),
(63,'264777'),
(66,'264797'),
(83,'264807'),
(70,'264814'),
(66,'264834'),
(64,'264838'),
(65,'264865'),
(76,'264913'),
(78,'264945'),
(75,'265018'),
(75,'265057'),
(81,'265075'),
(80,'265140'),
(65,'265159'),
(78,'265171'),
(83,'265184'),
(84,'265227'),
(57,'265277'),
(76,'265326'),
(65,'265347'),
(72,'265408'),
(81,'265444'),
(60,'265492'),
(74,'265501'),
(62,'265514'),
(59,'265564'),
(72,'265579'),
(84,'265594'),
(61,'265641'),
(79,'265642'),
(65,'265663'),
(76,'265683'),
(71,'265695'),
(81,'265723'),
(59,'265761'),
(72,'265784'),
(72,'265798'),
(64,'265808'),
(86,'265822'),
(76,'265825'),
(63,'265834'),
(80,'265850'),
(86,'265869'),
(62,'265885'),
(83,'265917'),
(69,'265955'),
(79,'265992'),
(86,'266021'),
(86,'266063'),
(67,'266076'),
(80,'266090'),
(74,'266125'),
(84,'266145'),
(69,'266161'),
(68,'266179'),
(67,'266196'),
(64,'266269'),
(75,'266287'),
(85,'266316'),
(58,'266335'),
(78,'266392'),
(82,'266435'),
(66,'266447'),
(81,'266480'),
(64,'266481'),
(64,'266489'),
(84,'266508'),
(72,'266530'),
(69,'266547'),
(67,'266567'),
(76,'266581'),
(73,'266599'),
(83,'266608'),
(72,'266644'),
(85,'266666'),
(76,'266688'),
(64,'266708'),
(83,'266727'),
(57,'266748'),
(81,'266783'),
(82,'266797'),
(66,'266799'),
(67,'266805'),
(62,'266916'),
(60,'266937'),
(85,'266980'),
(82,'267013'),
(83,'267031'),
(77,'267043'),
(67,'267055'),
(63,'267092'),
(68,'267097'),
(58,'267114'),
(70,'267133'),
(60,'267162'),
(72,'267182'),
(87,'267183'),
(78,'267237'),
(69,'267241'),
(80,'267263'),
(74,'267312'),
(79,'267326'),
(69,'267347'),
(69,'267349'),
(79,'267388'),
(74,'267428'),
(63,'267449'),
(65,'267497'),
(66,'267514'),
(82,'267523'),
(84,'267528'),
(64,'267530'),
(80,'267544'),
(77,'267580'),
(70,'267607'),
(86,'267613'),
(84,'267627'),
(58,'267686'),
(63,'267762'),
(60,'267822'),
(85,'267827'),
(57,'267831'),
(71,'267926'),
(83,'267942'),
(63,'267943'),
(65,'267948'),
(72,'267950'),
(78,'268035'),
(62,'268144'),
(59,'268153'),
(58,'268206'),
(87,'268227'),
(77,'268247'),
(72,'268269'),
(74,'268291'),
(67,'268297'),
(79,'268308'),
(85,'268344'),
(72,'268357'),
(84,'268362'),
(67,'268388'),
(61,'268435'),
(64,'268485'),
(67,'268493'),
(78,'268508'),
(79,'268520'),
(74,'268527'),
(61,'268537'),
(75,'268567'),
(78,'268586'),
(61,'268627'),
(69,'268665'),
(86,'268685'),
(58,'268704'),
(86,'268725'),
(83,'268762'),
(65,'268772'),
(85,'268781'),
(85,'268789'),
(70,'268809'),
(68,'268814'),
(58,'268819'),
(75,'268824'),
(75,'268841'),
(64,'268920'),
(85,'268923'),
(88,'268934'),
(71,'268950'),
(64,'268956'),
(88,'269000'),
(82,'269001'),
(58,'269011'),
(77,'269069'),
(61,'269080'),
(88,'269118'),
(74,'269133'),
(72,'269154'),
(62,'269157'),
(66,'269210'),
(60,'269216'),
(69,'269230'),
(82,'269236'),
(77,'269275'),
(68,'269288'),
(84,'269302'),
(67,'269368'),
(64,'269369'),
(63,'269390'),
(73,'269409'),
(77,'269423'),
(78,'269445'),
(58,'269465'),
(87,'269476'),
(67,'269505'),
(85,'269520'),
(67,'269546'),
(67,'269553'),
(64,'269589'),
(76,'269620'),
(60,'269636'),
(57,'269675'),
(66,'269689'),
(58,'269715'),
(65,'269725'),
(83,'269774'),
(60,'269794'),
(62,'269809'),
(61,'269823'),
(86,'269902'),
(82,'269928'),
(82,'269937'),
(86,'270038'),
(77,'270059'),
(76,'270074'),
(63,'270102'),
(82,'270186'),
(76,'270203'),
(58,'270217'),
(69,'270229'),
(64,'270246'),
(84,'270274'),
(58,'270306'),
(75,'270374'),
(74,'270478'),
(86,'270495'),
(85,'270503'),
(81,'270513'),
(74,'270518'),
(85,'270532'),
(86,'270543'),
(77,'270558'),
(79,'270593'),
(74,'270595'),
(64,'270628'),
(62,'270640'),
(74,'270651'),
(83,'270688'),
(75,'270707'),
(86,'270834'),
(63,'270865'),
(60,'270894'),
(59,'270930'),
(74,'270948'),
(79,'270978'),
(63,'271078'),
(72,'271114'),
(63,'271147'),
(75,'271167'),
(79,'271260'),
(70,'271272'),
(85,'271293'),
(69,'271307'),
(76,'271324'),
(75,'271352'),
(72,'271370'),
(85,'271386'),
(82,'271453'),
(66,'271456'),
(74,'271463'),
(73,'271484'),
(72,'271505'),
(60,'271523'),
(64,'271536'),
(88,'271574'),
(74,'271582'),
(67,'271589'),
(84,'271607'),
(58,'271612'),
(79,'271626'),
(59,'271672'),
(88,'271724'),
(75,'271766'),
(68,'271819'),
(75,'271827'),
(77,'271858'),
(87,'271887'),
(63,'271911'),
(76,'271931'),
(85,'272021'),
(73,'272067'),
(63,'272082'),
(85,'272098'),
(72,'272134'),
(70,'272149'),
(72,'272179'),
(72,'272226'),
(81,'272247'),
(61,'272260'),
(63,'272324'),
(83,'272366'),
(79,'272408'),
(65,'272418'),
(87,'272448'),
(67,'272463'),
(62,'272528'),
(79,'272556'),
(83,'272572'),
(84,'272580'),
(88,'272610'),
(69,'272611'),
(57,'272618'),
(66,'272631'),
(57,'272740'),
(57,'272768'),
(64,'272809'),
(70,'272846'),
(62,'272868'),
(66,'272873'),
(60,'272930'),
(87,'272946'),
(73,'272965'),
(75,'272982'),
(79,'273014'),
(81,'273057'),
(62,'273075'),
(83,'273094'),
(74,'273104'),
(72,'273121'),
(84,'273127'),
(74,'273150'),
(64,'273152'),
(82,'273159'),
(77,'273193'),
(73,'273264'),
(63,'273271'),
(77,'273337'),
(73,'273376'),
(81,'273396'),
(60,'273463'),
(69,'273472'),
(81,'273493'),
(62,'273501'),
(80,'273522'),
(58,'273560'),
(59,'273569'),
(77,'273594'),
(65,'273627'),
(77,'273662'),
(58,'273672'),
(88,'273682'),
(69,'273699'),
(57,'273741'),
(79,'273792'),
(84,'273804'),
(79,'273807'),
(61,'273827'),
(58,'273847'),
(75,'273887'),
(62,'273902'),
(67,'273911'),
(65,'273943'),
(71,'274000'),
(78,'274012'),
(80,'274022'),
(76,'274036'),
(59,'274057'),
(75,'274076'),
(69,'274105'),
(76,'274121'),
(82,'274172'),
(78,'274207'),
(88,'274272'),
(85,'274275'),
(66,'274292'),
(74,'274341'),
(77,'274363'),
(86,'274391'),
(81,'274412'),
(76,'274414'),
(78,'274462'),
(62,'274501'),
(58,'274506'),
(74,'274513'),
(88,'274526'),
(67,'274532'),
(59,'274573'),
(74,'274603'),
(64,'274606'),
(78,'274657'),
(84,'274665'),
(62,'274681'),
(85,'274687'),
(72,'274703'),
(71,'274717'),
(79,'274749'),
(75,'274766'),
(88,'274789'),
(59,'274824'),
(81,'274830'),
(81,'274850'),
(78,'274855'),
(58,'274873'),
(86,'274878'),
(64,'274911'),
(65,'274948'),
(65,'274975'),
(66,'274979'),
(59,'274990'),
(67,'275040'),
(75,'275066'),
(60,'275104'),
(64,'275123'),
(78,'275152'),
(61,'275172'),
(61,'275184'),
(60,'275206'),
(61,'275248'),
(86,'275266'),
(82,'275285'),
(86,'275299'),
(88,'275352'),
(78,'275355'),
(72,'275378'),
(57,'275382'),
(68,'275390'),
(70,'275440'),
(69,'275466'),
(86,'275471'),
(71,'275481'),
(75,'275483'),
(61,'275500'),
(68,'275518'),
(87,'275556'),
(67,'275613'),
(60,'275637'),
(63,'275650'),
(66,'275653'),
(87,'275677'),
(63,'275734'),
(87,'275747'),
(82,'275776'),
(86,'275815'),
(75,'275842'),
(77,'275854'),
(79,'275860'),
(66,'275867'),
(74,'275884'),
(71,'275923'),
(85,'275973'),
(59,'275977'),
(67,'276009'),
(59,'276014'),
(72,'276042'),
(79,'276108'),
(63,'276116'),
(74,'276152'),
(64,'276242'),
(82,'276270'),
(72,'276328'),
(58,'276336'),
(71,'276350'),
(58,'276375'),
(63,'276378'),
(74,'276412'),
(73,'276420'),
(57,'276436'),
(77,'276484'),
(85,'276514'),
(58,'276542'),
(77,'276601'),
(72,'276612'),
(63,'276640'),
(73,'276657'),
(79,'276727'),
(75,'276776'),
(72,'276796'),
(67,'276810'),
(62,'276969'),
(82,'276984'),
(74,'276997'),
(62,'277040'),
(69,'277055'),
(75,'277061'),
(67,'277082'),
(74,'277101'),
(67,'277160'),
(82,'277230'),
(73,'277244'),
(83,'277265'),
(59,'277307'),
(62,'277314'),
(73,'277359'),
(80,'277381'),
(83,'277394'),
(59,'277413'),
(72,'277428'),
(78,'277458'),
(75,'277470'),
(81,'277564'),
(67,'277601'),
(67,'277617'),
(85,'277654'),
(75,'277672'),
(82,'277713'),
(78,'277730'),
(86,'277850'),
(85,'277859'),
(79,'277868'),
(74,'277903'),
(72,'277923'),
(70,'277928'),
(66,'277982'),
(72,'278000'),
(76,'278034'),
(70,'278055'),
(60,'278079'),
(61,'278117'),
(69,'278132'),
(72,'278182'),
(62,'278186'),
(61,'278202'),
(63,'278269'),
(68,'278342'),
(73,'278343'),
(58,'278389'),
(72,'278477'),
(64,'278500'),
(64,'278514'),
(67,'278534'),
(69,'278542'),
(64,'278559'),
(57,'278569'),
(68,'278587'),
(76,'278608'),
(59,'278635'),
(62,'278683'),
(66,'278707'),
(81,'278718'),
(67,'278731'),
(59,'278738'),
(64,'278743'),
(84,'278767'),
(64,'278844'),
(85,'278880'),
(74,'278915'),
(69,'278954'),
(85,'278983'),
(66,'278992'),
(61,'279002'),
(80,'279028'),
(78,'279051'),
(70,'279065'),
(67,'279108'),
(69,'279123'),
(60,'279153'),
(59,'279161'),
(65,'279172'),
(80,'279196'),
(79,'279207'),
(84,'279226'),
(84,'279239'),
(86,'279273'),
(68,'279372'),
(73,'279405'),
(79,'279421'),
(78,'279432'),
(75,'279481'),
(75,'279484'),
(76,'279520'),
(70,'279539'),
(59,'279545'),
(64,'279547'),
(63,'279563'),
(83,'279621'),
(64,'279627'),
(87,'279638'),
(71,'279663'),
(83,'279719'),
(74,'279738'),
(63,'279741'),
(79,'279748'),
(82,'279845'),
(80,'279939'),
(61,'279951'),
(84,'279974'),
(86,'280014'),
(62,'280018'),
(67,'280033'),
(68,'280103'),
(71,'280171'),
(61,'280184'),
(79,'280193'),
(82,'280207'),
(61,'280239'),
(65,'280263'),
(66,'280272'),
(71,'280277'),
(58,'280289'),
(74,'280305'),
(70,'280317'),
(82,'280346'),
(66,'280362'),
(88,'280409'),
(60,'280428'),
(72,'280484'),
(81,'280496'),
(84,'280525'),
(61,'280533'),
(77,'280549'),
(82,'280582'),
(75,'280606'),
(73,'280609'),
(69,'280655'),
(74,'280659'),
(76,'280679'),
(63,'280689'),
(86,'280711'),
(72,'280723'),
(69,'280737'),
(74,'280756'),
(84,'280814'),
(63,'280833'),
(74,'280851'),
(79,'280866'),
(86,'280879'),
(61,'280889'),
(57,'280932'),
(73,'280958'),
(79,'281083'),
(68,'281097'),
(74,'281113'),
(87,'281122'),
(74,'281134'),
(83,'281156'),
(78,'281191'),
(70,'281194'),
(72,'281212'),
(80,'281245'),
(77,'281246'),
(70,'281285'),
(79,'281319'),
(85,'281332'),
(80,'281366'),
(82,'281381'),
(67,'281392'),
(88,'281422'),
(74,'281436'),
(72,'281455'),
(77,'281484'),
(57,'281487'),
(80,'281506'),
(75,'281532'),
(83,'281565'),
(73,'281580'),
(86,'281594'),
(81,'281630'),
(78,'281634'),
(82,'281667'),
(76,'281696'),
(79,'281707'),
(81,'281715'),
(67,'281727'),
(85,'281777'),
(64,'281779'),
(61,'281788'),
(78,'281806'),
(84,'281807'),
(76,'281810'),
(75,'281811'),
(67,'281814'),
(66,'281826'),
(64,'281828'),
(87,'281833'),
(72,'281849'),
(84,'281860'),
(77,'281905'),
(60,'281915'),
(60,'281944'),
(87,'281958'),
(88,'281964'),
(62,'282016'),
(65,'282043'),
(87,'282089'),
(78,'282129'),
(68,'282149'),
(84,'282166'),
(58,'282301'),
(82,'282313'),
(76,'282318'),
(84,'282333'),
(74,'282455'),
(83,'282463'),
(87,'282526'),
(74,'282544'),
(71,'282553'),
(73,'282569'),
(88,'282605'),
(82,'282620'),
(57,'282630'),
(74,'282659'),
(82,'282663'),
(57,'282694'),
(87,'282765'),
(66,'282769'),
(63,'282782'),
(60,'282786'),
(84,'282820'),
(78,'282829'),
(63,'282834'),
(66,'282850'),
(80,'282869'),
(71,'282927'),
(76,'282936'),
(73,'282966'),
(79,'283024'),
(88,'283074'),
(65,'283086'),
(82,'283103'),
(67,'283154'),
(85,'283155'),
(86,'283204'),
(63,'283218'),
(60,'283242'),
(86,'283266'),
(81,'283327'),
(63,'283344'),
(79,'283353'),
(57,'283365'),
(73,'283367'),
(66,'283385'),
(85,'283416'),
(61,'283442'),
(85,'283445'),
(62,'283478'),
(85,'283506'),
(69,'283520'),
(62,'283539'),
(84,'283596'),
(73,'283612'),
(79,'283655'),
(85,'283682'),
(58,'283683'),
(73,'283744'),
(78,'283754'),
(70,'283767'),
(75,'283788'),
(57,'283826'),
(80,'283845'),
(64,'283893'),
(79,'283908'),
(73,'283918'),
(78,'283935'),
(59,'283961'),
(57,'284033'),
(84,'284035'),
(76,'284047'),
(68,'284059'),
(61,'284085'),
(67,'284089'),
(61,'284099'),
(61,'284148'),
(85,'284185'),
(63,'284214'),
(76,'284242'),
(69,'284274'),
(73,'284288'),
(69,'284307'),
(85,'284418'),
(79,'284436'),
(66,'284445'),
(74,'284462'),
(85,'284511'),
(85,'284513'),
(60,'284545'),
(83,'284565'),
(66,'284599'),
(78,'284663'),
(67,'284676'),
(82,'284679'),
(83,'284743'),
(85,'284755'),
(64,'284773'),
(68,'284839'),
(87,'284857'),
(60,'284870'),
(67,'284900'),
(85,'284919'),
(74,'284931'),
(78,'284960'),
(63,'284995'),
(76,'285011'),
(71,'285027'),
(81,'285061'),
(60,'285073'),
(80,'285083'),
(86,'285089'),
(81,'285102'),
(65,'285119'),
(65,'285148'),
(88,'285164'),
(58,'285169'),
(67,'285200'),
(79,'285229'),
(68,'285290'),
(70,'285328'),
(65,'285348'),
(62,'285363'),
(87,'285404'),
(83,'285434'),
(85,'285447'),
(73,'285493'),
(63,'285558'),
(68,'285606'),
(61,'285609'),
(79,'285650'),
(73,'285670'),
(67,'285679'),
(88,'285693'),
(69,'285710'),
(82,'285736'),
(78,'285745'),
(81,'285749'),
(61,'285765'),
(66,'285782'),
(81,'285799'),
(81,'285836'),
(88,'285848'),
(60,'285858'),
(66,'285867'),
(82,'285874'),
(69,'285893'),
(83,'285922'),
(74,'285950'),
(85,'285973'),
(86,'285994'),
(80,'286018'),
(79,'286026'),
(82,'286044'),
(72,'286078'),
(82,'286085'),
(65,'286100'),
(61,'286108'),
(88,'286133'),
(76,'286155'),
(70,'286175'),
(60,'286262'),
(65,'286264'),
(86,'286380'),
(76,'286396'),
(80,'286397'),
(69,'286416'),
(82,'286426'),
(76,'286437'),
(65,'286477'),
(80,'286518'),
(59,'286533'),
(57,'286546'),
(65,'286563'),
(64,'286580'),
(87,'286589'),
(75,'286598'),
(57,'286608'),
(68,'286628'),
(63,'286646'),
(72,'286684'),
(79,'286765'),
(66,'286797'),
(62,'286865'),
(66,'286897'),
(60,'286916'),
(72,'286925'),
(86,'286944'),
(86,'286952'),
(70,'286955'),
(83,'286965'),
(82,'286986'),
(58,'286988'),
(59,'286996'),
(66,'287014'),
(80,'287029'),
(70,'287034'),
(84,'287074'),
(71,'287078'),
(65,'287086'),
(58,'287088'),
(82,'287102'),
(59,'287117'),
(66,'287136'),
(75,'287147'),
(65,'287176'),
(59,'287256'),
(85,'287265'),
(83,'287273'),
(62,'287305'),
(60,'287371'),
(73,'287394'),
(58,'287395'),
(69,'287408'),
(85,'287421'),
(70,'287430'),
(79,'287448'),
(71,'287483'),
(63,'287529'),
(86,'287546'),
(71,'287554'),
(86,'287564'),
(61,'287576'),
(83,'287608'),
(86,'287629'),
(65,'287690'),
(63,'287735'),
(69,'287761'),
(64,'287766'),
(63,'287790'),
(59,'287797'),
(64,'287817'),
(66,'287884'),
(57,'287898'),
(58,'287928'),
(67,'287934'),
(78,'287972'),
(58,'287992'),
(83,'288050'),
(69,'288070'),
(77,'288081'),
(62,'288101'),
(67,'288142'),
(84,'288158'),
(63,'288202'),
(85,'288258'),
(66,'288278'),
(83,'288317'),
(68,'288373'),
(70,'288383'),
(59,'288418'),
(83,'288432'),
(86,'288445'),
(68,'288465'),
(87,'288509'),
(58,'288529'),
(78,'288550'),
(69,'288562'),
(88,'288599'),
(63,'288609'),
(82,'288618'),
(84,'288624'),
(88,'288628'),
(88,'288815'),
(71,'288828'),
(68,'288861'),
(88,'288891'),
(84,'288915'),
(69,'288942'),
(86,'288959'),
(88,'288977'),
(71,'289011'),
(67,'289033'),
(68,'289084'),
(86,'289101'),
(82,'289154'),
(86,'289160'),
(86,'289196'),
(59,'289201'),
(80,'289213'),
(76,'289223'),
(81,'289241'),
(75,'289247'),
(60,'289257'),
(82,'289276'),
(69,'289308'),
(65,'289360'),
(71,'289411'),
(87,'289418'),
(68,'289439'),
(88,'289453'),
(73,'289474'),
(57,'289477'),
(88,'289547'),
(81,'289574'),
(61,'289662'),
(74,'289679'),
(59,'289723'),
(76,'289740'),
(63,'289772'),
(86,'289807'),
(87,'289829'),
(74,'289830'),
(86,'289887'),
(85,'289900'),
(84,'289915'),
(60,'289920'),
(58,'289953'),
(68,'289983'),
(77,'289995'),
(73,'290001'),
(67,'290019'),
(88,'290027'),
(81,'290040'),
(67,'290049'),
(88,'290054'),
(87,'290056'),
(82,'290058'),
(57,'290081'),
(80,'290087'),
(83,'290130'),
(76,'290142'),
(76,'290154'),
(63,'290161'),
(83,'290172'),
(66,'290211'),
(84,'290236'),
(88,'290264'),
(85,'290277'),
(75,'290296'),
(72,'290316'),
(67,'290320'),
(88,'290324'),
(66,'290345'),
(57,'290371'),
(84,'290391'),
(70,'290406'),
(72,'290435'),
(67,'290441'),
(74,'290477'),
(73,'290507'),
(85,'290519'),
(84,'290590'),
(75,'290609'),
(87,'290615'),
(61,'290660'),
(81,'290679'),
(70,'290730'),
(58,'290784'),
(67,'290798'),
(83,'290805'),
(66,'290808'),
(71,'290873'),
(85,'290903'),
(63,'290940'),
(61,'290943'),
(67,'290951'),
(84,'290975'),
(80,'291035'),
(81,'291063'),
(73,'291083'),
(71,'291114'),
(85,'291141'),
(88,'291212'),
(86,'291222'),
(84,'291259'),
(76,'291292'),
(77,'291338'),
(68,'291369'),
(75,'291390'),
(67,'291400'),
(69,'291462'),
(61,'291522'),
(63,'291556'),
(57,'291558'),
(83,'291568'),
(71,'291617'),
(64,'291627'),
(85,'291640'),
(72,'291650'),
(84,'291657'),
(82,'291691'),
(72,'291705'),
(72,'291720'),
(58,'291736'),
(84,'291744'),
(74,'291750'),
(77,'291779'),
(84,'291796'),
(66,'291846'),
(87,'291901'),
(80,'291918'),
(58,'291979'),
(88,'292051'),
(75,'292088'),
(85,'292115'),
(76,'292117'),
(63,'292122'),
(72,'292133'),
(76,'292157'),
(86,'292165'),
(87,'292185'),
(67,'292216'),
(67,'292240'),
(66,'292261'),
(67,'292268'),
(78,'292279'),
(67,'292298'),
(81,'292303'),
(86,'292340'),
(66,'292363'),
(70,'292375'),
(65,'292380'),
(80,'292409'),
(60,'292435'),
(78,'292450'),
(75,'292483'),
(80,'292501'),
(66,'292569'),
(74,'292585'),
(88,'292614'),
(85,'292629'),
(70,'292630'),
(63,'292663'),
(75,'292682'),
(70,'292695'),
(72,'292698'),
(58,'292732'),
(88,'292820'),
(76,'292821'),
(75,'292829'),
(85,'292858'),
(73,'292888'),
(77,'292903'),
(62,'292952'),
(86,'292955'),
(69,'293006'),
(84,'293047'),
(71,'293083'),
(70,'293093'),
(71,'293108'),
(70,'293122'),
(70,'293129'),
(59,'293132'),
(79,'293139'),
(76,'293143'),
(69,'293155'),
(82,'293170'),
(84,'293189'),
(78,'293199'),
(85,'293205'),
(57,'293228'),
(82,'293241'),
(70,'293259'),
(85,'293278'),
(72,'293280'),
(69,'293288'),
(69,'293324'),
(84,'293326'),
(57,'293329'),
(74,'293347'),
(78,'293393'),
(87,'293441'),
(70,'293459'),
(57,'293503'),
(60,'293558'),
(86,'293581'),
(78,'293587'),
(59,'293618'),
(88,'293632'),
(63,'293649'),
(72,'293651'),
(60,'293679'),
(67,'293681'),
(82,'293690'),
(83,'293711'),
(77,'293733'),
(88,'293745'),
(62,'293747'),
(66,'293758'),
(84,'293823'),
(57,'293858'),
(76,'293866'),
(68,'293898'),
(72,'293922'),
(73,'293955'),
(73,'293982'),
(61,'294015'),
(76,'294063'),
(62,'294080'),
(77,'294084'),
(83,'294130'),
(75,'294145'),
(60,'294177'),
(85,'294214'),
(59,'294224'),
(82,'294268'),
(78,'294285'),
(73,'294304'),
(73,'294321'),
(82,'294332'),
(82,'294348'),
(80,'294354'),
(85,'294370'),
(80,'294388'),
(70,'294402'),
(74,'294420'),
(80,'294492'),
(80,'294501'),
(82,'294521'),
(75,'294585'),
(71,'294596'),
(63,'294598'),
(81,'294678'),
(63,'294724'),
(88,'294749'),
(60,'294766'),
(86,'294782'),
(88,'294794'),
(72,'294811'),
(71,'294823'),
(84,'294849'),
(85,'294872'),
(58,'294892'),
(72,'294900'),
(77,'294913'),
(70,'294970'),
(82,'294992'),
(62,'295014'),
(72,'295028'),
(60,'295072'),
(85,'295105'),
(73,'295119'),
(74,'295120'),
(63,'295133'),
(65,'295155'),
(73,'295202'),
(84,'295207'),
(58,'295225'),
(86,'295231'),
(62,'295263'),
(69,'295275'),
(62,'295300'),
(69,'295316'),
(57,'295347'),
(70,'295383'),
(86,'295394'),
(71,'295428'),
(75,'295432'),
(57,'295502'),
(74,'295530'),
(62,'295595'),
(87,'295615'),
(76,'295621'),
(88,'295624'),
(70,'295648'),
(70,'295686'),
(64,'295706'),
(80,'295707'),
(80,'295713'),
(75,'295780'),
(82,'295798'),
(88,'295857'),
(74,'295876'),
(77,'295884'),
(69,'295931'),
(82,'295966'),
(61,'295985'),
(81,'296003'),
(59,'296013'),
(59,'296018'),
(64,'296064'),
(85,'296084'),
(82,'296115'),
(74,'296145'),
(63,'296146'),
(84,'296152'),
(61,'296164'),
(73,'296169'),
(58,'296203'),
(58,'296232'),
(77,'296247'),
(63,'296309'),
(68,'296314'),
(83,'296333'),
(65,'296375'),
(66,'296380'),
(59,'296394'),
(88,'296411'),
(68,'296445'),
(75,'296465'),
(78,'296503'),
(86,'296508'),
(73,'296530'),
(80,'296564'),
(72,'296586'),
(57,'296653'),
(81,'296670'),
(67,'296776'),
(77,'296813'),
(72,'296854'),
(60,'296865'),
(73,'296933'),
(61,'296959'),
(79,'296979'),
(71,'296989'),
(70,'297002'),
(81,'297021'),
(77,'297037'),
(64,'297052'),
(73,'297139'),
(84,'297140'),
(74,'297159'),
(61,'297172'),
(68,'297183'),
(80,'297214'),
(75,'297237'),
(80,'297239'),
(80,'297258'),
(84,'297259'),
(78,'297263'),
(76,'297267'),
(88,'297320'),
(59,'297340'),
(84,'297368'),
(78,'297373'),
(60,'297388'),
(65,'297409'),
(75,'297431'),
(68,'297459'),
(76,'297502'),
(62,'297511'),
(85,'297515'),
(81,'297523'),
(85,'297596'),
(70,'297631'),
(88,'297695'),
(58,'297697'),
(80,'297734'),
(73,'297767'),
(80,'297780'),
(80,'297794'),
(73,'297839'),
(65,'297884'),
(81,'297921'),
(80,'298062'),
(88,'298081'),
(87,'298227'),
(63,'298240'),
(87,'298269'),
(57,'298314'),
(85,'298347'),
(70,'298365'),
(65,'298462'),
(84,'298463'),
(81,'298477'),
(63,'298491'),
(71,'298520'),
(74,'298536'),
(74,'298551'),
(74,'298593'),
(82,'298639'),
(74,'298658'),
(72,'298675'),
(67,'298695'),
(83,'298725'),
(77,'298753'),
(68,'298802'),
(85,'298883'),
(72,'298920'),
(83,'298937'),
(60,'298948'),
(77,'298976'),
(76,'299023'),
(83,'299042'),
(67,'299065'),
(66,'299107'),
(80,'299125'),
(57,'299173'),
(63,'299212'),
(71,'299239'),
(59,'299253'),
(76,'299262'),
(73,'299286'),
(82,'299315'),
(64,'299341'),
(58,'299403'),
(65,'299410'),
(85,'299437'),
(81,'299447'),
(63,'299451'),
(78,'299471'),
(61,'299491'),
(76,'299500'),
(75,'299515'),
(72,'299583'),
(86,'299627'),
(85,'299692'),
(60,'299723'),
(59,'299817'),
(88,'299857'),
(68,'299949'),
(74,'299978'),
(61,'299984'),
(63,'299993'),
(88,'300052'),
(64,'300079'),
(65,'300093'),
(70,'300113'),
(78,'300137'),
(77,'300173'),
(83,'300193'),
(88,'300234'),
(62,'300245'),
(84,'300246'),
(68,'300261'),
(67,'300266'),
(63,'300291'),
(62,'300332'),
(69,'300335'),
(84,'300368'),
(71,'300379'),
(65,'300410'),
(81,'300436'),
(58,'300467'),
(59,'300525'),
(67,'300562'),
(78,'300582'),
(79,'300615'),
(63,'300631'),
(82,'300642'),
(59,'300644'),
(57,'300668'),
(57,'300691'),
(62,'300723'),
(87,'300737'),
(62,'300741'),
(64,'300742'),
(68,'300754'),
(69,'300837'),
(67,'300854'),
(88,'300860'),
(60,'300865'),
(76,'300884'),
(79,'300890'),
(62,'300915'),
(77,'300941'),
(88,'301011'),
(84,'301021'),
(77,'301063'),
(81,'301070'),
(76,'301099'),
(84,'301171'),
(84,'301188'),
(76,'301219'),
(69,'301257'),
(61,'301281'),
(81,'301309'),
(76,'301317'),
(66,'301318'),
(84,'301336'),
(66,'301346'),
(68,'301366'),
(77,'301371'),
(80,'301384'),
(73,'301389'),
(63,'301395'),
(66,'301419'),
(60,'301442'),
(60,'301455'),
(80,'301470'),
(72,'301519'),
(85,'301536'),
(60,'301568'),
(63,'301601'),
(77,'301618'),
(79,'301682'),
(72,'301687'),
(88,'301715'),
(76,'301724'),
(72,'301750'),
(65,'301770'),
(81,'301776'),
(85,'301813'),
(72,'301837'),
(58,'301854'),
(84,'301857'),
(72,'301874'),
(65,'301880'),
(72,'301883'),
(78,'301901'),
(69,'301922'),
(72,'301938'),
(77,'301964'),
(74,'301972'),
(57,'301987'),
(58,'302035'),
(79,'302140'),
(83,'302156'),
(65,'302181'),
(82,'302200'),
(63,'302227'),
(58,'302232'),
(83,'302252'),
(76,'302282'),
(85,'302293'),
(82,'302315'),
(65,'302318'),
(58,'302355'),
(88,'302378'),
(80,'302385'),
(58,'302390'),
(63,'302428'),
(88,'302489'),
(75,'302543'),
(72,'302561'),
(72,'302575'),
(76,'302625'),
(85,'302631'),
(75,'302649'),
(82,'302665'),
(81,'302673'),
(70,'302743'),
(80,'302777'),
(77,'302796'),
(71,'302819'),
(81,'302836'),
(79,'302849'),
(80,'302870'),
(57,'302890'),
(79,'302897'),
(65,'302922'),
(79,'302935'),
(75,'302945'),
(61,'302970'),
(87,'302983'),
(72,'302992'),
(78,'303004'),
(66,'303005'),
(63,'303069'),
(61,'303096'),
(76,'303266'),
(64,'303275'),
(67,'303321'),
(81,'303347'),
(63,'303359'),
(88,'303377'),
(75,'303389'),
(68,'303415'),
(75,'303458'),
(59,'303475'),
(67,'303480'),
(70,'303514'),
(61,'303525'),
(65,'303528'),
(59,'303539'),
(66,'303559'),
(65,'303582'),
(68,'303586'),
(71,'303597'),
(85,'303624'),
(60,'303640'),
(85,'303666'),
(64,'303680'),
(58,'303685'),
(75,'303697'),
(78,'303720'),
(73,'303753'),
(57,'303809'),
(75,'303819'),
(66,'303821'),
(62,'303894'),
(77,'303898'),
(72,'303914'),
(62,'303931'),
(66,'303964'),
(83,'303976'),
(72,'303977'),
(78,'304000'),
(78,'304014'),
(82,'304063'),
(82,'304096'),
(82,'304111'),
(87,'304159'),
(76,'304228'),
(63,'304266'),
(69,'304272'),
(83,'304293'),
(65,'304302'),
(57,'304309'),
(85,'304311'),
(68,'304329'),
(71,'304347'),
(63,'304359'),
(66,'304377'),
(71,'304415'),
(61,'304443'),
(83,'304452'),
(57,'304461'),
(59,'304463'),
(82,'304467'),
(81,'304488'),
(72,'304519'),
(58,'304548'),
(68,'304586'),
(67,'304630'),
(78,'304682'),
(83,'304686'),
(58,'304712'),
(75,'304721'),
(71,'304726'),
(77,'304751'),
(63,'304764'),
(59,'304797'),
(83,'304801'),
(63,'304817'),
(75,'304828'),
(69,'304859'),
(83,'304865'),
(71,'304879'),
(76,'304895'),
(62,'304912'),
(77,'304921'),
(75,'304943'),
(73,'305006'),
(70,'305023'),
(88,'305042'),
(69,'305043'),
(65,'305060'),
(86,'305100'),
(71,'305132'),
(72,'305146'),
(73,'305147'),
(88,'305165'),
(80,'305181'),
(66,'305209'),
(81,'305217'),
(75,'305224'),
(75,'305250'),
(80,'305286'),
(83,'305306'),
(75,'305312'),
(88,'305336'),
(69,'305352'),
(74,'305385'),
(62,'305408'),
(69,'305414'),
(57,'305426'),
(57,'305459'),
(76,'305461'),
(61,'305486'),
(76,'305495'),
(79,'305556'),
(76,'305580'),
(61,'305640'),
(88,'305654'),
(57,'305659'),
(68,'305671'),
(69,'305694'),
(68,'305750'),
(67,'305757'),
(83,'305785'),
(64,'305797'),
(65,'305821'),
(59,'305835'),
(85,'305899'),
(72,'305917'),
(68,'305923'),
(88,'305962'),
(64,'305980'),
(78,'306084'),
(88,'306129'),
(62,'306140'),
(84,'306153'),
(79,'306192'),
(74,'306224'),
(77,'306278'),
(62,'306287'),
(61,'306300'),
(62,'306327'),
(63,'306347'),
(70,'306401'),
(63,'306416'),
(59,'306425'),
(71,'306445'),
(78,'306468'),
(84,'306487'),
(78,'306509'),
(62,'306518'),
(68,'306528'),
(60,'306563'),
(76,'306572'),
(68,'306617'),
(59,'306619'),
(69,'306638'),
(66,'306691'),
(62,'306694'),
(63,'306718'),
(88,'306751'),
(83,'306754'),
(68,'306786'),
(88,'306803'),
(68,'306827'),
(87,'306842'),
(61,'306854'),
(74,'306878'),
(87,'306887'),
(60,'306905'),
(76,'306927'),
(68,'306966'),
(76,'306986'),
(80,'306994'),
(70,'307001'),
(85,'307015'),
(88,'307070'),
(66,'307087'),
(88,'307092'),
(87,'307171'),
(58,'307197'),
(67,'307226'),
(85,'307278'),
(72,'307281'),
(73,'307296'),
(71,'307310'),
(74,'307339'),
(75,'307369'),
(77,'307415'),
(76,'307440'),
(62,'307457'),
(63,'307473'),
(65,'307482'),
(61,'307496'),
(69,'307545'),
(65,'307555'),
(73,'307574'),
(65,'307584'),
(58,'307585'),
(81,'307634'),
(59,'307659'),
(59,'307690'),
(81,'307699'),
(59,'307751'),
(86,'307780'),
(80,'307791'),
(83,'307806'),
(77,'307831'),
(57,'307860'),
(72,'307876'),
(84,'307879'),
(84,'307924'),
(79,'307938'),
(68,'307966'),
(59,'307968'),
(80,'308003'),
(67,'308019'),
(79,'308036'),
(72,'308053'),
(88,'308073'),
(72,'308098'),
(76,'308165'),
(64,'308182'),
(62,'308222'),
(84,'308255'),
(81,'308273'),
(58,'308276'),
(61,'308280'),
(62,'308311'),
(88,'308358'),
(68,'308376'),
(73,'308389'),
(75,'308397'),
(69,'308402'),
(57,'308404'),
(63,'308420'),
(74,'308437'),
(82,'308464'),
(73,'308475'),
(66,'308486'),
(62,'308514'),
(76,'308526'),
(59,'308554'),
(60,'308645'),
(76,'308688'),
(85,'308699'),
(82,'308727'),
(64,'308740'),
(81,'308745'),
(63,'308760'),
(87,'308800'),
(72,'308827'),
(63,'308880'),
(60,'308899'),
(86,'308905'),
(70,'308929'),
(66,'308934'),
(79,'308964'),
(76,'308975'),
(60,'309017'),
(65,'309023'),
(62,'309033'),
(61,'309055'),
(74,'309066'),
(78,'309074'),
(73,'309094'),
(83,'309128'),
(61,'309166'),
(83,'309167'),
(75,'309196'),
(77,'309225'),
(74,'309260'),
(67,'309270'),
(85,'309274'),
(80,'309309'),
(63,'309333'),
(63,'309342'),
(86,'309353'),
(80,'309380'),
(65,'309381'),
(62,'309413'),
(74,'309416'),
(60,'309435'),
(81,'309444'),
(83,'309453'),
(71,'309506'),
(80,'309585'),
(84,'309599'),
(78,'309605'),
(80,'309620'),
(76,'309630'),
(63,'309653'),
(70,'309677'),
(71,'309680'),
(87,'309738'),
(80,'309746'),
(63,'309764'),
(61,'309818'),
(78,'309852'),
(78,'309884'),
(57,'309911'),
(76,'309922'),
(86,'309937'),
(62,'309968'),
(70,'309971'),
(84,'309995'),
(79,'310013'),
(84,'310039'),
(78,'310041'),
(64,'310071'),
(72,'310093'),
(68,'310126'),
(81,'310129'),
(64,'310146'),
(74,'310188'),
(63,'310190'),
(82,'310214'),
(87,'310219'),
(75,'310242'),
(73,'310249'),
(74,'310279'),
(65,'310290'),
(64,'310320'),
(71,'310339'),
(61,'310371'),
(79,'310401'),
(59,'310410'),
(61,'310420'),
(61,'310436'),
(77,'310467'),
(87,'310523'),
(61,'310540'),
(61,'310541'),
(78,'310552'),
(85,'310647'),
(77,'310691'),
(77,'310719'),
(64,'310728'),
(73,'310764'),
(73,'310815'),
(58,'310830'),
(83,'310869'),
(65,'310892'),
(78,'310905'),
(79,'310918'),
(76,'310930'),
(61,'310952'),
(65,'310963'),
(83,'310996'),
(77,'311031'),
(57,'311038'),
(88,'311118'),
(65,'311193'),
(78,'311216'),
(84,'311256'),
(64,'311274'),
(61,'311316'),
(81,'311325'),
(66,'311329'),
(60,'311340'),
(84,'311358'),
(75,'311423'),
(74,'311425'),
(84,'311430'),
(72,'311477'),
(57,'311505'),
(61,'311582'),
(72,'311604'),
(71,'311629'),
(81,'311646'),
(67,'311748'),
(75,'311765'),
(87,'311796'),
(70,'311838'),
(60,'311859'),
(60,'311893'),
(88,'311930'),
(70,'311943'),
(73,'311947'),
(85,'311972'),
(68,'311989'),
(78,'312054'),
(87,'312058'),
(70,'312064'),
(69,'312070'),
(67,'312116'),
(72,'312132'),
(68,'312133'),
(62,'312146'),
(71,'312249'),
(70,'312258'),
(78,'312277'),
(88,'312290'),
(87,'312363'),
(76,'312381'),
(63,'312393'),
(81,'312411'),
(57,'312460'),
(75,'312495'),
(72,'312507'),
(78,'312540'),
(82,'312542'),
(64,'312556'),
(64,'312617'),
(67,'312638'),
(86,'312680'),
(59,'312691'),
(60,'312717'),
(71,'312737'),
(72,'312746'),
(59,'312748'),
(86,'312760'),
(57,'312787'),
(74,'312800'),
(87,'312814'),
(79,'312834'),
(60,'312848'),
(79,'312891'),
(84,'312906'),
(58,'312914'),
(60,'312922'),
(65,'312940'),
(71,'312945'),
(59,'312975'),
(79,'312993'),
(76,'313011'),
(66,'313056'),
(66,'313083'),
(62,'313132'),
(80,'313148'),
(81,'313160'),
(61,'313170'),
(70,'313187'),
(76,'313256'),
(63,'313276'),
(84,'313304'),
(78,'313308'),
(67,'313349'),
(67,'313350'),
(61,'313382'),
(63,'313401'),
(68,'313468'),
(67,'313497'),
(62,'313556'),
(58,'313572'),
(64,'313574'),
(87,'313602'),
(69,'313622'),
(79,'313629'),
(74,'313652'),
(61,'313669'),
(80,'313672'),
(83,'313676'),
(74,'313728'),
(88,'313757'),
(57,'313774'),
(80,'313804'),
(57,'313813'),
(73,'313870'),
(64,'313886'),
(85,'313891'),
(57,'313892'),
(61,'313908'),
(70,'313934'),
(65,'313964'),
(73,'313997'),
(83,'313999'),
(59,'314001'),
(83,'314022'),
(83,'314038'),
(85,'314045'),
(65,'314064'),
(61,'314099'),
(85,'314116'),
(79,'314125'),
(63,'314127'),
(82,'314165'),
(62,'314204'),
(82,'314226'),
(72,'314234'),
(78,'314253'),
(70,'314265'),
(73,'314271'),
(79,'314277'),
(81,'314287'),
(68,'314324'),
(72,'314374'),
(59,'314434'),
(77,'314436'),
(86,'314451'),
(81,'314453'),
(72,'314459'),
(65,'314476'),
(70,'314494'),
(62,'314522'),
(74,'314530'),
(82,'314553'),
(80,'314579'),
(58,'314603'),
(85,'314618'),
(57,'314639'),
(87,'314667'),
(79,'314709'),
(86,'314730'),
(88,'314756'),
(86,'314768'),
(76,'314838'),
(86,'314853'),
(83,'314868'),
(61,'314907'),
(86,'314920'),
(78,'314969'),
(79,'314989'),
(70,'315037'),
(86,'315067'),
(58,'315081'),
(70,'315135'),
(72,'315140'),
(85,'315153'),
(77,'315166'),
(65,'315186'),
(67,'315247'),
(62,'315292'),
(86,'315317'),
(61,'315333'),
(69,'315336'),
(68,'315375'),
(68,'315393'),
(77,'315397'),
(75,'315407'),
(58,'315419'),
(78,'315461'),
(70,'315509'),
(71,'315518'),
(84,'315519'),
(85,'315529'),
(83,'315549'),
(71,'315587'),
(88,'315598'),
(76,'315620'),
(61,'315641'),
(62,'315666'),
(74,'315685'),
(77,'315704'),
(86,'315745'),
(63,'315788'),
(75,'315806'),
(79,'315820'),
(63,'315869'),
(82,'315883'),
(58,'315913'),
(65,'315920'),
(61,'315924'),
(63,'315934'),
(79,'315965'),
(58,'315985'),
(68,'315992'),
(59,'316011'),
(86,'316016'),
(79,'316039'),
(64,'316045'),
(81,'316097'),
(84,'316119'),
(65,'316187'),
(63,'316203'),
(66,'316216'),
(84,'316218'),
(79,'316238'),
(76,'316254'),
(78,'316272'),
(63,'316292'),
(63,'316319'),
(62,'316345'),
(86,'316361'),
(65,'316403'),
(75,'316407'),
(70,'316412'),
(76,'316449'),
(79,'316468'),
(61,'316528'),
(79,'316535'),
(74,'316550'),
(75,'316563'),
(87,'316580'),
(88,'316593'),
(62,'316621'),
(86,'316643'),
(61,'316672'),
(80,'316708'),
(76,'316721'),
(65,'316764'),
(63,'316849'),
(75,'316868'),
(88,'316880'),
(81,'316912'),
(72,'316953'),
(78,'316958'),
(72,'316975'),
(83,'316998'),
(78,'317028'),
(68,'317041'),
(57,'317047'),
(81,'317060'),
(75,'317073'),
(65,'317090'),
(58,'317111'),
(83,'317114'),
(79,'317128'),
(75,'317148'),
(57,'317189'),
(62,'317206'),
(62,'317269'),
(69,'317321'),
(81,'317363'),
(75,'317364'),
(67,'317385'),
(88,'317402'),
(70,'317414'),
(63,'317434'),
(85,'317437'),
(77,'317475'),
(86,'317485'),
(78,'317522'),
(62,'317542'),
(67,'317554'),
(65,'317566'),
(80,'317662'),
(86,'317715'),
(67,'317722'),
(71,'317724'),
(85,'317754'),
(67,'317764'),
(87,'317827'),
(69,'317835'),
(86,'317862'),
(60,'317904'),
(58,'317964'),
(75,'318063'),
(76,'318109'),
(61,'318150'),
(69,'318198'),
(87,'318251'),
(80,'318273'),
(60,'318278'),
(76,'318311'),
(70,'318327'),
(69,'318342'),
(88,'318346'),
(79,'318353'),
(76,'318355'),
(82,'318369'),
(84,'318385'),
(79,'318388'),
(64,'318431'),
(67,'318438'),
(58,'318453'),
(65,'318499'),
(74,'318552'),
(58,'318554'),
(63,'318569'),
(84,'318582'),
(84,'318587'),
(83,'318593'),
(77,'318607'),
(65,'318622'),
(76,'318631'),
(83,'318651'),
(57,'318678'),
(67,'318730'),
(72,'318739'),
(79,'318797'),
(79,'318807'),
(69,'318809'),
(76,'318828'),
(57,'318884'),
(72,'318916'),
(70,'318934'),
(82,'318949'),
(74,'318972'),
(66,'318990'),
(88,'319009'),
(71,'319046'),
(70,'319056'),
(64,'319082'),
(64,'319103'),
(81,'319128'),
(69,'319147'),
(62,'319162'),
(72,'319173'),
(77,'319207'),
(73,'319221'),
(74,'319233'),
(87,'319270'),
(68,'319273'),
(84,'319326'),
(69,'319344'),
(73,'319355'),
(59,'319366'),
(67,'319385'),
(69,'319412'),
(86,'319436'),
(74,'319452'),
(79,'319454'),
(61,'319473'),
(74,'319496'),
(86,'319497'),
(87,'319519'),
(60,'319522'),
(83,'319542'),
(82,'319547'),
(85,'319570'),
(64,'319589'),
(86,'319639'),
(79,'319644'),
(81,'319679'),
(85,'319695'),
(64,'319799'),
(79,'319848'),
(66,'319861'),
(66,'319871'),
(75,'319953'),
(75,'320024'),
(63,'320030'),
(65,'320052'),
(82,'320069'),
(61,'320088'),
(78,'320115'),
(80,'320135'),
(65,'320150'),
(83,'320173'),
(59,'320244'),
(83,'320261'),
(79,'320279'),
(63,'320286'),
(69,'320295'),
(62,'320314'),
(88,'320337'),
(82,'320338'),
(70,'320342'),
(81,'320351'),
(82,'320371'),
(78,'320387'),
(62,'320394'),
(60,'320444'),
(62,'320463'),
(58,'320493'),
(77,'320508'),
(61,'320557'),
(70,'320610'),
(61,'320647'),
(83,'320654'),
(81,'320664'),
(70,'320683'),
(80,'320689'),
(57,'320709'),
(64,'320722'),
(64,'320738'),
(61,'320771'),
(68,'320791'),
(58,'320811'),
(70,'320821'),
(79,'320829'),
(88,'320883'),
(64,'320903'),
(76,'320904'),
(74,'320920'),
(77,'320956'),
(71,'320974'),
(82,'320977'),
(66,'320988'),
(82,'321006'),
(85,'321031'),
(75,'321041'),
(81,'321051'),
(61,'321116'),
(77,'321146'),
(68,'321166'),
(60,'321181'),
(58,'321215'),
(82,'321248'),
(59,'321266'),
(81,'321296'),
(57,'321311'),
(58,'321336'),
(70,'321339'),
(60,'321344'),
(62,'321355'),
(80,'321368'),
(78,'321380'),
(71,'321400'),
(62,'321421'),
(63,'321441'),
(67,'321461'),
(65,'321480'),
(70,'321505'),
(75,'321507'),
(75,'321517'),
(80,'321522'),
(88,'321547'),
(63,'321556'),
(82,'321573'),
(64,'321585'),
(66,'321602'),
(66,'321661'),
(79,'321676'),
(66,'321705'),
(65,'321734'),
(60,'321767'),
(67,'321780'),
(82,'321798'),
(82,'321806'),
(85,'321825'),
(76,'321871'),
(68,'321903'),
(84,'321904'),
(69,'321931'),
(59,'321950'),
(60,'321964'),
(66,'321975'),
(70,'321995'),
(59,'322011'),
(76,'322103'),
(63,'322148'),
(81,'322155'),
(80,'322166'),
(81,'322183'),
(85,'322202'),
(83,'322220'),
(70,'322225'),
(63,'322288'),
(81,'322353'),
(64,'322357'),
(78,'322372'),
(85,'322419'),
(61,'322449'),
(78,'322463'),
(66,'322473'),
(77,'322499'),
(81,'322528'),
(75,'322569'),
(87,'322592'),
(74,'322616'),
(68,'322625'),
(77,'322642'),
(88,'322662'),
(72,'322675'),
(84,'322704'),
(86,'322742'),
(79,'322790'),
(88,'322797'),
(88,'322833'),
(67,'322858'),
(66,'322874'),
(82,'322892'),
(88,'322925'),
(62,'322961'),
(70,'322972'),
(58,'322976'),
(67,'322995'),
(73,'323026'),
(83,'323034'),
(78,'323064'),
(83,'323082'),
(79,'323147'),
(73,'323158'),
(74,'323168'),
(73,'323181'),
(65,'323225'),
(81,'323239'),
(78,'323248'),
(60,'323262'),
(69,'323296'),
(80,'323309'),
(83,'323313'),
(77,'323323'),
(76,'323326'),
(60,'323374'),
(63,'323394'),
(62,'323406'),
(84,'323447'),
(76,'323464'),
(73,'323497'),
(74,'323517'),
(64,'323528'),
(72,'323586'),
(62,'323590'),
(64,'323593'),
(67,'323610'),
(84,'323626'),
(75,'323641'),
(70,'323654'),
(62,'323722'),
(78,'323736'),
(59,'323763'),
(76,'323808'),
(58,'323849'),
(86,'323854'),
(85,'323880'),
(75,'323941'),
(68,'323948'),
(62,'323960'),
(72,'323979'),
(87,'323998'),
(87,'324013'),
(57,'324029'),
(85,'324041'),
(80,'324088'),
(70,'324102'),
(82,'324118'),
(76,'324132'),
(66,'324136'),
(84,'324252'),
(71,'324266'),
(62,'324313'),
(58,'324332'),
(84,'324344'),
(66,'324361'),
(60,'324387'),
(78,'324415'),
(76,'324416'),
(61,'324451'),
(58,'324458'),
(60,'324459'),
(65,'324498'),
(64,'324530'),
(59,'324561'),
(85,'324569'),
(79,'324586'),
(70,'324590'),
(69,'324596'),
(80,'324598'),
(65,'324616'),
(88,'324634'),
(65,'324640'),
(57,'324670'),
(80,'324687'),
(68,'324712'),
(68,'324724'),
(63,'324732'),
(81,'324739'),
(59,'324751'),
(64,'324793'),
(86,'324828'),
(64,'324855'),
(76,'324897'),
(76,'324905'),
(72,'324939'),
(60,'324955'),
(86,'324966'),
(68,'324983'),
(74,'325038'),
(61,'325050'),
(77,'325059'),
(65,'325083'),
(64,'325099'),
(82,'325153'),
(73,'325161'),
(58,'325167'),
(66,'325175'),
(58,'325182'),
(66,'325202'),
(62,'325214'),
(73,'325254'),
(68,'325265'),
(57,'325279'),
(62,'325298'),
(65,'325316'),
(86,'325320'),
(79,'325321'),
(87,'325322'),
(62,'325392'),
(61,'325393'),
(66,'325406'),
(67,'325414'),
(69,'325419'),
(72,'325473'),
(82,'325485'),
(75,'325571'),
(81,'325625'),
(62,'325679'),
(80,'325704'),
(80,'325723'),
(85,'325736'),
(62,'325753'),
(85,'325808'),
(57,'325823'),
(84,'325856'),
(78,'325879'),
(65,'325882'),
(65,'325920'),
(73,'325939'),
(66,'325954'),
(73,'325972'),
(57,'325986'),
(86,'326017'),
(75,'326034'),
(74,'326057'),
(88,'326070'),
(71,'326074'),
(81,'326116'),
(61,'326136'),
(86,'326147'),
(69,'326181'),
(86,'326203'),
(72,'326220'),
(68,'326234'),
(59,'326250'),
(57,'326297'),
(63,'326328'),
(86,'326331'),
(78,'326393'),
(83,'326394'),
(88,'326425'),
(59,'326443'),
(85,'326475'),
(58,'326486'),
(69,'326520'),
(78,'326535'),
(85,'326554'),
(79,'326573'),
(84,'326600'),
(63,'326602'),
(76,'326623'),
(71,'326637'),
(86,'326664'),
(61,'326678'),
(72,'326698'),
(65,'326713'),
(86,'326730'),
(69,'326760'),
(84,'326772'),
(71,'326785'),
(76,'326788'),
(62,'326837'),
(68,'326851'),
(65,'326884'),
(67,'326911'),
(66,'326964'),
(62,'326978'),
(59,'327003'),
(87,'327004'),
(74,'327041'),
(72,'327071'),
(66,'327084'),
(81,'327126'),
(67,'327184'),
(79,'327214'),
(74,'327221'),
(61,'327243'),
(69,'327261'),
(68,'327270'),
(65,'327288'),
(84,'327332'),
(80,'327351'),
(64,'327352'),
(60,'327371'),
(88,'327386'),
(69,'327405'),
(58,'327412'),
(81,'327455'),
(88,'327490'),
(77,'327545'),
(75,'327605'),
(60,'327616'),
(58,'327625'),
(66,'327633'),
(79,'327652'),
(61,'327663'),
(59,'327680'),
(77,'327772'),
(82,'327817'),
(69,'327825'),
(86,'327832'),
(85,'327915'),
(68,'327920'),
(63,'327945'),
(64,'327948'),
(71,'327963'),
(74,'328016'),
(84,'328027'),
(67,'328067'),
(65,'328162'),
(73,'328220'),
(73,'328232'),
(88,'328246'),
(74,'328311'),
(86,'328328'),
(87,'328366'),
(84,'328381'),
(82,'328417'),
(72,'328435'),
(60,'328436'),
(74,'328448'),
(71,'328533'),
(75,'328544'),
(69,'328561'),
(57,'328567'),
(66,'328592'),
(63,'328612'),
(65,'328619'),
(60,'328623'),
(87,'328624'),
(60,'328633'),
(73,'328635'),
(85,'328652'),
(61,'328657'),
(73,'328684'),
(64,'328685'),
(74,'328697'),
(73,'328725'),
(83,'328744'),
(69,'328778'),
(76,'328791'),
(78,'328818'),
(58,'328854'),
(83,'328865'),
(57,'328901'),
(59,'328902'),
(61,'328915'),
(81,'328917'),
(87,'328950'),
(70,'328959'),
(85,'328999'),
(71,'329011'),
(86,'329021'),
(65,'329022'),
(82,'329061'),
(80,'329087'),
(58,'329219'),
(57,'329232'),
(63,'329267'),
(88,'329275'),
(81,'329289'),
(63,'329315'),
(63,'329329'),
(62,'329339'),
(85,'329353'),
(67,'329368'),
(61,'329370'),
(74,'329392'),
(60,'329456'),
(71,'329474'),
(67,'329512'),
(57,'329537'),
(83,'329575'),
(59,'329581'),
(66,'329615'),
(83,'329634'),
(65,'329665'),
(72,'329702'),
(57,'329704'),
(74,'329731'),
(76,'329746'),
(66,'329799'),
(65,'329811'),
(80,'329815'),
(75,'329861'),
(71,'329883'),
(79,'329937'),
(68,'329962'),
(60,'329981'),
(87,'330001'),
(79,'330016'),
(84,'330045'),
(74,'330060'),
(82,'330097'),
(73,'330127'),
(71,'330139'),
(82,'330172'),
(86,'330185'),
(88,'330186'),
(74,'330208'),
(65,'330255'),
(69,'330289'),
(84,'330292'),
(62,'330307'),
(76,'330347'),
(71,'330389'),
(75,'330416'),
(65,'330420'),
(60,'330435'),
(72,'330446'),
(86,'330452'),
(60,'330461'),
(84,'330592'),
(82,'330610'),
(62,'330623'),
(58,'330643'),
(60,'330662'),
(74,'330670'),
(69,'330688'),
(65,'330691'),
(83,'330695'),
(79,'330707'),
(88,'330721'),
(81,'330729'),
(67,'330739'),
(82,'330758'),
(58,'330778'),
(63,'330803'),
(85,'330820'),
(80,'330830'),
(66,'330838'),
(81,'330897'),
(77,'330993'),
(83,'331013'),
(88,'331031'),
(72,'331066'),
(76,'331086'),
(86,'331116'),
(80,'331152'),
(65,'331161'),
(82,'331221'),
(57,'331238'),
(63,'331258'),
(57,'331300'),
(61,'331352'),
(86,'331361'),
(64,'331371'),
(84,'331374'),
(85,'331387'),
(86,'331407'),
(66,'331455'),
(86,'331547'),
(73,'331576'),
(71,'331591'),
(74,'331609'),
(58,'331644'),
(81,'331654'),
(84,'331676'),
(68,'331694'),
(73,'331699'),
(73,'331725'),
(65,'331739'),
(81,'331813'),
(75,'331816'),
(84,'331843'),
(82,'331845'),
(85,'331849'),
(84,'331862'),
(81,'331872'),
(74,'331894'),
(75,'331922'),
(57,'331939'),
(83,'331941'),
(70,'331960'),
(86,'331971'),
(79,'332049'),
(85,'332078'),
(82,'332087'),
(88,'332110'),
(88,'332124'),
(62,'332141'),
(79,'332174'),
(82,'332183'),
(60,'332191'),
(67,'332204'),
(78,'332237'),
(77,'332277'),
(70,'332287'),
(65,'332290'),
(88,'332294'),
(70,'332364'),
(62,'332397'),
(83,'332436'),
(71,'332493'),
(83,'332512'),
(66,'332527'),
(70,'332556'),
(61,'332559'),
(83,'332590'),
(77,'332672'),
(58,'332710'),
(73,'332729'),
(67,'332774'),
(79,'332775'),
(82,'332822'),
(71,'332845'),
(63,'332893'),
(75,'332898'),
(64,'332906'),
(63,'332920'),
(67,'332929'),
(86,'332936'),
(76,'332964'),
(83,'333047'),
(62,'333049'),
(76,'333089'),
(63,'333145'),
(60,'333149'),
(75,'333165'),
(83,'333239'),
(63,'333251'),
(63,'333257'),
(67,'333265'),
(78,'333305'),
(74,'333322'),
(81,'333330'),
(65,'333337'),
(63,'333357'),
(69,'333389'),
(58,'333445'),
(68,'333510'),
(81,'333523'),
(78,'333579'),
(71,'333614'),
(86,'333629'),
(81,'333642'),
(80,'333678'),
(82,'333688'),
(79,'333710'),
(72,'333713'),
(77,'333721'),
(61,'333749'),
(59,'333751'),
(83,'333798'),
(61,'333799'),
(61,'333856'),
(64,'333910'),
(82,'333933'),
(69,'333943'),
(58,'333955'),
(78,'333983'),
(62,'334000'),
(65,'334005'),
(75,'334007'),
(80,'334026'),
(67,'334031'),
(79,'334036'),
(73,'334058'),
(87,'334110'),
(61,'334121'),
(62,'334130'),
(86,'334138'),
(58,'334200'),
(63,'334202'),
(82,'334254'),
(74,'334267'),
(72,'334289'),
(84,'334316'),
(79,'334371'),
(70,'334398'),
(66,'334418'),
(85,'334428'),
(74,'334434'),
(57,'334450'),
(78,'334466'),
(82,'334490'),
(72,'334497'),
(73,'334511'),
(66,'334522'),
(77,'334569'),
(77,'334614'),
(86,'334730'),
(73,'334761'),
(74,'334841'),
(61,'334871'),
(73,'334875'),
(67,'334882'),
(59,'334893'),
(68,'334899'),
(81,'334911'),
(78,'334921'),
(75,'334959'),
(80,'334978'),
(70,'335004'),
(86,'335020'),
(74,'335090'),
(84,'335097'),
(82,'335099'),
(62,'335150'),
(72,'335190'),
(61,'335202'),
(72,'335239'),
(75,'335243'),
(61,'335251');


INSERT INTO candidates(candidate_id,election_id,user_id,is_accepted) VALUES
(97,4,'131523',TRUE),
(98,4,'153442',TRUE),
(99,4,'163584',TRUE),
(100,4,'167764',TRUE),
(101,4,'170188',TRUE),
(102,4,'171433',TRUE),
(103,4,'172641',TRUE),
(104,4,'180289',TRUE),
(105,4,'196302',TRUE),
(106,4,'207644',TRUE),
(107,4,'245922',TRUE),
(108,4,'248183',TRUE),
(109,4,'257235',TRUE),
(110,4,'266335',TRUE),
(111,4,'269001',TRUE),
(112,4,'272003',TRUE),
(113,4,'278046',TRUE),
(114,4,'280833',TRUE),
(115,4,'286113',TRUE),
(116,4,'290661',TRUE),
(117,4,'304648',TRUE),
(118,4,'321116',TRUE),
(119,4,'326865',TRUE),
(120,4,'165519',FALSE),
(121,4,'209242',FALSE),
(122,4,'270392',FALSE),
(123,4,'293557',FALSE),
(124,4,'310039',FALSE),
(125,4,'333058',FALSE);
INSERT INTO votes(candidate_id,user_id) VALUES
(101,'125018'),
(119,'125020'),
(110,'125042'),
(118,'125059'),
(103,'125063'),
(114,'125067'),
(116,'125086'),
(105,'125101'),
(99,'125131'),
(118,'125148'),
(104,'125166'),
(100,'125184'),
(109,'125204'),
(119,'125212'),
(97,'125214'),
(104,'125221'),
(98,'125237'),
(105,'125262'),
(112,'125266'),
(112,'125308'),
(107,'125356'),
(118,'125368'),
(109,'125378'),
(116,'125382'),
(108,'125394'),
(116,'125401'),
(104,'125414'),
(99,'125431'),
(119,'125451'),
(110,'125452'),
(116,'125461'),
(107,'125473'),
(119,'125480'),
(109,'125491'),
(109,'125533'),
(98,'125540'),
(97,'125543'),
(112,'125553'),
(104,'125562'),
(118,'125577'),
(117,'125601'),
(117,'125611'),
(115,'125640'),
(117,'125688'),
(102,'125699'),
(97,'125709'),
(111,'125724'),
(102,'125729'),
(102,'125739'),
(99,'125770'),
(99,'125782'),
(107,'125862'),
(102,'125878'),
(116,'125894'),
(99,'125905'),
(99,'125940'),
(97,'125941'),
(119,'125970'),
(110,'126001'),
(99,'126015'),
(119,'126022'),
(103,'126025'),
(111,'126028'),
(110,'126029'),
(116,'126054'),
(109,'126058'),
(114,'126062'),
(117,'126081'),
(106,'126107'),
(103,'126111'),
(116,'126124'),
(112,'126126'),
(107,'126140'),
(112,'126158'),
(110,'126188'),
(117,'126225'),
(97,'126241'),
(104,'126260'),
(118,'126263'),
(113,'126277'),
(118,'126281'),
(119,'126288'),
(115,'126361'),
(106,'126363'),
(105,'126424'),
(108,'126434'),
(100,'126454'),
(105,'126464'),
(106,'126469'),
(100,'126482'),
(103,'126500'),
(113,'126520'),
(97,'126527'),
(117,'126533'),
(109,'126614'),
(109,'126656'),
(119,'126663'),
(109,'126677'),
(105,'126708'),
(104,'126710'),
(113,'126715'),
(97,'126734'),
(115,'126744'),
(110,'126762'),
(104,'126768'),
(113,'126805'),
(119,'126849'),
(100,'126852'),
(103,'126888'),
(97,'126940'),
(102,'126959'),
(103,'126975'),
(103,'126996'),
(99,'127012'),
(110,'127031'),
(102,'127043'),
(101,'127056'),
(104,'127072'),
(118,'127083'),
(119,'127104'),
(109,'127112'),
(110,'127128'),
(103,'127168'),
(110,'127217'),
(112,'127229'),
(112,'127242'),
(114,'127259'),
(97,'127308'),
(110,'127319'),
(111,'127321'),
(106,'127338'),
(119,'127342'),
(116,'127408'),
(101,'127410'),
(114,'127434'),
(107,'127486'),
(97,'127498'),
(104,'127512'),
(100,'127514'),
(102,'127527'),
(111,'127543'),
(97,'127554'),
(117,'127577'),
(116,'127604'),
(114,'127613'),
(99,'127618'),
(108,'127659'),
(116,'127672'),
(106,'127683'),
(112,'127704'),
(112,'127737'),
(119,'127787'),
(113,'127804'),
(100,'127845'),
(109,'127894'),
(110,'127912'),
(97,'127930'),
(117,'127932'),
(98,'127938'),
(104,'127953'),
(111,'127983'),
(116,'128005'),
(111,'128027'),
(110,'128028'),
(106,'128060'),
(112,'128079'),
(117,'128096'),
(116,'128115'),
(102,'128132'),
(106,'128161'),
(97,'128190'),
(103,'128196'),
(99,'128203'),
(107,'128221'),
(103,'128252'),
(107,'128290'),
(116,'128318'),
(103,'128354'),
(114,'128374'),
(113,'128409'),
(118,'128425'),
(115,'128489'),
(106,'128529'),
(98,'128535'),
(100,'128585'),
(116,'128602'),
(100,'128649'),
(119,'128668'),
(100,'128706'),
(108,'128786'),
(106,'128791'),
(118,'128809'),
(114,'128825'),
(104,'128839'),
(102,'128843'),
(100,'128850'),
(97,'128883'),
(107,'128884'),
(97,'128899'),
(101,'128901'),
(98,'128919'),
(105,'128936'),
(99,'128946'),
(112,'128962'),
(113,'128985'),
(101,'128992'),
(101,'129019'),
(119,'129042'),
(97,'129049'),
(115,'129051'),
(107,'129069'),
(105,'129100'),
(116,'129111'),
(101,'129128'),
(110,'129141'),
(108,'129159'),
(97,'129170'),
(107,'129187'),
(99,'129208'),
(108,'129215'),
(115,'129259'),
(105,'129270'),
(110,'129271'),
(98,'129276'),
(108,'129283'),
(109,'129293'),
(100,'129310'),
(114,'129333'),
(116,'129346'),
(118,'129347'),
(107,'129348'),
(116,'129368'),
(105,'129370'),
(113,'129389'),
(105,'129397'),
(106,'129450'),
(101,'129464'),
(115,'129502'),
(119,'129508'),
(98,'129570'),
(114,'129580'),
(104,'129595'),
(112,'129644'),
(100,'129689'),
(118,'129708'),
(108,'129716'),
(116,'129805'),
(110,'129833'),
(111,'129857'),
(115,'129861'),
(103,'129910'),
(103,'129917'),
(115,'129937'),
(105,'129979'),
(99,'129985'),
(109,'129999'),
(100,'130012'),
(107,'130014'),
(119,'130026'),
(109,'130028'),
(105,'130057'),
(109,'130067'),
(112,'130095'),
(119,'130112'),
(112,'130118'),
(113,'130183'),
(100,'130233'),
(116,'130243'),
(104,'130276'),
(106,'130283'),
(119,'130334'),
(116,'130348'),
(101,'130354'),
(105,'130380'),
(101,'130400'),
(106,'130416'),
(119,'130428'),
(103,'130435'),
(99,'130460'),
(108,'130490'),
(114,'130548'),
(118,'130563'),
(109,'130591'),
(102,'130631'),
(109,'130642'),
(116,'130656'),
(107,'130670'),
(119,'130673'),
(119,'130678'),
(116,'130686'),
(113,'130721'),
(98,'130761'),
(100,'130790'),
(97,'130844'),
(108,'130868'),
(111,'130876'),
(97,'130882'),
(106,'130902'),
(99,'130929'),
(104,'130936'),
(113,'130945'),
(107,'130988'),
(105,'131037'),
(101,'131059'),
(100,'131079'),
(104,'131115'),
(107,'131145'),
(112,'131171'),
(106,'131181'),
(109,'131216'),
(117,'131245'),
(117,'131254'),
(102,'131255'),
(97,'131304'),
(115,'131331'),
(110,'131349'),
(112,'131369'),
(107,'131387'),
(106,'131406'),
(110,'131450'),
(97,'131458'),
(108,'131469'),
(107,'131492'),
(118,'131507'),
(117,'131521'),
(108,'131529'),
(105,'131566'),
(97,'131576'),
(104,'131584'),
(108,'131589'),
(103,'131630'),
(100,'131650'),
(112,'131662'),
(117,'131681'),
(104,'131689'),
(100,'131699'),
(113,'131715'),
(101,'131722'),
(100,'131730'),
(108,'131770'),
(108,'131791'),
(99,'131801'),
(108,'131810'),
(101,'131828'),
(98,'131843'),
(103,'131862'),
(104,'131869'),
(109,'131890'),
(99,'131933'),
(102,'131947'),
(107,'131979'),
(106,'132044'),
(112,'132062'),
(115,'132068'),
(105,'132083'),
(100,'132106'),
(114,'132123'),
(103,'132144'),
(100,'132151'),
(99,'132171'),
(97,'132190'),
(118,'132204'),
(108,'132220'),
(110,'132242'),
(119,'132271'),
(100,'132315'),
(103,'132341'),
(109,'132361'),
(115,'132365'),
(101,'132376'),
(118,'132387'),
(98,'132389'),
(101,'132396'),
(105,'132405'),
(112,'132443'),
(117,'132455'),
(117,'132470'),
(110,'132485'),
(103,'132508'),
(112,'132509'),
(114,'132540'),
(103,'132551'),
(110,'132579'),
(98,'132593'),
(110,'132602'),
(117,'132613'),
(113,'132618'),
(116,'132630'),
(107,'132649'),
(105,'132678'),
(110,'132687'),
(97,'132718'),
(112,'132737'),
(118,'132747'),
(106,'132771'),
(111,'132787'),
(105,'132793'),
(114,'132795'),
(115,'132799'),
(114,'132864'),
(110,'132873'),
(119,'132880'),
(115,'132923'),
(107,'132928'),
(107,'132940'),
(103,'132972'),
(108,'132981'),
(112,'132996'),
(102,'133025'),
(104,'133059'),
(114,'133076'),
(116,'133096'),
(111,'133109'),
(110,'133156'),
(105,'133220'),
(104,'133230'),
(118,'133240'),
(100,'133251'),
(111,'133261'),
(110,'133281'),
(98,'133303'),
(116,'133325'),
(109,'133356'),
(117,'133360'),
(119,'133393'),
(107,'133410'),
(115,'133417'),
(102,'133433'),
(115,'133465'),
(104,'133509'),
(105,'133533'),
(111,'133593'),
(101,'133597'),
(115,'133650'),
(100,'133655'),
(107,'133678'),
(112,'133685'),
(116,'133744'),
(115,'133762'),
(112,'133794'),
(105,'133812'),
(116,'133840'),
(108,'133845'),
(107,'133856'),
(112,'133887'),
(115,'133891'),
(117,'133901'),
(99,'133904'),
(99,'133962'),
(107,'133983'),
(105,'134003'),
(118,'134015'),
(97,'134023'),
(101,'134050'),
(102,'134061'),
(110,'134086'),
(102,'134099'),
(109,'134117'),
(108,'134149'),
(108,'134155'),
(100,'134158'),
(105,'134168'),
(99,'134192'),
(113,'134291'),
(106,'134326'),
(104,'134357'),
(100,'134377'),
(105,'134406'),
(113,'134413'),
(115,'134421'),
(114,'134437'),
(104,'134439'),
(104,'134444'),
(101,'134493'),
(115,'134512'),
(104,'134548'),
(105,'134551'),
(97,'134555'),
(116,'134570'),
(117,'134594'),
(119,'134609'),
(113,'134633'),
(117,'134654'),
(104,'134679'),
(119,'134689'),
(103,'134718'),
(115,'134728'),
(106,'134774'),
(114,'134810'),
(109,'134851'),
(103,'134852'),
(112,'134891'),
(97,'134930'),
(99,'134949'),
(116,'134979'),
(106,'135004'),
(107,'135037'),
(108,'135053'),
(103,'135059'),
(118,'135127'),
(116,'135180'),
(118,'135203'),
(113,'135333'),
(112,'135337'),
(102,'135351'),
(110,'135402'),
(104,'135432'),
(113,'135442'),
(119,'135469'),
(97,'135488'),
(113,'135505'),
(114,'135509'),
(102,'135510'),
(101,'135514'),
(107,'135574'),
(118,'135592'),
(110,'135601'),
(110,'135615'),
(110,'135630'),
(99,'135648'),
(112,'135671'),
(98,'135705'),
(115,'135735'),
(114,'135755'),
(110,'135763'),
(114,'135781'),
(110,'135846'),
(101,'135848'),
(118,'135858'),
(109,'135878'),
(118,'135879'),
(100,'135891'),
(112,'135940'),
(114,'135984'),
(117,'136016'),
(108,'136022'),
(103,'136122'),
(113,'136190'),
(106,'136196'),
(114,'136209'),
(106,'136222'),
(105,'136231'),
(105,'136248'),
(116,'136293'),
(108,'136301'),
(103,'136304'),
(113,'136307'),
(105,'136324'),
(113,'136344'),
(105,'136346'),
(114,'136364'),
(104,'136375'),
(115,'136390'),
(114,'136413'),
(112,'136426'),
(106,'136437'),
(108,'136462'),
(106,'136478'),
(108,'136503'),
(111,'136523'),
(102,'136537'),
(104,'136571'),
(105,'136603'),
(102,'136670'),
(119,'136686'),
(105,'136703'),
(117,'136714'),
(117,'136731'),
(102,'136741'),
(115,'136750'),
(100,'136753'),
(113,'136777'),
(109,'136790'),
(107,'136842'),
(102,'136882'),
(105,'136890'),
(115,'136903'),
(101,'136928'),
(108,'136960'),
(101,'136969'),
(103,'136973'),
(104,'136996'),
(105,'137010'),
(113,'137065'),
(118,'137081'),
(118,'137092'),
(108,'137109'),
(112,'137136'),
(117,'137149'),
(109,'137168'),
(117,'137206'),
(110,'137210'),
(104,'137256'),
(108,'137305'),
(106,'137361'),
(98,'137364'),
(107,'137396'),
(119,'137400'),
(102,'137422'),
(102,'137478'),
(99,'137493'),
(108,'137570'),
(114,'137607'),
(114,'137619'),
(113,'137627'),
(101,'137636'),
(103,'137681'),
(109,'137697'),
(112,'137717'),
(106,'137723'),
(97,'137731'),
(98,'137738'),
(104,'137754'),
(104,'137783'),
(117,'137821'),
(108,'137826'),
(99,'137844'),
(111,'137862'),
(117,'137870'),
(116,'137905'),
(115,'137914'),
(99,'137921'),
(111,'137938'),
(104,'137950'),
(100,'137971'),
(110,'137979'),
(117,'138030'),
(101,'138067'),
(104,'138080'),
(118,'138094'),
(98,'138113'),
(106,'138120'),
(109,'138126'),
(106,'138154'),
(98,'138173'),
(101,'138220'),
(110,'138236'),
(116,'138255'),
(113,'138273'),
(112,'138305'),
(107,'138343'),
(108,'138345'),
(115,'138347'),
(99,'138350'),
(110,'138364'),
(103,'138379'),
(108,'138391'),
(112,'138411'),
(98,'138425'),
(112,'138434'),
(103,'138453'),
(98,'138492'),
(117,'138494'),
(111,'138513'),
(97,'138532'),
(98,'138549'),
(116,'138565'),
(100,'138577'),
(111,'138592'),
(112,'138648'),
(101,'138668'),
(108,'138688'),
(119,'138698'),
(103,'138702'),
(106,'138736'),
(104,'138739'),
(117,'138783'),
(100,'138793'),
(117,'138839'),
(109,'138850'),
(113,'138890'),
(116,'138945'),
(97,'138971'),
(98,'139017'),
(106,'139033'),
(112,'139056'),
(105,'139093'),
(97,'139107'),
(108,'139162'),
(98,'139196'),
(109,'139213'),
(110,'139264'),
(119,'139354'),
(119,'139355'),
(118,'139359'),
(119,'139366'),
(103,'139399'),
(116,'139418'),
(103,'139435'),
(102,'139448'),
(102,'139452'),
(98,'139460'),
(110,'139469'),
(118,'139513'),
(102,'139531'),
(115,'139538'),
(105,'139552'),
(119,'139561'),
(101,'139573'),
(111,'139641'),
(109,'139661'),
(99,'139702'),
(98,'139713'),
(113,'139733'),
(98,'139765'),
(110,'139771'),
(105,'139802'),
(105,'139804'),
(114,'139839'),
(115,'139856'),
(110,'139872'),
(117,'139885'),
(118,'139892'),
(103,'139912'),
(106,'139922'),
(104,'139926'),
(119,'139928'),
(116,'139970'),
(103,'139982'),
(99,'139985'),
(105,'139996'),
(100,'140030'),
(105,'140080'),
(109,'140105'),
(106,'140108'),
(119,'140126'),
(112,'140141'),
(97,'140170'),
(101,'140174'),
(101,'140212'),
(102,'140228'),
(105,'140246'),
(110,'140265'),
(103,'140272'),
(117,'140291'),
(114,'140331'),
(114,'140338'),
(104,'140339'),
(102,'140344'),
(110,'140362'),
(119,'140388'),
(117,'140423'),
(113,'140451'),
(118,'140486'),
(115,'140534'),
(110,'140563'),
(107,'140571'),
(103,'140586'),
(116,'140604'),
(110,'140632'),
(119,'140670'),
(119,'140677'),
(98,'140705'),
(102,'140718'),
(98,'140734'),
(108,'140751'),
(112,'140766'),
(102,'140791'),
(105,'140820'),
(102,'140840'),
(101,'140874'),
(115,'140916'),
(100,'140932'),
(99,'140976'),
(102,'140982'),
(100,'141002'),
(111,'141069'),
(116,'141083'),
(118,'141103'),
(111,'141126'),
(115,'141134'),
(118,'141157'),
(108,'141167'),
(105,'141189'),
(111,'141238'),
(118,'141243'),
(112,'141252'),
(108,'141274'),
(106,'141299'),
(119,'141327'),
(105,'141347'),
(98,'141389'),
(100,'141459'),
(110,'141476'),
(104,'141482'),
(99,'141492'),
(101,'141514'),
(109,'141521'),
(111,'141532'),
(114,'141551'),
(99,'141605'),
(112,'141630'),
(99,'141658'),
(110,'141660'),
(119,'141681'),
(101,'141688'),
(98,'141713'),
(99,'141754'),
(103,'141810'),
(117,'141861'),
(118,'141895'),
(112,'141927'),
(108,'141966'),
(104,'141991'),
(101,'142011'),
(101,'142034'),
(119,'142036'),
(101,'142037'),
(99,'142042'),
(110,'142074'),
(109,'142132'),
(104,'142176'),
(114,'142183'),
(108,'142219'),
(102,'142220'),
(103,'142296'),
(111,'142315'),
(102,'142323'),
(99,'142335'),
(115,'142346'),
(98,'142403'),
(115,'142424'),
(118,'142468'),
(117,'142482'),
(104,'142498'),
(107,'142525'),
(107,'142536'),
(104,'142553'),
(115,'142561'),
(107,'142578'),
(98,'142599'),
(107,'142612'),
(114,'142622'),
(118,'142629'),
(114,'142783'),
(116,'142787'),
(111,'142852'),
(103,'142857'),
(111,'142873'),
(118,'142891'),
(110,'142904'),
(114,'142921'),
(115,'142924'),
(110,'142942'),
(102,'142961'),
(99,'142977'),
(107,'143002'),
(103,'143022'),
(105,'143040'),
(113,'143057'),
(112,'143074'),
(100,'143106'),
(109,'143123'),
(109,'143172'),
(98,'143189'),
(114,'143226'),
(102,'143258'),
(107,'143274'),
(97,'143289'),
(116,'143314'),
(104,'143332'),
(104,'143357'),
(103,'143377'),
(118,'143381'),
(99,'143429'),
(118,'143448'),
(102,'143468'),
(111,'143474'),
(109,'143490'),
(100,'143521'),
(103,'143538'),
(113,'143541'),
(114,'143557'),
(107,'143560'),
(103,'143565'),
(106,'143573'),
(103,'143629'),
(102,'143682'),
(102,'143697'),
(98,'143709'),
(116,'143725'),
(100,'143797'),
(109,'143831'),
(106,'143857'),
(103,'143990'),
(98,'144035'),
(103,'144055'),
(104,'144060'),
(97,'144065'),
(110,'144115'),
(105,'144143'),
(107,'144176'),
(97,'144191'),
(112,'144209'),
(107,'144262'),
(98,'144282'),
(107,'144295'),
(112,'144302'),
(103,'144340'),
(115,'144350'),
(112,'144362'),
(101,'144398'),
(107,'144485'),
(98,'144539'),
(105,'144556'),
(110,'144602'),
(106,'144613'),
(102,'144633'),
(119,'144640'),
(103,'144657'),
(104,'144669'),
(114,'144677'),
(103,'144692'),
(103,'144702'),
(111,'144721'),
(116,'144747'),
(116,'144757'),
(104,'144788'),
(112,'144792'),
(118,'144826'),
(104,'144845'),
(97,'144864'),
(113,'144891'),
(100,'144984'),
(115,'145001'),
(114,'145010'),
(111,'145060'),
(101,'145099'),
(110,'145113'),
(100,'145119'),
(103,'145126'),
(101,'145156'),
(113,'145162'),
(106,'145166'),
(112,'145179'),
(98,'145188'),
(102,'145210'),
(98,'145221'),
(104,'145228'),
(103,'145256'),
(103,'145277'),
(105,'145296'),
(114,'145313'),
(111,'145341'),
(114,'145359'),
(112,'145404'),
(100,'145451'),
(113,'145474'),
(119,'145498'),
(109,'145550'),
(118,'145564'),
(108,'145567'),
(112,'145579'),
(100,'145583'),
(112,'145595'),
(116,'145614'),
(103,'145648'),
(116,'145663'),
(102,'145676'),
(116,'145701'),
(108,'145727'),
(103,'145744'),
(118,'145760'),
(106,'145771'),
(101,'145780'),
(111,'145835'),
(119,'145862'),
(112,'145881'),
(110,'145888'),
(117,'145907'),
(97,'145943'),
(110,'145991'),
(117,'146025'),
(114,'146054'),
(118,'146063'),
(118,'146068'),
(115,'146072'),
(116,'146099'),
(113,'146122'),
(104,'146149'),
(101,'146169'),
(109,'146175'),
(116,'146181'),
(105,'146182'),
(107,'146185'),
(103,'146194'),
(108,'146197'),
(118,'146203'),
(112,'146207'),
(116,'146268'),
(99,'146287'),
(102,'146296'),
(106,'146307'),
(113,'146323'),
(111,'146338'),
(113,'146345'),
(97,'146372'),
(100,'146392'),
(111,'146417'),
(108,'146419'),
(101,'146454'),
(101,'146472'),
(97,'146520'),
(117,'146540'),
(103,'146548'),
(99,'146551'),
(109,'146568'),
(115,'146598'),
(97,'146610'),
(117,'146639'),
(98,'146640'),
(104,'146675'),
(100,'146678'),
(115,'146690'),
(116,'146696'),
(115,'146706'),
(105,'146720'),
(99,'146730'),
(104,'146741'),
(117,'146744'),
(101,'146763'),
(119,'146783'),
(106,'146790'),
(103,'146824'),
(103,'146831'),
(109,'146844'),
(106,'146846'),
(112,'146862'),
(118,'146917'),
(99,'146932'),
(119,'146936'),
(104,'146949'),
(103,'146971'),
(111,'146976'),
(97,'146994'),
(103,'147041'),
(118,'147055'),
(98,'147074'),
(109,'147084'),
(100,'147118'),
(115,'147152'),
(97,'147183'),
(100,'147199'),
(99,'147246'),
(113,'147249'),
(102,'147267'),
(107,'147271'),
(104,'147317'),
(100,'147318'),
(100,'147336'),
(106,'147353'),
(101,'147357'),
(97,'147371'),
(115,'147395'),
(106,'147415'),
(111,'147428'),
(114,'147442'),
(99,'147481'),
(109,'147598'),
(104,'147608'),
(112,'147647'),
(114,'147659'),
(105,'147664'),
(100,'147679'),
(115,'147697'),
(115,'147702'),
(118,'147735'),
(107,'147784'),
(116,'147793'),
(119,'147799'),
(98,'147831'),
(102,'147871'),
(114,'147881'),
(119,'147892'),
(117,'147905'),
(99,'147917'),
(119,'147934'),
(118,'147959'),
(106,'147966'),
(114,'147995'),
(113,'148024'),
(97,'148033'),
(104,'148036'),
(111,'148045'),
(98,'148064'),
(119,'148084'),
(104,'148092'),
(103,'148128'),
(103,'148144'),
(115,'148156'),
(101,'148184'),
(117,'148203'),
(107,'148229'),
(118,'148259'),
(99,'148276'),
(97,'148287'),
(106,'148288'),
(111,'148331'),
(119,'148395'),
(115,'148411'),
(111,'148421'),
(115,'148443'),
(98,'148456'),
(108,'148527'),
(115,'148602'),
(98,'148622'),
(115,'148633'),
(108,'148662'),
(103,'148668'),
(110,'148682'),
(118,'148709'),
(100,'148726'),
(108,'148737'),
(119,'148762'),
(109,'148770'),
(107,'148782'),
(109,'148787'),
(101,'148858'),
(110,'148868'),
(107,'148874'),
(112,'148901'),
(103,'148911'),
(103,'148930'),
(107,'148948'),
(119,'148956'),
(106,'148958'),
(99,'148965'),
(118,'148972'),
(112,'148980'),
(115,'148981'),
(102,'148985'),
(116,'149018'),
(102,'149051'),
(118,'149088'),
(102,'149103'),
(99,'149125'),
(108,'149167'),
(101,'149220'),
(116,'149225'),
(114,'149258'),
(118,'149314'),
(105,'149347'),
(98,'149352'),
(110,'149371'),
(98,'149389'),
(104,'149419'),
(104,'149453'),
(110,'149478'),
(109,'149528'),
(104,'149546'),
(97,'149549'),
(109,'149568'),
(115,'149593'),
(98,'149605'),
(112,'149626'),
(99,'149657'),
(110,'149664'),
(114,'149674'),
(106,'149687'),
(99,'149708'),
(118,'149731'),
(118,'149739'),
(104,'149747'),
(105,'149764'),
(112,'149791'),
(119,'149855'),
(108,'149869'),
(111,'149875'),
(102,'149895'),
(97,'149960'),
(111,'149975'),
(100,'150006'),
(112,'150017'),
(115,'150041'),
(112,'150068'),
(104,'150071'),
(119,'150096'),
(100,'150101'),
(103,'150107'),
(115,'150121'),
(119,'150174'),
(114,'150211'),
(110,'150216'),
(98,'150222'),
(98,'150232'),
(103,'150256'),
(97,'150263'),
(97,'150307'),
(107,'150310'),
(109,'150316'),
(111,'150319'),
(118,'150328'),
(119,'150372'),
(117,'150373'),
(109,'150383'),
(116,'150420'),
(100,'150430'),
(103,'150431'),
(118,'150452'),
(113,'150465'),
(102,'150475'),
(100,'150490'),
(118,'150507'),
(97,'150520'),
(116,'150537'),
(115,'150572'),
(102,'150584'),
(115,'150603'),
(116,'150632'),
(101,'150633'),
(109,'150650'),
(97,'150659'),
(118,'150677'),
(110,'150687'),
(113,'150704'),
(104,'150721'),
(110,'150740'),
(118,'150746'),
(115,'150753'),
(105,'150791'),
(110,'150806'),
(116,'150831'),
(113,'150844'),
(104,'150847'),
(114,'150866'),
(105,'150897'),
(105,'150932'),
(113,'150943'),
(108,'150954'),
(105,'150958'),
(109,'150972'),
(103,'150999'),
(97,'151006'),
(106,'151019'),
(102,'151056'),
(118,'151062'),
(98,'151076'),
(114,'151092'),
(97,'151111'),
(115,'151130'),
(116,'151140'),
(112,'151169'),
(103,'151181'),
(110,'151237'),
(116,'151348'),
(111,'151390'),
(118,'151392'),
(117,'151394'),
(104,'151423'),
(99,'151452'),
(103,'151465'),
(118,'151475'),
(113,'151477'),
(117,'151481'),
(110,'151484'),
(99,'151487'),
(101,'151550'),
(115,'151566'),
(103,'151578'),
(110,'151580'),
(107,'151599'),
(99,'151612'),
(98,'151620'),
(97,'151640'),
(115,'151675'),
(104,'151708'),
(118,'151734'),
(101,'151759'),
(101,'151768'),
(113,'151776'),
(113,'151795'),
(115,'151817'),
(108,'151832'),
(104,'151840'),
(116,'151855'),
(115,'151866'),
(110,'151924'),
(106,'151976'),
(108,'152053'),
(105,'152054'),
(114,'152069'),
(103,'152086'),
(110,'152102'),
(116,'152111'),
(102,'152125'),
(106,'152144'),
(106,'152150'),
(112,'152203'),
(98,'152211'),
(111,'152247'),
(110,'152266'),
(119,'152314'),
(118,'152321'),
(118,'152329'),
(100,'152363'),
(113,'152395'),
(108,'152405'),
(116,'152418'),
(111,'152460'),
(102,'152508'),
(97,'152527'),
(110,'152579'),
(110,'152594'),
(110,'152604'),
(105,'152651'),
(113,'152659'),
(98,'152699'),
(101,'152719'),
(106,'152757'),
(104,'152770'),
(116,'152781'),
(119,'152812'),
(117,'152819'),
(119,'152832'),
(111,'152855'),
(107,'152902'),
(101,'152911'),
(103,'152930'),
(108,'152962'),
(104,'152994'),
(104,'153006'),
(99,'153010'),
(110,'153022'),
(112,'153024'),
(100,'153060'),
(113,'153078'),
(100,'153088'),
(110,'153107'),
(106,'153129'),
(102,'153154'),
(119,'153159'),
(105,'153174'),
(111,'153177'),
(105,'153194'),
(99,'153212'),
(97,'153226'),
(98,'153249'),
(100,'153266'),
(112,'153300'),
(109,'153302'),
(112,'153310'),
(105,'153335'),
(119,'153350'),
(98,'153381'),
(117,'153410'),
(113,'153421'),
(118,'153437'),
(98,'153442'),
(108,'153477'),
(102,'153481'),
(110,'153501'),
(101,'153534'),
(105,'153536'),
(110,'153604'),
(99,'153616'),
(102,'153640'),
(117,'153650'),
(105,'153673'),
(103,'153680'),
(104,'153694'),
(110,'153713'),
(100,'153738'),
(97,'153752'),
(110,'153762'),
(117,'153792'),
(113,'153813'),
(119,'153851'),
(106,'153854'),
(101,'153887'),
(106,'153925'),
(100,'153946'),
(116,'153995'),
(114,'154003'),
(102,'154047'),
(115,'154061'),
(118,'154076'),
(110,'154128'),
(112,'154148'),
(97,'154159'),
(115,'154168'),
(103,'154179'),
(115,'154212'),
(115,'154238'),
(107,'154248'),
(113,'154320'),
(99,'154332'),
(100,'154336'),
(109,'154343'),
(107,'154359'),
(102,'154364'),
(106,'154373'),
(117,'154408'),
(101,'154472'),
(113,'154480'),
(104,'154500'),
(103,'154519'),
(118,'154542'),
(110,'154602'),
(119,'154606'),
(100,'154624'),
(104,'154644'),
(116,'154664'),
(108,'154720'),
(105,'154726'),
(98,'154729'),
(108,'154789'),
(118,'154806'),
(103,'154824'),
(107,'154854'),
(119,'154874'),
(107,'154886'),
(101,'154897'),
(118,'154899'),
(112,'154904'),
(109,'154906'),
(105,'154914'),
(114,'154956'),
(114,'154988'),
(104,'154997'),
(109,'155002'),
(99,'155036'),
(114,'155094'),
(115,'155111'),
(115,'155114'),
(111,'155133'),
(116,'155161'),
(112,'155188'),
(106,'155198'),
(97,'155204'),
(117,'155216'),
(119,'155238'),
(107,'155269'),
(100,'155295'),
(106,'155324'),
(108,'155325'),
(103,'155331'),
(110,'155344'),
(100,'155358'),
(107,'155390'),
(104,'155421'),
(106,'155458'),
(117,'155491'),
(107,'155503'),
(103,'155513'),
(106,'155530'),
(102,'155559'),
(113,'155613'),
(116,'155664'),
(97,'155680'),
(118,'155699'),
(117,'155714'),
(109,'155726'),
(103,'155752'),
(103,'155772'),
(105,'155801'),
(105,'155815'),
(111,'155835'),
(113,'155836'),
(98,'155889'),
(105,'155900'),
(99,'155909'),
(107,'155914'),
(117,'155928'),
(100,'155934'),
(105,'155949'),
(101,'155975'),
(106,'155992'),
(109,'156014'),
(118,'156016'),
(106,'156047'),
(101,'156109'),
(101,'156133'),
(99,'156172'),
(106,'156220'),
(118,'156242'),
(97,'156252'),
(106,'156296'),
(104,'156302'),
(105,'156308'),
(114,'156309'),
(103,'156345'),
(105,'156366'),
(102,'156382'),
(110,'156386'),
(105,'156443'),
(101,'156455'),
(105,'156470'),
(98,'156478'),
(101,'156479'),
(113,'156484'),
(115,'156487'),
(113,'156489'),
(105,'156510'),
(97,'156517'),
(114,'156537'),
(97,'156538'),
(101,'156547'),
(113,'156554'),
(106,'156555'),
(107,'156592'),
(100,'156606'),
(110,'156637'),
(115,'156684'),
(98,'156725'),
(116,'156730'),
(110,'156738'),
(110,'156763'),
(111,'156770'),
(101,'156790'),
(105,'156803'),
(112,'156813'),
(100,'156819'),
(111,'156833'),
(98,'156843'),
(117,'156869'),
(115,'156880'),
(115,'156903'),
(111,'156911'),
(113,'156951'),
(104,'156969'),
(118,'157014'),
(105,'157026'),
(107,'157054'),
(106,'157068'),
(100,'157071'),
(99,'157104'),
(99,'157119'),
(112,'157147'),
(107,'157177'),
(98,'157224'),
(108,'157241'),
(105,'157249'),
(103,'157265'),
(116,'157269'),
(109,'157291'),
(112,'157299'),
(109,'157306'),
(119,'157331'),
(118,'157360'),
(108,'157376'),
(117,'157415'),
(108,'157442'),
(116,'157460'),
(119,'157482'),
(104,'157493'),
(109,'157504'),
(119,'157522'),
(105,'157542'),
(109,'157568'),
(118,'157584'),
(109,'157614'),
(103,'157665'),
(113,'157674'),
(119,'157682'),
(116,'157688'),
(111,'157695'),
(114,'157709'),
(99,'157765'),
(117,'157785'),
(101,'157792'),
(103,'157837'),
(114,'157841'),
(106,'157860'),
(99,'157871'),
(102,'157873'),
(117,'157892'),
(112,'157893'),
(118,'157910'),
(107,'157943'),
(106,'157966'),
(114,'157982'),
(109,'157995'),
(109,'158006'),
(102,'158007'),
(117,'158043'),
(119,'158075'),
(108,'158097'),
(116,'158117'),
(117,'158141'),
(112,'158193'),
(115,'158243'),
(101,'158302'),
(98,'158394'),
(105,'158414'),
(97,'158431'),
(104,'158439'),
(102,'158512'),
(105,'158531'),
(98,'158579'),
(110,'158617'),
(99,'158618'),
(103,'158630'),
(104,'158661'),
(100,'158667'),
(103,'158688'),
(100,'158705'),
(107,'158725'),
(107,'158767'),
(109,'158795'),
(119,'158799'),
(97,'158802'),
(98,'158820'),
(119,'158839'),
(103,'158841'),
(105,'158858'),
(107,'158878'),
(117,'158904'),
(99,'158924'),
(100,'158964'),
(110,'158998'),
(118,'159023'),
(110,'159025'),
(111,'159028'),
(101,'159030'),
(117,'159057'),
(103,'159085'),
(118,'159120'),
(102,'159148'),
(99,'159198'),
(116,'159230'),
(116,'159233'),
(99,'159246'),
(105,'159278'),
(106,'159300'),
(109,'159304'),
(100,'159310'),
(105,'159315'),
(109,'159327'),
(104,'159355'),
(101,'159382'),
(113,'159401'),
(112,'159452'),
(114,'159455'),
(103,'159474'),
(117,'159504'),
(112,'159546'),
(114,'159579'),
(101,'159588'),
(97,'159620'),
(105,'159671'),
(97,'159711'),
(107,'159772'),
(104,'159776'),
(101,'159791'),
(110,'159800'),
(100,'159820'),
(111,'159833'),
(113,'159845'),
(98,'159849'),
(106,'159869'),
(110,'159893'),
(104,'159901'),
(104,'159905'),
(113,'159941'),
(107,'160017'),
(99,'160034'),
(99,'160041'),
(103,'160071'),
(110,'160079'),
(117,'160085'),
(117,'160092'),
(104,'160118'),
(105,'160127'),
(101,'160146'),
(112,'160164'),
(112,'160183'),
(117,'160184'),
(104,'160202'),
(107,'160222'),
(114,'160243'),
(115,'160260'),
(119,'160280'),
(97,'160306'),
(110,'160338'),
(99,'160349'),
(112,'160367'),
(98,'160382'),
(110,'160397'),
(114,'160403'),
(114,'160437'),
(110,'160455'),
(110,'160474'),
(97,'160484'),
(111,'160490'),
(101,'160506'),
(104,'160532'),
(99,'160558'),
(112,'160581'),
(118,'160730'),
(107,'160772'),
(103,'160818'),
(117,'160827'),
(97,'160831'),
(106,'160838'),
(115,'160883'),
(104,'160898'),
(113,'160912'),
(113,'160957'),
(103,'160998'),
(100,'161008'),
(111,'161011'),
(114,'161026'),
(118,'161050'),
(110,'161152'),
(101,'161202'),
(115,'161222'),
(119,'161241'),
(111,'161272'),
(98,'161300'),
(107,'161313'),
(98,'161362'),
(101,'161449'),
(106,'161488'),
(99,'161495'),
(108,'161531'),
(107,'161536'),
(107,'161541'),
(112,'161555'),
(97,'161577'),
(114,'161582'),
(99,'161651'),
(114,'161658'),
(101,'161684'),
(105,'161691'),
(98,'161705'),
(114,'161718'),
(98,'161729'),
(106,'161744'),
(104,'161746'),
(104,'161766'),
(108,'161786'),
(108,'161811'),
(113,'161820'),
(104,'161845'),
(117,'161866'),
(106,'161907'),
(118,'161917'),
(115,'161936'),
(117,'161971'),
(109,'161976'),
(113,'161988'),
(100,'161999'),
(110,'162034'),
(104,'162052'),
(119,'162088'),
(99,'162145'),
(103,'162183'),
(102,'162194'),
(102,'162214'),
(114,'162233'),
(107,'162252'),
(100,'162265'),
(113,'162273'),
(119,'162332'),
(104,'162342'),
(118,'162350'),
(109,'162372'),
(114,'162380'),
(108,'162397'),
(107,'162404'),
(119,'162410'),
(110,'162435'),
(104,'162484'),
(117,'162499'),
(117,'162522'),
(101,'162541'),
(118,'162566'),
(107,'162578'),
(97,'162597'),
(110,'162606'),
(104,'162657'),
(100,'162669'),
(116,'162674'),
(97,'162680'),
(107,'162689'),
(113,'162695'),
(100,'162735'),
(110,'162771'),
(107,'162813'),
(105,'162822'),
(106,'162836'),
(113,'162863'),
(98,'162932'),
(104,'162949'),
(110,'162996'),
(111,'163039'),
(98,'163043'),
(100,'163062'),
(119,'163096'),
(105,'163109'),
(108,'163130'),
(107,'163137'),
(117,'163159'),
(99,'163164'),
(100,'163179'),
(107,'163187'),
(108,'163203'),
(110,'163231'),
(97,'163238'),
(101,'163254'),
(114,'163273'),
(97,'163283'),
(99,'163293'),
(113,'163307'),
(117,'163326'),
(108,'163384'),
(108,'163395'),
(98,'163397'),
(106,'163405'),
(116,'163408'),
(99,'163418'),
(108,'163427'),
(109,'163435'),
(111,'163466'),
(105,'163518'),
(105,'163521'),
(115,'163537'),
(111,'163539'),
(106,'163543'),
(97,'163554'),
(118,'163569'),
(113,'163584'),
(103,'163599'),
(108,'163610'),
(116,'163629'),
(114,'163648'),
(102,'163654'),
(98,'163659'),
(104,'163666'),
(102,'163698'),
(107,'163746'),
(108,'163763'),
(100,'163767'),
(110,'163786'),
(103,'163833'),
(107,'163896'),
(98,'163945'),
(117,'163959'),
(107,'163978'),
(108,'163997'),
(107,'164029'),
(103,'164034'),
(97,'164053'),
(110,'164089'),
(102,'164092'),
(102,'164120'),
(108,'164125'),
(108,'164145'),
(113,'164168'),
(100,'164196'),
(119,'164231'),
(106,'164249'),
(108,'164266'),
(108,'164286'),
(114,'164297'),
(100,'164300'),
(113,'164316'),
(112,'164341'),
(116,'164379'),
(118,'164385'),
(118,'164400'),
(99,'164434'),
(97,'164452'),
(110,'164488'),
(98,'164500'),
(104,'164512'),
(118,'164536'),
(110,'164547'),
(98,'164574'),
(107,'164607'),
(106,'164620'),
(109,'164628'),
(103,'164634'),
(112,'164656'),
(109,'164685'),
(112,'164687'),
(107,'164716'),
(118,'164740'),
(114,'164759'),
(100,'164761'),
(114,'164767'),
(101,'164801'),
(106,'164810'),
(113,'164830'),
(105,'164846'),
(97,'164860'),
(112,'164922'),
(115,'164981'),
(109,'164998'),
(97,'165023'),
(109,'165039'),
(115,'165053'),
(102,'165140'),
(114,'165190'),
(109,'165255'),
(116,'165288'),
(117,'165306'),
(103,'165375'),
(110,'165378'),
(100,'165380'),
(101,'165395'),
(113,'165406'),
(113,'165448'),
(100,'165455'),
(113,'165464'),
(98,'165471'),
(112,'165484'),
(101,'165504'),
(104,'165555'),
(100,'165575'),
(119,'165579'),
(103,'165595'),
(112,'165619'),
(102,'165647'),
(118,'165658'),
(109,'165659'),
(105,'165662'),
(97,'165664'),
(117,'165687'),
(112,'165689'),
(102,'165766'),
(118,'165809'),
(97,'165825'),
(112,'165836'),
(119,'165844'),
(113,'165860'),
(111,'165861'),
(114,'165868'),
(103,'165905'),
(113,'165923'),
(112,'165925'),
(111,'165931'),
(117,'165949'),
(97,'165994'),
(108,'166025'),
(119,'166037'),
(101,'166038'),
(116,'166088'),
(112,'166091'),
(106,'166135'),
(118,'166153'),
(103,'166188'),
(111,'166191'),
(119,'166208'),
(113,'166223'),
(98,'166233'),
(112,'166304'),
(99,'166309'),
(104,'166317'),
(119,'166330'),
(105,'166333'),
(110,'166353'),
(107,'166363'),
(101,'166410'),
(119,'166441'),
(116,'166443'),
(119,'166472'),
(103,'166496'),
(110,'166504'),
(116,'166522'),
(99,'166533'),
(107,'166564'),
(115,'166586'),
(105,'166604'),
(105,'166627'),
(114,'166667'),
(108,'166675'),
(104,'166680'),
(118,'166700'),
(112,'166716'),
(118,'166726'),
(109,'166739'),
(111,'166757'),
(98,'166799'),
(97,'166819'),
(97,'166824'),
(107,'166842'),
(102,'166858'),
(113,'166884'),
(119,'166924'),
(110,'166985'),
(100,'167011'),
(109,'167013'),
(108,'167054'),
(110,'167134'),
(107,'167138'),
(102,'167150'),
(104,'167161'),
(119,'167165'),
(109,'167238'),
(114,'167241'),
(104,'167256'),
(119,'167294'),
(107,'167298'),
(110,'167301'),
(111,'167318'),
(111,'167366'),
(110,'167370'),
(97,'167371'),
(118,'167395'),
(103,'167415'),
(110,'167443'),
(106,'167475'),
(106,'167476'),
(107,'167492'),
(99,'167508'),
(100,'167516'),
(110,'167522'),
(111,'167547'),
(102,'167580'),
(102,'167626'),
(103,'167645'),
(104,'167712'),
(109,'167748'),
(111,'167764'),
(103,'167781'),
(108,'167816'),
(118,'167854'),
(119,'167862'),
(113,'167875'),
(111,'167915'),
(119,'167935'),
(103,'167939'),
(110,'167978'),
(112,'167985'),
(116,'167996'),
(101,'168005'),
(116,'168071'),
(115,'168090'),
(98,'168108'),
(110,'168120'),
(103,'168130'),
(113,'168133'),
(102,'168152'),
(114,'168167'),
(117,'168201'),
(108,'168223'),
(117,'168272'),
(102,'168291'),
(109,'168297'),
(109,'168320'),
(112,'168377'),
(109,'168409'),
(108,'168455'),
(97,'168468'),
(115,'168488'),
(98,'168580'),
(97,'168635'),
(117,'168667'),
(118,'168670'),
(111,'168700'),
(115,'168730'),
(111,'168744'),
(107,'168750'),
(107,'168762'),
(109,'168770'),
(115,'168781'),
(109,'168815'),
(114,'168830'),
(102,'168850'),
(114,'168860'),
(99,'168879'),
(114,'168916'),
(110,'168919'),
(101,'168935'),
(103,'168959'),
(101,'169004'),
(110,'169009'),
(103,'169061'),
(111,'169069'),
(113,'169074'),
(98,'169076'),
(119,'169102'),
(108,'169140'),
(110,'169154'),
(106,'169161'),
(108,'169191'),
(103,'169220'),
(117,'169266'),
(99,'169282'),
(112,'169291'),
(102,'169303'),
(102,'169373'),
(108,'169385'),
(113,'169395'),
(117,'169419'),
(103,'169430'),
(117,'169450'),
(117,'169486'),
(115,'169487'),
(109,'169501'),
(114,'169532'),
(114,'169569'),
(113,'169609'),
(114,'169623'),
(100,'169675'),
(97,'169708'),
(103,'169709'),
(118,'169715'),
(99,'169755'),
(112,'169782'),
(116,'169805'),
(110,'169816'),
(113,'169833'),
(106,'169873'),
(98,'169888'),
(118,'169895'),
(106,'169916'),
(99,'169927'),
(108,'169966'),
(101,'169977'),
(102,'169994'),
(107,'170020'),
(105,'170023'),
(113,'170032'),
(117,'170050'),
(114,'170070'),
(117,'170072'),
(115,'170114'),
(117,'170126'),
(107,'170127'),
(107,'170142'),
(115,'170187'),
(109,'170225'),
(119,'170231'),
(107,'170257'),
(100,'170259'),
(119,'170329'),
(105,'170353'),
(107,'170371'),
(101,'170387'),
(106,'170399'),
(100,'170401'),
(100,'170421'),
(103,'170435'),
(110,'170450'),
(109,'170464'),
(102,'170509'),
(108,'170537'),
(111,'170551'),
(103,'170568'),
(115,'170584'),
(111,'170606'),
(109,'170626'),
(102,'170644'),
(103,'170649'),
(109,'170722'),
(109,'170742'),
(99,'170756'),
(103,'170795'),
(106,'170843'),
(119,'170856'),
(108,'170882'),
(98,'170905'),
(100,'170951'),
(117,'171000'),
(116,'171020'),
(103,'171033'),
(99,'171051'),
(107,'171136'),
(112,'171138'),
(110,'171180'),
(108,'171189'),
(119,'171203'),
(118,'171224'),
(99,'171231'),
(110,'171260'),
(102,'171273'),
(115,'171298'),
(114,'171311'),
(97,'171313'),
(101,'171326'),
(114,'171346'),
(112,'171364'),
(97,'171433'),
(115,'171441'),
(113,'171559'),
(115,'171569'),
(100,'171586'),
(118,'171589'),
(110,'171604'),
(101,'171617'),
(116,'171628'),
(118,'171648'),
(116,'171651'),
(118,'171662'),
(116,'171694'),
(109,'171714'),
(115,'171739'),
(117,'171800'),
(97,'171827'),
(107,'171836'),
(112,'171865'),
(107,'171892'),
(103,'171943'),
(115,'171961'),
(103,'171980'),
(108,'172026'),
(103,'172035'),
(112,'172126'),
(118,'172132'),
(107,'172152'),
(116,'172194'),
(98,'172233'),
(112,'172238'),
(107,'172270'),
(111,'172281'),
(107,'172346'),
(115,'172351'),
(106,'172368'),
(106,'172385'),
(104,'172409'),
(102,'172427'),
(111,'172437'),
(109,'172487'),
(101,'172491'),
(104,'172504'),
(99,'172508'),
(114,'172529'),
(102,'172538'),
(106,'172564'),
(98,'172582'),
(110,'172613'),
(103,'172615'),
(116,'172625'),
(118,'172632'),
(117,'172641'),
(103,'172661'),
(107,'172668'),
(115,'172687'),
(99,'172783'),
(107,'172803'),
(101,'172831'),
(108,'172865'),
(113,'172889'),
(97,'172903'),
(111,'172917'),
(115,'172931'),
(106,'172968'),
(114,'173013'),
(98,'173047'),
(97,'173056'),
(107,'173074'),
(105,'173091'),
(108,'173124'),
(101,'173139'),
(100,'173148'),
(119,'173165'),
(102,'173188'),
(97,'173267'),
(118,'173306'),
(115,'173326'),
(112,'173328'),
(107,'173356'),
(107,'173370'),
(97,'173383'),
(115,'173409'),
(114,'173419'),
(104,'173431'),
(100,'173489'),
(113,'173500'),
(97,'173549'),
(100,'173578'),
(117,'173589'),
(112,'173590'),
(108,'173601'),
(110,'173616'),
(103,'173666'),
(97,'173689'),
(116,'173729'),
(109,'173735'),
(116,'173750'),
(117,'173770'),
(110,'173796'),
(115,'173815'),
(98,'173831'),
(101,'173850'),
(112,'173851'),
(117,'173898'),
(109,'173901'),
(97,'173902'),
(97,'173911'),
(102,'173941'),
(118,'173953'),
(113,'173970'),
(118,'173988'),
(117,'174073'),
(97,'174103'),
(112,'174107'),
(110,'174139'),
(114,'174143'),
(107,'174177'),
(102,'174194'),
(100,'174196'),
(102,'174247'),
(115,'174327'),
(111,'174341'),
(101,'174361'),
(109,'174368'),
(111,'174380'),
(99,'174394'),
(117,'174412'),
(115,'174429'),
(103,'174457'),
(102,'174479'),
(104,'174514'),
(111,'174529'),
(109,'174537'),
(111,'174560'),
(110,'174599'),
(119,'174619'),
(106,'174624'),
(102,'174641'),
(112,'174652'),
(112,'174665'),
(106,'174668'),
(116,'174670'),
(103,'174676'),
(101,'174694'),
(117,'174698'),
(116,'174701'),
(110,'174722'),
(101,'174754'),
(117,'174759'),
(117,'174801'),
(110,'174809'),
(98,'174839'),
(102,'174857'),
(109,'174912'),
(110,'174937'),
(104,'174956'),
(109,'174994'),
(118,'175020'),
(113,'175042'),
(108,'175048'),
(98,'175072'),
(100,'175086'),
(107,'175131'),
(107,'175138'),
(106,'175142'),
(110,'175160'),
(116,'175180'),
(116,'175189'),
(119,'175205'),
(102,'175236'),
(103,'175248'),
(116,'175254'),
(101,'175267'),
(115,'175282'),
(101,'175286'),
(105,'175306'),
(106,'175325'),
(100,'175336'),
(103,'175382'),
(102,'175389'),
(112,'175407'),
(115,'175431'),
(108,'175438'),
(118,'175445'),
(106,'175446'),
(112,'175507'),
(105,'175525'),
(100,'175573'),
(112,'175585'),
(108,'175605'),
(99,'175617'),
(117,'175651'),
(118,'175711'),
(112,'175742'),
(104,'175745'),
(101,'175760'),
(114,'175785'),
(119,'175794'),
(112,'175832'),
(118,'175841'),
(114,'175859'),
(101,'175874'),
(112,'175881'),
(108,'175911'),
(104,'175915'),
(100,'175944'),
(118,'175963'),
(110,'175973'),
(106,'175978'),
(108,'176000'),
(105,'176057'),
(104,'176070'),
(100,'176090'),
(98,'176101'),
(103,'176118'),
(110,'176153'),
(109,'176192'),
(103,'176205'),
(106,'176226'),
(115,'176230'),
(116,'176273'),
(104,'176317'),
(98,'176319'),
(97,'176338'),
(110,'176387'),
(108,'176445'),
(111,'176481'),
(110,'176515'),
(101,'176526'),
(109,'176553'),
(97,'176558'),
(110,'176601'),
(99,'176621'),
(113,'176639'),
(118,'176649'),
(99,'176669'),
(110,'176672'),
(112,'176689'),
(100,'176718'),
(113,'176812'),
(97,'176822'),
(107,'176840'),
(110,'176843'),
(104,'176860'),
(117,'176865'),
(107,'176956'),
(98,'176958'),
(112,'176962'),
(104,'176974'),
(112,'176988'),
(110,'176995'),
(105,'177086'),
(104,'177096'),
(100,'177117'),
(111,'177129'),
(98,'177143'),
(117,'177153'),
(107,'177167'),
(101,'177179'),
(111,'177187'),
(106,'177215'),
(103,'177271'),
(108,'177368'),
(117,'177409'),
(110,'177415'),
(105,'177428'),
(103,'177433'),
(106,'177461'),
(117,'177482'),
(100,'177514'),
(102,'177534'),
(109,'177561'),
(107,'177569'),
(102,'177624'),
(99,'177642'),
(116,'177645'),
(97,'177652'),
(117,'177667'),
(98,'177670'),
(114,'177690'),
(102,'177708'),
(98,'177719'),
(97,'177737'),
(111,'177745'),
(118,'177764'),
(97,'177799'),
(115,'177803'),
(105,'177847'),
(107,'177861'),
(119,'177891'),
(102,'177893'),
(100,'177899'),
(114,'177900'),
(112,'177927'),
(105,'177939'),
(114,'177943'),
(111,'177953'),
(97,'177968'),
(119,'178018'),
(119,'178047'),
(98,'178058'),
(106,'178072'),
(97,'178085'),
(106,'178104'),
(119,'178116'),
(118,'178157'),
(100,'178209'),
(97,'178226'),
(110,'178251'),
(104,'178263'),
(114,'178270'),
(102,'178347'),
(112,'178367'),
(110,'178380'),
(116,'178400'),
(114,'178403'),
(112,'178438'),
(112,'178454'),
(98,'178470'),
(105,'178486'),
(102,'178495'),
(101,'178498'),
(101,'178579'),
(107,'178592'),
(116,'178639'),
(104,'178648'),
(115,'178649'),
(113,'178681'),
(108,'178697'),
(100,'178713'),
(113,'178728'),
(116,'178747'),
(101,'178768'),
(105,'178781'),
(102,'178800'),
(97,'178804'),
(97,'178839'),
(111,'178846'),
(100,'178849'),
(114,'178863'),
(105,'178883'),
(114,'178885'),
(108,'178904'),
(108,'178920'),
(100,'178930'),
(107,'178979'),
(113,'178987'),
(107,'179007'),
(99,'179030'),
(101,'179049'),
(102,'179092'),
(118,'179109'),
(117,'179111'),
(104,'179133'),
(110,'179154'),
(115,'179172'),
(102,'179193'),
(103,'179218'),
(113,'179245'),
(107,'179259'),
(107,'179271'),
(118,'179301'),
(104,'179310'),
(105,'179330'),
(105,'179359'),
(104,'179360'),
(111,'179372'),
(113,'179436'),
(119,'179456'),
(117,'179473'),
(98,'179482'),
(118,'179499'),
(103,'179501'),
(115,'179509'),
(106,'179530'),
(117,'179564'),
(103,'179592'),
(99,'179640'),
(112,'179662'),
(107,'179698'),
(102,'179708'),
(114,'179769'),
(99,'179807'),
(115,'179822'),
(97,'179830'),
(102,'179869'),
(100,'179899'),
(118,'179928'),
(104,'179997'),
(107,'180015'),
(100,'180050'),
(109,'180078'),
(113,'180091'),
(105,'180127'),
(109,'180147'),
(101,'180167'),
(104,'180204'),
(100,'180222'),
(114,'180256'),
(97,'180322'),
(114,'180340'),
(115,'180366'),
(113,'180389'),
(111,'180426'),
(118,'180458'),
(97,'180470'),
(109,'180480'),
(103,'180499'),
(117,'180515'),
(113,'180542'),
(104,'180546'),
(99,'180565'),
(103,'180590'),
(117,'180606'),
(111,'180622'),
(107,'180638'),
(107,'180654'),
(109,'180670'),
(113,'180710'),
(103,'180770'),
(102,'180773'),
(105,'180788'),
(102,'180805'),
(113,'180809'),
(113,'180835'),
(108,'180851'),
(102,'180853'),
(101,'180857'),
(109,'180860'),
(106,'180891'),
(97,'180933'),
(98,'180953'),
(106,'180980'),
(102,'180995'),
(117,'181012'),
(114,'181029'),
(112,'181034'),
(111,'181057'),
(101,'181060'),
(107,'181076'),
(102,'181093'),
(112,'181110'),
(119,'181142'),
(117,'181178'),
(114,'181214'),
(100,'181216'),
(109,'181232'),
(108,'181243'),
(109,'181265'),
(108,'181309'),
(115,'181310'),
(110,'181324'),
(117,'181333'),
(106,'181349'),
(118,'181351'),
(115,'181371'),
(105,'181396'),
(104,'181399'),
(104,'181403'),
(105,'181451'),
(100,'181464'),
(99,'181486'),
(106,'181493'),
(113,'181501'),
(115,'181504'),
(103,'181552'),
(112,'181556'),
(117,'181557'),
(111,'181580'),
(118,'181587'),
(108,'181602'),
(117,'181610'),
(114,'181620'),
(105,'181667'),
(112,'181693'),
(108,'181706'),
(116,'181714'),
(100,'181745'),
(98,'181796'),
(118,'181798'),
(115,'181806'),
(104,'181819'),
(97,'181830'),
(98,'181859'),
(112,'181869'),
(106,'181895'),
(109,'181910'),
(113,'181914'),
(102,'181933'),
(104,'181941'),
(112,'181948'),
(113,'181959'),
(109,'181964'),
(103,'182030'),
(118,'182038'),
(98,'182044'),
(118,'182078'),
(104,'182086'),
(110,'182117'),
(116,'182132'),
(115,'182133'),
(100,'182153'),
(104,'182156'),
(110,'182166'),
(109,'182185'),
(111,'182211'),
(97,'182250'),
(112,'182265'),
(101,'182276'),
(103,'182296'),
(99,'182327'),
(119,'182351'),
(103,'182354'),
(119,'182355'),
(101,'182382'),
(99,'182386'),
(115,'182395'),
(112,'182426'),
(110,'182432'),
(115,'182458'),
(111,'182479'),
(102,'182486'),
(108,'182487'),
(107,'182526'),
(105,'182531'),
(102,'182545'),
(103,'182591'),
(116,'182626'),
(101,'182637'),
(102,'182660'),
(115,'182676'),
(109,'182696'),
(119,'182708'),
(112,'182728'),
(109,'182758'),
(115,'182774'),
(102,'182804'),
(101,'182823'),
(111,'182838'),
(98,'182875'),
(99,'182895'),
(116,'182958'),
(118,'182979'),
(119,'182984'),
(101,'182991'),
(118,'183005'),
(98,'183036'),
(102,'183072'),
(100,'183081'),
(99,'183089'),
(108,'183105'),
(118,'183111'),
(99,'183116'),
(115,'183130'),
(106,'183178'),
(106,'183191'),
(113,'183206'),
(119,'183219'),
(101,'183225'),
(100,'183266'),
(115,'183283'),
(113,'183302'),
(108,'183320'),
(117,'183361'),
(103,'183388'),
(116,'183423'),
(104,'183453'),
(97,'183522'),
(105,'183538'),
(109,'183545'),
(106,'183548'),
(113,'183569'),
(115,'183582'),
(110,'183607'),
(105,'183625'),
(98,'183645'),
(113,'183681'),
(97,'183715'),
(100,'183720'),
(104,'183740'),
(113,'183785'),
(112,'183807'),
(100,'183810'),
(119,'183819'),
(111,'183834'),
(100,'183848'),
(112,'183859'),
(104,'183903'),
(99,'183934'),
(107,'183947'),
(101,'183959'),
(104,'183978'),
(105,'183998'),
(99,'184050'),
(111,'184057'),
(104,'184061'),
(119,'184096'),
(108,'184125'),
(97,'184141'),
(105,'184151'),
(101,'184228'),
(105,'184243'),
(110,'184253'),
(107,'184274'),
(109,'184294'),
(115,'184316'),
(100,'184333'),
(99,'184335'),
(118,'184368'),
(112,'184409'),
(118,'184421'),
(118,'184465'),
(114,'184470'),
(107,'184475'),
(117,'184497'),
(105,'184542'),
(110,'184549'),
(108,'184579'),
(103,'184595'),
(103,'184613'),
(119,'184642'),
(115,'184661'),
(107,'184682'),
(113,'184696'),
(116,'184714'),
(117,'184725'),
(105,'184735'),
(105,'184745'),
(107,'184775'),
(97,'184812'),
(116,'184854'),
(108,'184890'),
(106,'184936'),
(113,'184949'),
(98,'184997'),
(115,'184999'),
(115,'185008'),
(100,'185010'),
(115,'185045'),
(118,'185072'),
(114,'185127'),
(117,'185162'),
(107,'185178'),
(97,'185199'),
(118,'185231'),
(118,'185244'),
(105,'185255'),
(114,'185314'),
(113,'185327'),
(104,'185389'),
(111,'185433'),
(106,'185446'),
(100,'185474'),
(109,'185478'),
(103,'185500'),
(115,'185522'),
(110,'185576'),
(105,'185587'),
(113,'185599'),
(102,'185602'),
(112,'185606'),
(116,'185623'),
(117,'185639'),
(102,'185641'),
(102,'185654'),
(118,'185657'),
(100,'185660'),
(116,'185670'),
(116,'185716'),
(113,'185723'),
(105,'185732'),
(101,'185745'),
(115,'185761'),
(105,'185773'),
(112,'185791'),
(103,'185826'),
(105,'185868'),
(118,'185881'),
(111,'185900'),
(109,'185912'),
(105,'185938'),
(114,'185998'),
(108,'186012'),
(103,'186020'),
(116,'186028'),
(101,'186054'),
(106,'186088'),
(115,'186132'),
(115,'186150'),
(100,'186168'),
(111,'186187'),
(107,'186207'),
(105,'186220'),
(98,'186228'),
(104,'186233'),
(105,'186237'),
(107,'186323'),
(105,'186358'),
(107,'186387'),
(119,'186447'),
(115,'186504'),
(111,'186530'),
(105,'186542'),
(118,'186579'),
(110,'186631'),
(97,'186637'),
(103,'186659'),
(101,'186673'),
(101,'186738'),
(108,'186745'),
(113,'186777'),
(107,'186831'),
(109,'186842'),
(111,'186849'),
(105,'186874'),
(116,'186879'),
(107,'186928'),
(115,'186950'),
(101,'186964'),
(119,'186976'),
(115,'186995'),
(98,'187007'),
(108,'187032'),
(105,'187060'),
(97,'187075'),
(101,'187100'),
(117,'187106'),
(98,'187139'),
(99,'187146'),
(114,'187163'),
(119,'187166'),
(114,'187220'),
(106,'187227'),
(109,'187273'),
(113,'187280'),
(105,'187291'),
(113,'187333'),
(112,'187352'),
(108,'187372'),
(113,'187375'),
(104,'187446'),
(102,'187465'),
(108,'187466'),
(103,'187471'),
(101,'187476'),
(104,'187504'),
(113,'187510'),
(105,'187538'),
(105,'187603'),
(105,'187608'),
(110,'187625'),
(100,'187686'),
(105,'187716'),
(103,'187731'),
(105,'187751'),
(119,'187803'),
(118,'187819'),
(108,'187824'),
(116,'187842'),
(113,'187853'),
(105,'187862'),
(111,'187880'),
(116,'187888'),
(100,'187898'),
(100,'187904'),
(99,'187954'),
(106,'187955'),
(105,'188007'),
(102,'188025'),
(103,'188045'),
(103,'188051'),
(108,'188057'),
(97,'188064'),
(115,'188084'),
(103,'188108'),
(106,'188111'),
(100,'188131'),
(116,'188150'),
(115,'188180'),
(118,'188219'),
(112,'188223'),
(113,'188242'),
(100,'188275'),
(105,'188295'),
(111,'188306'),
(111,'188346'),
(114,'188382'),
(113,'188388'),
(97,'188411'),
(98,'188428'),
(117,'188429'),
(97,'188478'),
(98,'188498'),
(100,'188507'),
(99,'188561'),
(110,'188590'),
(109,'188598'),
(102,'188609'),
(106,'188639'),
(102,'188670'),
(106,'188677'),
(115,'188707'),
(107,'188718'),
(97,'188733'),
(110,'188751'),
(110,'188754'),
(105,'188787'),
(103,'188816'),
(97,'188817'),
(116,'188829'),
(112,'188839'),
(102,'188854'),
(110,'188899'),
(108,'188935'),
(98,'188964'),
(107,'188967'),
(103,'188986'),
(101,'189005'),
(113,'189010'),
(113,'189033'),
(103,'189040'),
(114,'189075'),
(114,'189114'),
(108,'189126'),
(101,'189143'),
(119,'189147'),
(102,'189185'),
(104,'189205'),
(111,'189222'),
(105,'189229'),
(100,'189241'),
(99,'189286'),
(105,'189299'),
(103,'189308'),
(116,'189328'),
(97,'189344'),
(107,'189356'),
(114,'189375'),
(103,'189386'),
(111,'189402'),
(103,'189412'),
(112,'189428'),
(101,'189432'),
(110,'189442'),
(118,'189477'),
(113,'189489'),
(111,'189530'),
(115,'189548'),
(116,'189567'),
(108,'189582'),
(117,'189602'),
(116,'189628'),
(115,'189648'),
(119,'189686'),
(107,'189719'),
(116,'189733'),
(107,'189756'),
(102,'189781'),
(106,'189791'),
(113,'189800'),
(103,'189837'),
(98,'189852'),
(115,'189871'),
(111,'189920'),
(115,'189927'),
(111,'189947'),
(97,'189955'),
(108,'189960'),
(111,'189980'),
(97,'189997'),
(106,'190010'),
(100,'190025'),
(98,'190042'),
(98,'190065'),
(117,'190102'),
(102,'190119'),
(102,'190177'),
(104,'190203'),
(100,'190247'),
(97,'190270'),
(113,'190278'),
(99,'190294'),
(107,'190315'),
(101,'190319'),
(110,'190345'),
(119,'190391'),
(111,'190429'),
(109,'190455'),
(112,'190480'),
(97,'190482'),
(100,'190501'),
(117,'190509'),
(109,'190535'),
(103,'190566'),
(109,'190573'),
(118,'190589'),
(115,'190602'),
(109,'190640'),
(116,'190687'),
(108,'190689'),
(116,'190699'),
(100,'190709'),
(105,'190716'),
(104,'190733'),
(117,'190748'),
(103,'190755'),
(99,'190775'),
(98,'190802'),
(102,'190814'),
(103,'190830'),
(100,'190833'),
(101,'190851'),
(102,'190869'),
(110,'190903'),
(117,'190915'),
(97,'190934'),
(116,'190944'),
(101,'190964'),
(115,'190976'),
(105,'190991'),
(99,'191010'),
(113,'191023'),
(104,'191057'),
(113,'191061'),
(101,'191090'),
(106,'191100'),
(107,'191139'),
(110,'191173'),
(119,'191210'),
(110,'191221'),
(107,'191250'),
(104,'191282'),
(101,'191300'),
(100,'191323'),
(109,'191336'),
(108,'191354'),
(116,'191370'),
(113,'191394'),
(113,'191437'),
(102,'191459'),
(102,'191474'),
(117,'191492'),
(102,'191496'),
(117,'191533'),
(110,'191551'),
(112,'191559'),
(105,'191579'),
(102,'191624'),
(114,'191660'),
(114,'191674'),
(113,'191685'),
(119,'191697'),
(115,'191716'),
(116,'191720'),
(103,'191752'),
(114,'191753'),
(118,'191790'),
(118,'191795'),
(114,'191823'),
(104,'191832'),
(100,'191844'),
(117,'191851'),
(105,'191854'),
(110,'191874'),
(106,'191891'),
(114,'191936'),
(105,'191962'),
(102,'191973'),
(110,'191993'),
(102,'191995'),
(100,'192025'),
(99,'192027'),
(98,'192035'),
(114,'192052'),
(98,'192075'),
(109,'192080'),
(113,'192087'),
(103,'192101'),
(100,'192132'),
(99,'192153'),
(102,'192181'),
(113,'192188'),
(101,'192206'),
(99,'192225'),
(113,'192236'),
(116,'192270'),
(118,'192286'),
(112,'192294'),
(105,'192299'),
(109,'192321'),
(115,'192331'),
(99,'192342'),
(97,'192396'),
(106,'192413'),
(112,'192434'),
(109,'192451'),
(104,'192469'),
(110,'192489'),
(100,'192504'),
(98,'192522'),
(102,'192549'),
(100,'192591'),
(113,'192615'),
(116,'192635'),
(100,'192669'),
(107,'192693'),
(103,'192700'),
(97,'192705'),
(109,'192713'),
(103,'192714'),
(117,'192743'),
(108,'192770'),
(113,'192787'),
(102,'192799'),
(103,'192806'),
(114,'192809'),
(115,'192837'),
(109,'192884'),
(117,'192912'),
(117,'192931'),
(110,'192939'),
(97,'192980'),
(109,'193004'),
(102,'193048'),
(118,'193049'),
(111,'193069'),
(104,'193087'),
(117,'193106'),
(104,'193118'),
(100,'193143'),
(107,'193179'),
(115,'193186'),
(104,'193242'),
(116,'193297'),
(116,'193322'),
(102,'193361'),
(104,'193423'),
(111,'193429'),
(108,'193450'),
(117,'193478'),
(111,'193489'),
(109,'193515'),
(108,'193532'),
(117,'193573'),
(102,'193606'),
(115,'193612'),
(119,'193618'),
(119,'193630'),
(114,'193643'),
(108,'193663'),
(109,'193683'),
(117,'193699'),
(108,'193714'),
(119,'193728'),
(102,'193735'),
(115,'193744'),
(105,'193786'),
(99,'193794'),
(100,'193805'),
(97,'193824'),
(101,'193826'),
(110,'193846'),
(97,'193858'),
(99,'193891'),
(114,'193903'),
(114,'193921'),
(105,'193946'),
(100,'193981'),
(99,'193991'),
(112,'193996'),
(116,'194010'),
(118,'194020'),
(103,'194048'),
(118,'194065'),
(119,'194086'),
(103,'194101'),
(112,'194152'),
(106,'194186'),
(112,'194221'),
(97,'194228'),
(101,'194243'),
(99,'194249'),
(104,'194267'),
(107,'194281'),
(113,'194282'),
(111,'194309'),
(114,'194316'),
(112,'194344'),
(97,'194366'),
(115,'194390'),
(100,'194397'),
(107,'194417'),
(119,'194444'),
(115,'194449'),
(113,'194470'),
(114,'194474'),
(115,'194505'),
(105,'194522'),
(97,'194548'),
(98,'194602'),
(115,'194605'),
(115,'194606'),
(108,'194624'),
(105,'194625'),
(99,'194662'),
(109,'194678'),
(102,'194714'),
(117,'194751'),
(104,'194771'),
(117,'194794'),
(103,'194817'),
(99,'194847'),
(114,'194865'),
(100,'194871'),
(115,'194890'),
(103,'194933'),
(104,'194947'),
(101,'194962'),
(104,'195023'),
(110,'195074'),
(99,'195091'),
(108,'195097'),
(113,'195122'),
(112,'195131'),
(114,'195150'),
(111,'195180'),
(115,'195220'),
(98,'195255'),
(97,'195297'),
(100,'195316'),
(105,'195333'),
(111,'195346'),
(103,'195375'),
(101,'195408'),
(102,'195427'),
(104,'195513'),
(110,'195520'),
(104,'195567'),
(107,'195573'),
(110,'195615'),
(98,'195625'),
(118,'195659'),
(104,'195665'),
(117,'195698'),
(112,'195718'),
(107,'195724'),
(109,'195742'),
(113,'195768'),
(97,'195809'),
(115,'195840'),
(97,'195841'),
(97,'195855'),
(109,'195869'),
(104,'195872'),
(117,'195895'),
(105,'195906'),
(100,'195921'),
(119,'195950'),
(113,'195983'),
(111,'196016'),
(117,'196020'),
(117,'196030'),
(99,'196055'),
(119,'196093'),
(106,'196101'),
(100,'196127'),
(113,'196182'),
(114,'196213'),
(115,'196218'),
(114,'196224'),
(107,'196236'),
(113,'196253'),
(119,'196270'),
(118,'196277'),
(98,'196289'),
(97,'196300'),
(111,'196311'),
(114,'196332'),
(115,'196368'),
(119,'196381'),
(115,'196391'),
(99,'196420'),
(97,'196429'),
(101,'196484'),
(116,'196497'),
(107,'196533'),
(101,'196593'),
(114,'196609'),
(113,'196616'),
(98,'196662'),
(100,'196667'),
(119,'196674'),
(112,'196719'),
(114,'196733'),
(104,'196757'),
(98,'196777'),
(113,'196802'),
(113,'196806'),
(118,'196826'),
(106,'196880'),
(115,'196894'),
(105,'196949'),
(100,'196969'),
(104,'196995'),
(118,'197008'),
(115,'197012'),
(102,'197032'),
(100,'197039'),
(105,'197050'),
(119,'197077'),
(102,'197097'),
(108,'197134'),
(116,'197154'),
(117,'197210'),
(104,'197272'),
(105,'197277'),
(113,'197284'),
(118,'197308'),
(112,'197319'),
(116,'197324'),
(111,'197341'),
(99,'197378'),
(111,'197390'),
(110,'197410'),
(116,'197456'),
(106,'197493'),
(106,'197510'),
(106,'197523'),
(98,'197526'),
(106,'197550'),
(97,'197560'),
(117,'197630'),
(109,'197656'),
(105,'197665'),
(115,'197671'),
(111,'197691'),
(98,'197748'),
(102,'197793'),
(117,'197812'),
(108,'197820'),
(98,'197853'),
(114,'197855'),
(114,'197885'),
(101,'197891'),
(104,'197911'),
(101,'197912'),
(113,'197914'),
(114,'197919'),
(108,'197942'),
(98,'197961'),
(118,'198009'),
(114,'198046'),
(113,'198085'),
(109,'198096'),
(98,'198197'),
(115,'198274'),
(101,'198318'),
(111,'198331'),
(101,'198344'),
(118,'198353'),
(111,'198357'),
(103,'198370'),
(97,'198377'),
(108,'198422'),
(98,'198436'),
(116,'198446'),
(119,'198455'),
(109,'198496'),
(106,'198539'),
(97,'198557'),
(100,'198612'),
(106,'198649'),
(100,'198668'),
(98,'198686'),
(102,'198717'),
(112,'198730'),
(98,'198749'),
(113,'198822'),
(108,'198851'),
(101,'198867'),
(106,'198884'),
(101,'198889'),
(118,'198913'),
(105,'198916'),
(108,'198925'),
(109,'198927'),
(119,'198941'),
(98,'198945'),
(97,'198960'),
(113,'198980'),
(106,'198996'),
(108,'199015'),
(104,'199020'),
(111,'199056'),
(103,'199075'),
(102,'199086'),
(99,'199103'),
(116,'199125'),
(118,'199176'),
(114,'199218'),
(116,'199233'),
(99,'199255'),
(119,'199270'),
(114,'199278'),
(108,'199289'),
(98,'199304'),
(113,'199336'),
(109,'199367'),
(108,'199368'),
(102,'199374'),
(105,'199391'),
(118,'199402'),
(109,'199404'),
(116,'199423'),
(114,'199439'),
(110,'199474'),
(104,'199545'),
(103,'199546'),
(104,'199583'),
(114,'199602'),
(113,'199615'),
(103,'199632'),
(116,'199641'),
(100,'199650'),
(114,'199680'),
(97,'199688'),
(114,'199723'),
(113,'199757'),
(101,'199758'),
(103,'199773'),
(106,'199809'),
(100,'199894'),
(108,'199913'),
(109,'199922'),
(100,'199926'),
(112,'199946'),
(114,'199972'),
(108,'199995'),
(99,'200032'),
(107,'200042'),
(105,'200066'),
(104,'200070'),
(116,'200084'),
(114,'200115'),
(98,'200136'),
(115,'200145'),
(98,'200154'),
(113,'200180'),
(117,'200191'),
(101,'200228'),
(117,'200264'),
(115,'200268'),
(100,'200284'),
(103,'200305'),
(102,'200353'),
(107,'200373'),
(111,'200387'),
(108,'200430'),
(118,'200453'),
(108,'200462'),
(103,'200509'),
(108,'200524'),
(101,'200581'),
(115,'200642'),
(112,'200646'),
(106,'200669'),
(114,'200670'),
(116,'200676'),
(109,'200678'),
(115,'200724'),
(110,'200730'),
(115,'200748'),
(105,'200749'),
(103,'200823'),
(117,'200846'),
(115,'200847'),
(102,'200849'),
(106,'200855'),
(102,'200908'),
(118,'200937'),
(106,'200952'),
(113,'200982'),
(111,'200999'),
(110,'201060'),
(108,'201077'),
(101,'201083'),
(101,'201108'),
(101,'201122'),
(111,'201124'),
(103,'201138'),
(110,'201155'),
(119,'201186'),
(110,'201206'),
(112,'201231'),
(112,'201260'),
(103,'201268'),
(101,'201274'),
(107,'201292'),
(112,'201328'),
(105,'201412'),
(97,'201437'),
(101,'201443'),
(108,'201456'),
(119,'201489'),
(118,'201508'),
(104,'201528'),
(100,'201580'),
(100,'201593'),
(101,'201597'),
(113,'201614'),
(102,'201645'),
(99,'201649'),
(117,'201744'),
(108,'201763'),
(107,'201775'),
(98,'201780'),
(105,'201784'),
(110,'201818'),
(117,'201819'),
(112,'201837'),
(115,'201848'),
(106,'201850'),
(105,'201880'),
(109,'201892'),
(117,'201922'),
(101,'201953'),
(100,'201967'),
(115,'201973'),
(97,'201991'),
(111,'201999'),
(98,'202000'),
(111,'202014'),
(114,'202078'),
(107,'202079'),
(100,'202105'),
(107,'202107'),
(108,'202135'),
(107,'202181'),
(100,'202278'),
(110,'202289'),
(102,'202318'),
(112,'202346'),
(99,'202375'),
(98,'202401'),
(112,'202418'),
(103,'202427'),
(100,'202488'),
(119,'202514'),
(102,'202522'),
(101,'202529'),
(113,'202537'),
(103,'202542'),
(113,'202570'),
(104,'202578'),
(111,'202591'),
(110,'202594'),
(105,'202633'),
(111,'202664'),
(102,'202671'),
(116,'202745'),
(112,'202766'),
(99,'202793'),
(107,'202796'),
(118,'202840'),
(102,'202849'),
(100,'202928'),
(114,'202979'),
(108,'202993'),
(105,'203082'),
(99,'203100'),
(98,'203120'),
(100,'203139'),
(108,'203151'),
(113,'203156'),
(112,'203162'),
(112,'203177'),
(115,'203189'),
(107,'203192'),
(112,'203279'),
(114,'203297'),
(117,'203307'),
(111,'203332'),
(104,'203339'),
(103,'203350'),
(100,'203391'),
(117,'203418'),
(105,'203442'),
(108,'203468'),
(118,'203485'),
(111,'203504'),
(111,'203536'),
(102,'203546'),
(101,'203574'),
(118,'203637'),
(104,'203663'),
(106,'203680'),
(97,'203719'),
(108,'203744'),
(103,'203768'),
(113,'203782'),
(98,'203791'),
(110,'203811'),
(104,'203840'),
(104,'203862'),
(109,'203872'),
(119,'203904'),
(97,'203942'),
(97,'203961'),
(103,'203978'),
(103,'203988'),
(100,'204023'),
(101,'204036'),
(104,'204046'),
(119,'204074'),
(106,'204079'),
(104,'204086'),
(99,'204096'),
(105,'204107'),
(101,'204122'),
(119,'204151'),
(116,'204170'),
(106,'204199'),
(107,'204217'),
(113,'204260'),
(119,'204278'),
(109,'204290'),
(97,'204306'),
(111,'204314'),
(118,'204338'),
(109,'204349'),
(119,'204361'),
(103,'204464'),
(108,'204485'),
(116,'204501'),
(100,'204509'),
(113,'204546'),
(113,'204567'),
(109,'204576'),
(115,'204599'),
(114,'204617'),
(101,'204626'),
(118,'204629'),
(100,'204662'),
(118,'204670'),
(113,'204679'),
(107,'204693'),
(108,'204699'),
(98,'204716'),
(98,'204728'),
(108,'204740'),
(104,'204751'),
(105,'204754'),
(111,'204768'),
(118,'204802'),
(111,'204855'),
(110,'204869'),
(105,'204907'),
(97,'204910'),
(105,'204920'),
(110,'204931'),
(106,'204950'),
(105,'204977'),
(117,'204991'),
(116,'205029'),
(99,'205043'),
(118,'205069'),
(97,'205072'),
(108,'205080'),
(112,'205096'),
(97,'205104'),
(119,'205120'),
(107,'205125'),
(107,'205175'),
(115,'205216'),
(109,'205225'),
(105,'205241'),
(98,'205256'),
(118,'205296'),
(117,'205311'),
(109,'205331'),
(119,'205339'),
(110,'205348'),
(102,'205365'),
(105,'205373'),
(108,'205379'),
(111,'205398'),
(114,'205400'),
(102,'205424'),
(115,'205431'),
(107,'205442'),
(98,'205446'),
(109,'205448'),
(116,'205464'),
(110,'205505'),
(109,'205522'),
(118,'205573'),
(112,'205588'),
(106,'205598'),
(101,'205710'),
(101,'205754'),
(104,'205771'),
(103,'205790'),
(117,'205800'),
(119,'205820'),
(109,'205838'),
(117,'205853'),
(107,'205884'),
(104,'205897'),
(100,'205928'),
(108,'205932'),
(118,'205947'),
(115,'205961'),
(101,'205979'),
(110,'205999'),
(98,'206012'),
(98,'206040'),
(110,'206052'),
(116,'206095'),
(114,'206139'),
(112,'206213'),
(99,'206227'),
(101,'206245'),
(107,'206258'),
(112,'206270'),
(106,'206280'),
(101,'206300'),
(109,'206334'),
(115,'206347'),
(108,'206369'),
(109,'206391'),
(118,'206401'),
(116,'206402'),
(97,'206434'),
(110,'206454'),
(116,'206469'),
(117,'206524'),
(106,'206559'),
(114,'206587'),
(100,'206603'),
(118,'206605'),
(109,'206631'),
(110,'206644'),
(97,'206655'),
(107,'206664'),
(104,'206668'),
(105,'206690'),
(99,'206700'),
(107,'206711'),
(110,'206724'),
(99,'206758'),
(97,'206769'),
(98,'206786'),
(113,'206820'),
(107,'206836'),
(99,'206844'),
(118,'206855'),
(107,'206870'),
(117,'206882'),
(103,'206897'),
(103,'206900'),
(114,'206913'),
(101,'206935'),
(119,'206976'),
(118,'206993'),
(114,'207013'),
(109,'207043'),
(103,'207049'),
(106,'207062'),
(117,'207070'),
(107,'207082'),
(107,'207106'),
(118,'207113'),
(118,'207149'),
(114,'207166'),
(99,'207180'),
(102,'207207'),
(110,'207244'),
(119,'207320'),
(104,'207361'),
(98,'207376'),
(106,'207394'),
(104,'207414'),
(97,'207424'),
(113,'207464'),
(110,'207474'),
(106,'207482'),
(111,'207502'),
(107,'207515'),
(113,'207532'),
(104,'207534'),
(112,'207587'),
(99,'207605'),
(104,'207627'),
(109,'207652'),
(108,'207666'),
(111,'207761'),
(113,'207762'),
(112,'207766'),
(115,'207782'),
(106,'207796'),
(103,'207814'),
(107,'207827'),
(107,'207829'),
(111,'207857'),
(108,'207899'),
(118,'207925'),
(99,'207927'),
(110,'207968'),
(114,'207984'),
(109,'208017'),
(101,'208057'),
(102,'208064'),
(116,'208101'),
(106,'208121'),
(100,'208127'),
(112,'208132'),
(103,'208168'),
(115,'208179'),
(102,'208226'),
(106,'208242'),
(97,'208264'),
(118,'208282'),
(108,'208368'),
(117,'208386'),
(115,'208405'),
(116,'208442'),
(98,'208452'),
(97,'208497'),
(118,'208510'),
(113,'208518'),
(117,'208528'),
(102,'208535'),
(103,'208557'),
(111,'208560'),
(97,'208575'),
(110,'208611'),
(105,'208630'),
(108,'208637'),
(103,'208665'),
(103,'208775'),
(111,'208816'),
(109,'208837'),
(98,'208846'),
(116,'208877'),
(104,'208893'),
(99,'208896'),
(111,'208920'),
(103,'208945'),
(108,'208961'),
(108,'208984'),
(109,'209007'),
(107,'209008'),
(119,'209010'),
(104,'209023'),
(114,'209042'),
(104,'209051'),
(116,'209097'),
(118,'209103'),
(106,'209107'),
(119,'209117'),
(110,'209162'),
(109,'209178'),
(115,'209217'),
(115,'209242'),
(102,'209248'),
(97,'209256'),
(110,'209279'),
(97,'209316'),
(108,'209331'),
(99,'209362'),
(117,'209413'),
(116,'209417'),
(119,'209443'),
(110,'209460'),
(117,'209473'),
(115,'209489'),
(104,'209501'),
(119,'209523'),
(118,'209532'),
(110,'209566'),
(118,'209583'),
(119,'209588'),
(110,'209603'),
(114,'209613'),
(106,'209617'),
(100,'209660'),
(98,'209727'),
(101,'209746'),
(115,'209782'),
(105,'209790'),
(99,'209802'),
(109,'209818'),
(105,'209819'),
(97,'209851'),
(119,'209866'),
(97,'209898'),
(115,'209909'),
(102,'209910'),
(114,'209926'),
(117,'209940'),
(118,'209947'),
(111,'209966'),
(109,'209971'),
(98,'209988'),
(115,'210025'),
(99,'210036'),
(118,'210047'),
(114,'210089'),
(108,'210099'),
(113,'210103'),
(102,'210132'),
(98,'210161'),
(108,'210176'),
(108,'210183'),
(108,'210200'),
(108,'210209'),
(106,'210211'),
(103,'210229'),
(106,'210251'),
(116,'210297'),
(110,'210311'),
(101,'210330'),
(116,'210377'),
(108,'210452'),
(98,'210456'),
(103,'210476'),
(119,'210477'),
(104,'210492'),
(113,'210518'),
(108,'210545'),
(111,'210573'),
(109,'210592'),
(110,'210600'),
(106,'210646'),
(114,'210655'),
(113,'210670'),
(102,'210709'),
(99,'210712'),
(115,'210739'),
(113,'210751'),
(106,'210753'),
(101,'210770'),
(107,'210771'),
(103,'210776'),
(104,'210777'),
(114,'210794'),
(102,'210799'),
(107,'210822'),
(98,'210844'),
(106,'210858'),
(116,'210878'),
(98,'210882'),
(109,'210898'),
(112,'210933'),
(106,'210937'),
(112,'210981'),
(107,'211005'),
(101,'211040'),
(115,'211068'),
(106,'211082'),
(102,'211115'),
(117,'211141'),
(102,'211151'),
(103,'211236'),
(104,'211251'),
(98,'211271'),
(101,'211289'),
(109,'211333'),
(99,'211358'),
(98,'211374'),
(98,'211391'),
(117,'211399'),
(99,'211415'),
(99,'211424'),
(102,'211439'),
(101,'211464'),
(101,'211484'),
(103,'211491'),
(103,'211499'),
(104,'211563'),
(117,'211637'),
(105,'211641'),
(115,'211716'),
(118,'211757'),
(112,'211807'),
(101,'211812'),
(116,'211832'),
(101,'211861'),
(108,'211878'),
(116,'211889'),
(101,'211909'),
(115,'211915'),
(105,'211925'),
(99,'211969'),
(112,'211974'),
(113,'212038'),
(114,'212091'),
(106,'212114'),
(106,'212125'),
(98,'212163'),
(109,'212179'),
(109,'212207'),
(111,'212224'),
(116,'212242'),
(113,'212251'),
(113,'212287'),
(100,'212300'),
(115,'212316'),
(108,'212324'),
(97,'212327'),
(100,'212347'),
(99,'212356'),
(113,'212359'),
(99,'212370'),
(99,'212389'),
(100,'212411'),
(113,'212426'),
(101,'212442'),
(119,'212456'),
(107,'212472'),
(101,'212542'),
(105,'212551'),
(105,'212595'),
(105,'212603'),
(115,'212637'),
(109,'212667'),
(104,'212687'),
(104,'212697'),
(112,'212706'),
(99,'212709'),
(115,'212724'),
(117,'212744'),
(99,'212774'),
(112,'212818'),
(103,'212849'),
(108,'212856'),
(111,'212889'),
(97,'212905'),
(99,'212913'),
(98,'212941'),
(108,'212955'),
(101,'213009'),
(117,'213033'),
(102,'213053'),
(98,'213069'),
(118,'213087'),
(111,'213102'),
(112,'213135'),
(99,'213149'),
(100,'213157'),
(100,'213199'),
(107,'213208'),
(119,'213227'),
(115,'213243'),
(98,'213246'),
(97,'213271'),
(111,'213281'),
(115,'213331'),
(106,'213344'),
(118,'213363'),
(106,'213401'),
(97,'213407'),
(102,'213424'),
(118,'213439'),
(116,'213464'),
(117,'213472'),
(114,'213500'),
(102,'213535'),
(117,'213585'),
(111,'213602'),
(116,'213619'),
(110,'213650'),
(97,'213662'),
(110,'213663'),
(118,'213667'),
(101,'213685'),
(104,'213712'),
(100,'213731'),
(112,'213749'),
(109,'213763'),
(107,'213783'),
(110,'213801'),
(97,'213802'),
(97,'213814'),
(109,'213817'),
(99,'213821'),
(117,'213857'),
(104,'213873'),
(106,'213880'),
(103,'213883'),
(97,'213895'),
(103,'213907'),
(108,'213927'),
(115,'213932'),
(114,'213935'),
(109,'213955'),
(105,'214010'),
(104,'214066'),
(117,'214068'),
(110,'214084'),
(97,'214100'),
(110,'214102'),
(97,'214174'),
(115,'214204'),
(117,'214262'),
(115,'214277'),
(114,'214288'),
(98,'214302'),
(98,'214314'),
(103,'214316'),
(106,'214333'),
(105,'214364'),
(101,'214390'),
(97,'214419'),
(119,'214434'),
(113,'214473'),
(108,'214482'),
(105,'214493'),
(108,'214531'),
(119,'214542'),
(99,'214568'),
(109,'214573'),
(103,'214575'),
(98,'214590'),
(110,'214599'),
(105,'214639'),
(113,'214649'),
(108,'214665'),
(101,'214674'),
(104,'214681'),
(105,'214698'),
(111,'214699'),
(102,'214712'),
(110,'214719'),
(105,'214732'),
(101,'214747'),
(99,'214763'),
(110,'214782'),
(103,'214783'),
(111,'214804'),
(99,'214826'),
(101,'214849'),
(102,'214871'),
(107,'214875'),
(103,'214885'),
(104,'214901'),
(105,'214918'),
(98,'214926'),
(103,'214943'),
(119,'214981'),
(110,'214987'),
(118,'215024'),
(114,'215043'),
(103,'215074'),
(118,'215079'),
(114,'215104'),
(97,'215117'),
(117,'215138'),
(114,'215158'),
(111,'215172'),
(97,'215192'),
(112,'215196'),
(103,'215199'),
(103,'215252'),
(105,'215301'),
(113,'215305'),
(110,'215404'),
(102,'215421'),
(97,'215432'),
(107,'215460'),
(114,'215482'),
(117,'215487'),
(117,'215522'),
(98,'215546'),
(97,'215560'),
(102,'215572'),
(110,'215616'),
(117,'215618'),
(106,'215625'),
(117,'215647'),
(105,'215687'),
(115,'215709'),
(97,'215747'),
(115,'215762'),
(112,'215772'),
(108,'215780'),
(104,'215796'),
(108,'215808'),
(97,'215841'),
(116,'215848'),
(105,'215859'),
(110,'215867'),
(119,'215901'),
(114,'215925'),
(115,'215933'),
(119,'215941'),
(103,'215988'),
(114,'216007'),
(100,'216031'),
(115,'216036'),
(103,'216045'),
(113,'216062'),
(117,'216146'),
(109,'216213'),
(103,'216221'),
(102,'216257'),
(109,'216289'),
(117,'216318'),
(118,'216323'),
(117,'216332'),
(101,'216341'),
(106,'216358'),
(101,'216371'),
(103,'216385'),
(107,'216408'),
(111,'216414'),
(100,'216432'),
(111,'216449'),
(99,'216476'),
(101,'216522'),
(101,'216536'),
(97,'216556'),
(115,'216558'),
(115,'216576'),
(109,'216581'),
(110,'216598'),
(108,'216616'),
(106,'216631'),
(111,'216649'),
(101,'216652'),
(100,'216656'),
(105,'216673'),
(119,'216683'),
(106,'216732'),
(99,'216752'),
(111,'216772'),
(99,'216805'),
(110,'216829'),
(104,'216867'),
(112,'216886'),
(97,'216901'),
(103,'216938'),
(115,'216955'),
(116,'216981'),
(115,'217015'),
(115,'217034'),
(103,'217061'),
(103,'217091'),
(119,'217106'),
(101,'217110'),
(99,'217154'),
(108,'217185'),
(118,'217252'),
(98,'217304'),
(97,'217353'),
(118,'217370'),
(117,'217374'),
(101,'217404'),
(103,'217413'),
(116,'217453'),
(102,'217462'),
(115,'217502'),
(99,'217542'),
(100,'217568'),
(116,'217583'),
(114,'217591'),
(109,'217631'),
(111,'217663'),
(111,'217676'),
(117,'217689'),
(115,'217714'),
(115,'217728'),
(119,'217731'),
(115,'217768'),
(112,'217786'),
(109,'217791'),
(102,'217814'),
(103,'217828'),
(117,'217845'),
(103,'217854'),
(102,'217881'),
(100,'217903'),
(98,'217921'),
(100,'217924'),
(118,'217948'),
(114,'217986'),
(113,'218012'),
(117,'218028'),
(112,'218047'),
(97,'218069'),
(102,'218081'),
(107,'218115'),
(97,'218181'),
(102,'218191'),
(97,'218210'),
(109,'218236'),
(102,'218273'),
(99,'218297'),
(104,'218317'),
(103,'218327'),
(104,'218362'),
(110,'218373'),
(101,'218386'),
(112,'218410'),
(113,'218411'),
(107,'218453'),
(113,'218454'),
(116,'218463'),
(101,'218475'),
(118,'218494'),
(112,'218513'),
(100,'218529'),
(117,'218547'),
(102,'218548'),
(108,'218549'),
(100,'218566'),
(99,'218583'),
(103,'218591'),
(100,'218608'),
(109,'218656'),
(107,'218670'),
(99,'218691'),
(117,'218696'),
(114,'218727'),
(112,'218776'),
(107,'218804'),
(119,'218809'),
(105,'218819'),
(114,'218846'),
(104,'218873'),
(110,'218886'),
(114,'218911'),
(111,'218925'),
(115,'218975'),
(110,'218994'),
(109,'219011'),
(106,'219029'),
(114,'219042'),
(101,'219062'),
(106,'219082'),
(112,'219088'),
(114,'219115'),
(99,'219134'),
(118,'219156'),
(97,'219179'),
(105,'219193'),
(114,'219225'),
(105,'219233'),
(112,'219272'),
(111,'219290'),
(119,'219339'),
(111,'219344'),
(107,'219356'),
(107,'219365'),
(117,'219397'),
(116,'219402'),
(119,'219406'),
(98,'219426'),
(119,'219512'),
(116,'219547'),
(105,'219567'),
(105,'219584'),
(108,'219605'),
(104,'219614'),
(99,'219620'),
(119,'219638'),
(111,'219768'),
(109,'219788'),
(105,'219805'),
(114,'219806'),
(102,'219843'),
(118,'219856'),
(107,'219877'),
(117,'219914'),
(99,'219947'),
(113,'219950'),
(99,'219979'),
(118,'219999'),
(113,'220014'),
(111,'220031'),
(113,'220062'),
(100,'220066'),
(101,'220095'),
(101,'220101'),
(102,'220118'),
(103,'220121'),
(103,'220162'),
(99,'220171'),
(103,'220220'),
(105,'220240'),
(101,'220320'),
(108,'220349'),
(110,'220366'),
(116,'220380'),
(99,'220383'),
(117,'220402'),
(118,'220443'),
(108,'220484'),
(108,'220513'),
(98,'220533'),
(97,'220537'),
(100,'220550'),
(113,'220556'),
(113,'220557'),
(114,'220571'),
(110,'220596'),
(104,'220604'),
(100,'220611'),
(100,'220629'),
(99,'220636'),
(105,'220640'),
(113,'220658'),
(105,'220691'),
(114,'220708'),
(99,'220736'),
(97,'220740'),
(98,'220741'),
(108,'220753'),
(113,'220768'),
(98,'220787'),
(113,'220789'),
(110,'220813'),
(110,'220832'),
(119,'220845'),
(111,'220863'),
(118,'220899'),
(109,'220927'),
(114,'220932'),
(118,'220960'),
(114,'220981'),
(99,'220985'),
(119,'221047'),
(116,'221067'),
(98,'221116'),
(118,'221145'),
(101,'221166'),
(104,'221184'),
(98,'221196'),
(113,'221235'),
(104,'221275'),
(114,'221307'),
(106,'221326'),
(104,'221346'),
(106,'221357'),
(114,'221368'),
(113,'221383'),
(115,'221384'),
(118,'221474'),
(103,'221484'),
(99,'221518'),
(102,'221520'),
(101,'221577'),
(101,'221581'),
(100,'221582'),
(111,'221614'),
(119,'221629'),
(117,'221643'),
(116,'221687'),
(113,'221714'),
(99,'221720'),
(109,'221743'),
(117,'221758'),
(111,'221760'),
(106,'221845'),
(118,'221858'),
(109,'221891'),
(105,'221909'),
(117,'221918'),
(103,'221925'),
(108,'221938'),
(104,'221939'),
(108,'221978'),
(115,'222017'),
(115,'222040'),
(111,'222058'),
(102,'222076'),
(98,'222103'),
(117,'222133'),
(97,'222167'),
(116,'222194'),
(110,'222215'),
(99,'222224'),
(99,'222241'),
(110,'222248'),
(102,'222280'),
(103,'222330'),
(105,'222362'),
(110,'222392'),
(103,'222405'),
(106,'222420'),
(111,'222430'),
(104,'222468'),
(108,'222520'),
(109,'222557'),
(102,'222606'),
(115,'222619'),
(113,'222650'),
(100,'222658'),
(103,'222666'),
(106,'222684'),
(102,'222713'),
(117,'222740'),
(103,'222747'),
(116,'222767'),
(99,'222811'),
(119,'222843'),
(117,'222856'),
(110,'222872'),
(114,'222940'),
(98,'222988'),
(107,'222990'),
(102,'223011'),
(114,'223030'),
(106,'223033'),
(107,'223048'),
(97,'223056'),
(98,'223076'),
(118,'223086'),
(115,'223122'),
(114,'223123'),
(105,'223153'),
(105,'223167'),
(98,'223187'),
(101,'223242'),
(110,'223257'),
(116,'223276'),
(115,'223293'),
(101,'223309'),
(97,'223327'),
(108,'223355'),
(107,'223359'),
(113,'223376'),
(118,'223420'),
(110,'223428'),
(115,'223447'),
(114,'223480'),
(110,'223499'),
(104,'223506'),
(104,'223523'),
(111,'223544'),
(108,'223574'),
(101,'223611'),
(105,'223617'),
(114,'223637'),
(117,'223684'),
(114,'223711'),
(113,'223719'),
(115,'223791'),
(112,'223818'),
(117,'223861'),
(106,'223879'),
(98,'223880'),
(106,'223900'),
(118,'223920'),
(119,'223935'),
(108,'223987'),
(119,'224007'),
(103,'224017'),
(106,'224030'),
(105,'224034'),
(101,'224035'),
(108,'224090'),
(103,'224106'),
(108,'224122'),
(112,'224194'),
(99,'224218'),
(117,'224275'),
(108,'224322'),
(102,'224324'),
(105,'224339'),
(117,'224354'),
(100,'224380'),
(115,'224388'),
(119,'224399'),
(111,'224407'),
(110,'224425'),
(100,'224475'),
(105,'224492'),
(100,'224511'),
(104,'224526'),
(108,'224548'),
(116,'224568'),
(113,'224576'),
(101,'224578'),
(108,'224580'),
(105,'224618'),
(119,'224636'),
(112,'224646'),
(119,'224664'),
(110,'224697'),
(111,'224722'),
(99,'224747'),
(99,'224774'),
(102,'224804'),
(98,'224860'),
(114,'224886'),
(116,'224893'),
(114,'224924'),
(105,'224926'),
(106,'224943'),
(119,'224948'),
(102,'224951'),
(101,'224964'),
(114,'224984'),
(107,'224993'),
(97,'225004'),
(107,'225013'),
(109,'225054'),
(116,'225066'),
(104,'225084'),
(99,'225103'),
(111,'225128'),
(113,'225133'),
(105,'225167'),
(101,'225168'),
(102,'225183'),
(109,'225201'),
(111,'225227'),
(118,'225261'),
(113,'225272'),
(110,'225279'),
(100,'225306'),
(105,'225317'),
(117,'225332'),
(104,'225370'),
(111,'225399'),
(103,'225426'),
(103,'225438'),
(114,'225445'),
(106,'225469'),
(99,'225491'),
(98,'225498'),
(97,'225557'),
(117,'225568'),
(116,'225615'),
(99,'225630'),
(103,'225637'),
(119,'225638'),
(119,'225639'),
(106,'225645'),
(101,'225654'),
(110,'225683'),
(113,'225700'),
(98,'225730'),
(102,'225745'),
(111,'225767'),
(107,'225785'),
(106,'225790'),
(108,'225816'),
(119,'225827'),
(99,'225871'),
(107,'225883'),
(104,'225933'),
(97,'225939'),
(98,'225943'),
(113,'225973'),
(109,'225976'),
(102,'225994'),
(112,'226022'),
(113,'226044'),
(119,'226087'),
(108,'226090'),
(116,'226101'),
(112,'226144'),
(101,'226177'),
(114,'226213'),
(110,'226229'),
(112,'226248'),
(109,'226292'),
(113,'226306'),
(107,'226326'),
(115,'226336'),
(112,'226344'),
(106,'226378'),
(114,'226407'),
(103,'226421'),
(109,'226454'),
(115,'226485'),
(102,'226504'),
(103,'226513'),
(100,'226526'),
(98,'226551'),
(109,'226567'),
(113,'226581'),
(102,'226593'),
(104,'226642'),
(108,'226688'),
(102,'226715'),
(119,'226721'),
(110,'226733'),
(103,'226740'),
(98,'226747'),
(101,'226754'),
(119,'226759'),
(102,'226778'),
(102,'226802'),
(107,'226807'),
(100,'226816'),
(110,'226832'),
(119,'226838'),
(108,'226858'),
(111,'226875'),
(103,'226896'),
(112,'226909'),
(106,'226931'),
(119,'226950'),
(110,'226999'),
(102,'227027'),
(105,'227034'),
(107,'227054'),
(109,'227067'),
(117,'227077'),
(110,'227091'),
(109,'227111'),
(99,'227114'),
(98,'227186'),
(117,'227214'),
(108,'227221'),
(111,'227222'),
(117,'227258'),
(116,'227273'),
(115,'227274'),
(102,'227312'),
(97,'227317'),
(111,'227331'),
(117,'227339'),
(97,'227350'),
(108,'227373'),
(118,'227377'),
(103,'227388'),
(100,'227429'),
(113,'227507'),
(115,'227517'),
(108,'227526'),
(110,'227545'),
(99,'227549'),
(118,'227559'),
(114,'227569'),
(101,'227592'),
(99,'227599'),
(109,'227615'),
(119,'227671'),
(105,'227680'),
(100,'227697'),
(111,'227720'),
(109,'227725'),
(111,'227744'),
(109,'227759'),
(100,'227778'),
(114,'227797'),
(101,'227807'),
(115,'227857'),
(104,'227859'),
(116,'227891'),
(116,'227925'),
(101,'227942'),
(110,'227949'),
(108,'227994'),
(108,'228066'),
(99,'228083'),
(98,'228132'),
(116,'228154'),
(116,'228170'),
(103,'228185'),
(108,'228218'),
(119,'228237'),
(102,'228274'),
(102,'228316'),
(112,'228318'),
(110,'228362'),
(99,'228398'),
(107,'228462'),
(97,'228527'),
(100,'228541'),
(107,'228579'),
(119,'228584'),
(119,'228604'),
(116,'228633'),
(98,'228690'),
(117,'228732'),
(116,'228747'),
(101,'228771'),
(118,'228784'),
(104,'228799'),
(117,'228808'),
(103,'228828'),
(114,'228841'),
(108,'228853'),
(99,'228855'),
(103,'228862'),
(119,'228903'),
(97,'228933'),
(112,'228941'),
(115,'228947'),
(111,'228963'),
(119,'228970'),
(102,'229028'),
(106,'229048'),
(118,'229085'),
(107,'229096'),
(114,'229107'),
(102,'229147'),
(97,'229170'),
(114,'229173'),
(103,'229218'),
(111,'229221'),
(114,'229237'),
(99,'229262'),
(100,'229282'),
(101,'229308'),
(102,'229323'),
(106,'229335'),
(114,'229344'),
(100,'229345'),
(118,'229394'),
(113,'229411'),
(107,'229445'),
(110,'229464'),
(115,'229480'),
(115,'229501'),
(116,'229534'),
(100,'229557'),
(108,'229578'),
(100,'229579'),
(100,'229633'),
(109,'229638'),
(113,'229671'),
(105,'229740'),
(110,'229761'),
(114,'229786'),
(115,'229856'),
(101,'229867'),
(110,'229923'),
(114,'229961'),
(113,'229994'),
(117,'229998'),
(106,'230006'),
(100,'230017'),
(111,'230019'),
(104,'230025'),
(111,'230036'),
(116,'230063'),
(97,'230073'),
(108,'230102'),
(103,'230127'),
(105,'230138'),
(99,'230182'),
(119,'230195'),
(112,'230221'),
(116,'230270'),
(97,'230308'),
(109,'230328'),
(118,'230340'),
(111,'230348'),
(112,'230366'),
(100,'230429'),
(106,'230469'),
(99,'230489'),
(117,'230503'),
(109,'230557'),
(113,'230567'),
(109,'230585'),
(112,'230592'),
(108,'230619'),
(116,'230638'),
(113,'230646'),
(114,'230658'),
(109,'230676'),
(112,'230685'),
(119,'230694'),
(99,'230731'),
(106,'230748'),
(110,'230777'),
(97,'230795'),
(107,'230843'),
(108,'230893'),
(114,'230922'),
(110,'230932'),
(116,'230947'),
(114,'230967'),
(110,'230983'),
(98,'231013'),
(109,'231018'),
(118,'231033'),
(118,'231049'),
(104,'231057'),
(118,'231082'),
(107,'231093'),
(113,'231139'),
(118,'231166'),
(107,'231185'),
(109,'231202'),
(107,'231230'),
(108,'231246'),
(98,'231254'),
(106,'231273'),
(98,'231290'),
(115,'231294'),
(104,'231299'),
(107,'231335'),
(107,'231339'),
(109,'231357'),
(97,'231395'),
(100,'231414'),
(106,'231432'),
(102,'231451'),
(98,'231459'),
(114,'231478'),
(114,'231510'),
(108,'231533'),
(103,'231578'),
(108,'231593'),
(99,'231601'),
(111,'231617'),
(110,'231634'),
(115,'231638'),
(115,'231690'),
(111,'231713'),
(101,'231745'),
(112,'231748'),
(114,'231781'),
(109,'231802'),
(99,'231826'),
(112,'231837'),
(109,'231851'),
(101,'231966'),
(105,'231981'),
(100,'231989'),
(104,'232037'),
(101,'232056'),
(103,'232091'),
(102,'232201'),
(116,'232218'),
(110,'232232'),
(103,'232240'),
(117,'232268'),
(116,'232298'),
(99,'232322'),
(119,'232372'),
(103,'232387'),
(112,'232448'),
(119,'232483'),
(109,'232488'),
(109,'232511'),
(108,'232515'),
(98,'232523'),
(115,'232556'),
(107,'232579'),
(105,'232586'),
(111,'232599'),
(106,'232611'),
(117,'232631'),
(112,'232635'),
(113,'232652'),
(113,'232680'),
(102,'232694'),
(116,'232719'),
(116,'232720'),
(112,'232725'),
(105,'232745'),
(99,'232791'),
(112,'232803'),
(107,'232820'),
(98,'232827'),
(104,'232837'),
(103,'232863'),
(108,'232875'),
(101,'232894'),
(98,'232927'),
(100,'232955'),
(118,'232964'),
(113,'232983'),
(105,'232995'),
(115,'233024'),
(99,'233027'),
(99,'233034'),
(119,'233047'),
(116,'233054'),
(112,'233077'),
(102,'233121'),
(110,'233127'),
(107,'233129'),
(102,'233142'),
(116,'233160'),
(99,'233170'),
(100,'233171'),
(109,'233218'),
(108,'233222'),
(108,'233260'),
(108,'233261'),
(98,'233264'),
(103,'233288'),
(108,'233299'),
(115,'233312'),
(102,'233355'),
(111,'233376'),
(100,'233389'),
(98,'233400'),
(101,'233442'),
(107,'233446'),
(113,'233460'),
(99,'233491'),
(99,'233532'),
(115,'233547'),
(113,'233573'),
(104,'233599'),
(104,'233602'),
(102,'233637'),
(113,'233767'),
(107,'233810'),
(99,'233828'),
(99,'233838'),
(115,'233857'),
(115,'233868'),
(116,'233880'),
(117,'233894'),
(104,'233985'),
(101,'233996'),
(99,'234001'),
(103,'234016'),
(102,'234052'),
(99,'234088'),
(107,'234133'),
(114,'234137'),
(103,'234161'),
(97,'234163'),
(115,'234181'),
(103,'234191'),
(104,'234218'),
(101,'234235'),
(111,'234244'),
(109,'234300'),
(99,'234306'),
(101,'234354'),
(98,'234386'),
(111,'234389'),
(106,'234400'),
(105,'234403'),
(100,'234436'),
(112,'234442'),
(107,'234445'),
(102,'234452'),
(112,'234479'),
(119,'234528'),
(116,'234529'),
(119,'234538'),
(97,'234553'),
(98,'234564'),
(109,'234579'),
(107,'234596'),
(118,'234599'),
(101,'234634'),
(100,'234667'),
(113,'234679'),
(108,'234708'),
(116,'234722'),
(112,'234730'),
(97,'234756'),
(112,'234786'),
(113,'234796'),
(105,'234810'),
(110,'234837'),
(108,'234875'),
(111,'234912'),
(113,'234923'),
(114,'234971'),
(108,'234978'),
(97,'235034'),
(100,'235057'),
(107,'235109'),
(115,'235142'),
(102,'235147'),
(118,'235151'),
(107,'235164'),
(101,'235182'),
(112,'235238'),
(117,'235315'),
(118,'235353'),
(108,'235375'),
(98,'235378'),
(107,'235396'),
(102,'235425'),
(107,'235462'),
(99,'235477'),
(106,'235489'),
(100,'235505'),
(97,'235522'),
(102,'235536'),
(102,'235547'),
(113,'235564'),
(108,'235567'),
(105,'235574'),
(113,'235615'),
(108,'235616'),
(99,'235619'),
(105,'235656'),
(97,'235715'),
(108,'235727'),
(112,'235753'),
(100,'235794'),
(98,'235828'),
(115,'235940'),
(118,'235954'),
(102,'235971'),
(97,'235994'),
(103,'236018'),
(111,'236027'),
(108,'236062'),
(108,'236141'),
(100,'236153'),
(100,'236155'),
(117,'236167'),
(100,'236180'),
(112,'236191'),
(119,'236210'),
(111,'236226'),
(109,'236270'),
(97,'236287'),
(106,'236329'),
(118,'236340'),
(107,'236358'),
(106,'236410'),
(116,'236427'),
(110,'236476'),
(107,'236506'),
(100,'236538'),
(101,'236563'),
(110,'236584'),
(114,'236588'),
(109,'236613'),
(103,'236628'),
(106,'236691'),
(111,'236742'),
(102,'236760'),
(101,'236780'),
(97,'236784'),
(97,'236817'),
(119,'236862'),
(112,'236894'),
(104,'236916'),
(109,'236921'),
(98,'236935'),
(118,'236942'),
(112,'236961'),
(107,'236972'),
(105,'236977'),
(101,'236985'),
(113,'237019'),
(109,'237056'),
(99,'237075'),
(110,'237085'),
(108,'237094'),
(108,'237103'),
(102,'237108'),
(104,'237141'),
(105,'237203'),
(98,'237220'),
(100,'237221'),
(111,'237229'),
(98,'237236'),
(119,'237269'),
(97,'237278'),
(119,'237313'),
(115,'237319'),
(109,'237333'),
(104,'237338'),
(100,'237383'),
(106,'237401'),
(117,'237409'),
(108,'237426'),
(106,'237427'),
(118,'237460'),
(118,'237531'),
(110,'237549'),
(98,'237588'),
(104,'237589'),
(119,'237604'),
(106,'237620'),
(105,'237650'),
(98,'237651'),
(117,'237663'),
(102,'237698'),
(106,'237710'),
(113,'237720'),
(111,'237762'),
(108,'237794'),
(101,'237807'),
(102,'237820'),
(110,'237833'),
(114,'237838'),
(112,'237849'),
(98,'237884'),
(102,'237886'),
(106,'237909'),
(101,'237997'),
(104,'238026'),
(117,'238040'),
(103,'238104'),
(119,'238134'),
(118,'238149'),
(112,'238164'),
(103,'238200'),
(104,'238273'),
(101,'238288'),
(101,'238298'),
(110,'238369'),
(105,'238386'),
(102,'238414'),
(114,'238418'),
(113,'238454'),
(109,'238456'),
(103,'238471'),
(102,'238474'),
(108,'238490'),
(118,'238494'),
(99,'238506'),
(100,'238510'),
(116,'238549'),
(105,'238577'),
(112,'238612'),
(102,'238643'),
(112,'238663'),
(113,'238679'),
(97,'238704'),
(118,'238715'),
(111,'238722'),
(102,'238726'),
(97,'238729'),
(115,'238744'),
(98,'238784'),
(117,'238802'),
(107,'238806'),
(100,'238829'),
(114,'238873'),
(100,'238884'),
(108,'238900'),
(98,'238905'),
(115,'238909'),
(115,'238949'),
(97,'238991'),
(111,'239010'),
(114,'239131'),
(105,'239153'),
(99,'239168'),
(106,'239198'),
(104,'239199'),
(97,'239203'),
(113,'239239'),
(112,'239264'),
(114,'239268'),
(106,'239272'),
(115,'239277'),
(105,'239314'),
(99,'239335'),
(103,'239344'),
(104,'239392'),
(99,'239423'),
(105,'239435'),
(113,'239443'),
(97,'239447'),
(114,'239511'),
(117,'239515'),
(101,'239532'),
(97,'239542'),
(107,'239559'),
(107,'239565'),
(111,'239573'),
(104,'239645'),
(107,'239647'),
(109,'239665'),
(105,'239721'),
(101,'239786'),
(106,'239834'),
(110,'239858'),
(105,'239883'),
(98,'239902'),
(98,'239945'),
(119,'239950'),
(97,'239955'),
(99,'239993'),
(115,'240021'),
(106,'240026'),
(100,'240027'),
(117,'240032'),
(115,'240062'),
(98,'240071'),
(107,'240093'),
(111,'240120'),
(113,'240192'),
(101,'240203'),
(109,'240241'),
(104,'240242'),
(109,'240249'),
(103,'240287'),
(110,'240302'),
(108,'240324'),
(99,'240343'),
(117,'240413'),
(117,'240416'),
(115,'240426'),
(101,'240446'),
(109,'240461'),
(117,'240474'),
(118,'240483'),
(115,'240509'),
(106,'240547'),
(108,'240590'),
(113,'240623'),
(104,'240643'),
(102,'240668'),
(116,'240693'),
(100,'240729'),
(109,'240733'),
(100,'240766'),
(105,'240770'),
(116,'240774'),
(104,'240776'),
(118,'240789'),
(105,'240793'),
(100,'240858'),
(108,'240869'),
(111,'240873'),
(117,'240875'),
(98,'240883'),
(97,'240902'),
(104,'240913'),
(105,'240940'),
(115,'240944'),
(118,'240953'),
(108,'241023'),
(100,'241056'),
(110,'241060'),
(104,'241084'),
(111,'241096'),
(106,'241119'),
(109,'241139'),
(116,'241158'),
(113,'241174'),
(97,'241204'),
(114,'241217'),
(117,'241236'),
(110,'241262'),
(104,'241268'),
(98,'241283'),
(101,'241292'),
(111,'241359'),
(112,'241377'),
(115,'241380'),
(114,'241400'),
(98,'241403'),
(97,'241408'),
(106,'241429'),
(101,'241444'),
(118,'241463'),
(111,'241479'),
(101,'241491'),
(117,'241532'),
(118,'241540'),
(118,'241565'),
(101,'241606'),
(112,'241616'),
(110,'241620'),
(106,'241639'),
(118,'241648'),
(111,'241667'),
(115,'241694'),
(104,'241711'),
(119,'241728'),
(106,'241771'),
(103,'241777'),
(108,'241779'),
(104,'241791'),
(119,'241806'),
(103,'241876'),
(111,'241907'),
(100,'241933'),
(116,'241942'),
(115,'241955'),
(109,'241963'),
(100,'241982'),
(111,'242020'),
(105,'242039'),
(113,'242060'),
(117,'242098'),
(108,'242123'),
(115,'242139'),
(108,'242180'),
(111,'242206'),
(109,'242233'),
(118,'242234'),
(103,'242254'),
(110,'242261'),
(102,'242288'),
(119,'242297'),
(109,'242303'),
(118,'242350'),
(97,'242389'),
(98,'242398'),
(100,'242424'),
(110,'242428'),
(105,'242433'),
(109,'242435'),
(117,'242443'),
(116,'242477'),
(98,'242495'),
(114,'242517'),
(97,'242524'),
(101,'242537'),
(113,'242550'),
(111,'242576'),
(115,'242622'),
(106,'242635'),
(119,'242649'),
(110,'242660'),
(107,'242675'),
(98,'242722'),
(109,'242738'),
(102,'242797'),
(118,'242810'),
(104,'242826'),
(114,'242865'),
(98,'242870'),
(106,'242885'),
(98,'242898'),
(97,'242912'),
(101,'242936'),
(110,'242940'),
(112,'242944'),
(110,'243017'),
(113,'243033'),
(97,'243049'),
(118,'243109'),
(98,'243188'),
(118,'243200'),
(115,'243229'),
(114,'243233'),
(110,'243239'),
(107,'243246'),
(117,'243248'),
(117,'243265'),
(99,'243275'),
(110,'243283'),
(99,'243303'),
(116,'243331'),
(111,'243395'),
(104,'243445'),
(106,'243452'),
(105,'243541'),
(97,'243632'),
(106,'243645'),
(117,'243661'),
(107,'243694'),
(98,'243709'),
(99,'243713'),
(111,'243733'),
(101,'243762'),
(116,'243786'),
(109,'243800'),
(111,'243811'),
(110,'243926'),
(105,'243938'),
(109,'243987'),
(113,'244007'),
(116,'244021'),
(107,'244050'),
(118,'244104'),
(118,'244146'),
(103,'244245'),
(110,'244261'),
(107,'244281'),
(105,'244338'),
(114,'244344'),
(116,'244356'),
(116,'244390'),
(115,'244405'),
(101,'244413'),
(115,'244436'),
(97,'244443'),
(106,'244460'),
(110,'244463'),
(117,'244466'),
(111,'244495'),
(104,'244516'),
(111,'244526'),
(111,'244575'),
(116,'244593'),
(103,'244600'),
(114,'244655'),
(112,'244672'),
(103,'244697'),
(97,'244707'),
(110,'244744'),
(114,'244767'),
(97,'244782'),
(109,'244834'),
(119,'244895'),
(97,'244937'),
(112,'244962'),
(105,'245018'),
(101,'245097'),
(100,'245113'),
(101,'245186'),
(113,'245206'),
(102,'245223'),
(111,'245239'),
(102,'245246'),
(101,'245260'),
(103,'245274'),
(117,'245277'),
(108,'245297'),
(108,'245313'),
(116,'245321'),
(119,'245342'),
(117,'245356'),
(108,'245370'),
(113,'245381'),
(106,'245402'),
(104,'245408'),
(102,'245434'),
(107,'245452'),
(101,'245500'),
(115,'245519'),
(116,'245527'),
(114,'245529'),
(99,'245542'),
(105,'245551'),
(102,'245572'),
(103,'245623'),
(111,'245645'),
(100,'245748'),
(103,'245773'),
(108,'245778'),
(114,'245800'),
(114,'245803'),
(116,'245818'),
(118,'245837'),
(108,'245840'),
(98,'245852'),
(113,'245856'),
(101,'245861'),
(110,'245865'),
(97,'245933'),
(104,'245955'),
(105,'245978'),
(115,'245988'),
(105,'246002'),
(112,'246019'),
(97,'246062'),
(101,'246102'),
(104,'246113'),
(112,'246115'),
(97,'246132'),
(102,'246147'),
(105,'246154'),
(102,'246158'),
(98,'246172'),
(111,'246188'),
(97,'246227'),
(100,'246255'),
(115,'246273'),
(108,'246292'),
(114,'246294'),
(107,'246295'),
(118,'246365'),
(97,'246383'),
(101,'246390'),
(99,'246393'),
(111,'246411'),
(99,'246469'),
(104,'246483'),
(111,'246496'),
(115,'246504'),
(118,'246512'),
(102,'246523'),
(103,'246528'),
(109,'246545'),
(112,'246557'),
(113,'246558'),
(114,'246564'),
(99,'246580'),
(111,'246586'),
(105,'246594'),
(98,'246610'),
(119,'246627'),
(119,'246664'),
(113,'246696'),
(105,'246742'),
(112,'246753'),
(104,'246760'),
(115,'246772'),
(117,'246781'),
(101,'246797'),
(112,'246807'),
(107,'246821'),
(102,'246829'),
(112,'246859'),
(101,'246868'),
(97,'246878'),
(115,'246892'),
(103,'246911'),
(103,'246923'),
(103,'246937'),
(102,'246964'),
(116,'246976'),
(116,'246995'),
(105,'247014'),
(101,'247032'),
(116,'247039'),
(110,'247055'),
(114,'247066'),
(119,'247125'),
(101,'247142'),
(104,'247181'),
(109,'247205'),
(105,'247269'),
(119,'247275'),
(100,'247293'),
(105,'247297'),
(111,'247314'),
(114,'247343'),
(98,'247361'),
(118,'247384'),
(99,'247420'),
(115,'247439'),
(103,'247450'),
(113,'247454'),
(108,'247474'),
(100,'247539'),
(105,'247573'),
(110,'247582'),
(106,'247584'),
(104,'247586'),
(107,'247599'),
(118,'247639'),
(110,'247692'),
(108,'247725'),
(119,'247729'),
(111,'247732'),
(104,'247741'),
(113,'247748'),
(97,'247761'),
(97,'247773'),
(116,'247786'),
(108,'247792'),
(112,'247800'),
(103,'247815'),
(118,'247838'),
(110,'247851'),
(107,'247868'),
(102,'247900'),
(111,'247926'),
(119,'247943'),
(105,'247954'),
(113,'247964'),
(113,'247969'),
(116,'248002'),
(105,'248053'),
(113,'248060'),
(117,'248077'),
(107,'248106'),
(113,'248108'),
(100,'248149'),
(102,'248183'),
(104,'248233'),
(98,'248236'),
(112,'248248'),
(112,'248309'),
(118,'248340'),
(104,'248349'),
(103,'248360'),
(106,'248365'),
(113,'248379'),
(99,'248411'),
(108,'248422'),
(113,'248437'),
(115,'248468'),
(102,'248509'),
(107,'248516'),
(113,'248522'),
(106,'248535'),
(106,'248550'),
(114,'248581'),
(110,'248595'),
(110,'248604'),
(118,'248606'),
(117,'248629'),
(106,'248655'),
(111,'248662'),
(97,'248687'),
(103,'248694'),
(102,'248722'),
(113,'248743'),
(112,'248758'),
(104,'248776'),
(116,'248832'),
(118,'248837'),
(114,'248840'),
(106,'248886'),
(115,'248891'),
(102,'248910'),
(111,'248929'),
(108,'248945'),
(110,'248957'),
(98,'248961'),
(99,'248974'),
(115,'248977'),
(104,'249055'),
(116,'249061'),
(105,'249075'),
(110,'249092'),
(113,'249096'),
(100,'249118'),
(114,'249122'),
(113,'249129'),
(119,'249145'),
(101,'249156'),
(111,'249163'),
(104,'249192'),
(109,'249221'),
(97,'249243'),
(114,'249246'),
(99,'249259'),
(102,'249328'),
(99,'249341'),
(111,'249356'),
(115,'249360'),
(116,'249410'),
(119,'249425'),
(119,'249434'),
(101,'249460'),
(101,'249479'),
(111,'249508'),
(113,'249528'),
(99,'249556'),
(102,'249583'),
(106,'249614'),
(115,'249650'),
(114,'249677'),
(112,'249695'),
(97,'249720'),
(105,'249726'),
(98,'249799'),
(99,'249827'),
(118,'249860'),
(112,'249891'),
(108,'249911'),
(117,'249937'),
(109,'249943'),
(103,'249973'),
(113,'250005'),
(114,'250014'),
(115,'250027'),
(104,'250041'),
(118,'250059'),
(106,'250061'),
(101,'250076'),
(103,'250128'),
(102,'250133'),
(116,'250157'),
(105,'250159'),
(115,'250192'),
(106,'250237'),
(100,'250238'),
(106,'250262'),
(118,'250268'),
(107,'250275'),
(119,'250281'),
(109,'250305'),
(116,'250330'),
(114,'250348'),
(103,'250370'),
(108,'250437'),
(101,'250455'),
(113,'250488'),
(113,'250513'),
(103,'250545'),
(100,'250577'),
(111,'250586'),
(106,'250606'),
(103,'250633'),
(114,'250638'),
(114,'250648'),
(105,'250687'),
(98,'250688'),
(98,'250727'),
(113,'250744'),
(106,'250763'),
(102,'250779'),
(116,'250781'),
(110,'250785'),
(100,'250817'),
(110,'250818'),
(112,'250842'),
(112,'250871'),
(99,'250891'),
(106,'250899'),
(115,'250900'),
(118,'250909'),
(108,'250922'),
(106,'250942'),
(110,'250984'),
(100,'250991'),
(110,'251003'),
(115,'251007'),
(100,'251012'),
(118,'251038'),
(117,'251064'),
(99,'251081'),
(109,'251097'),
(111,'251107'),
(107,'251108'),
(113,'251127'),
(104,'251168'),
(119,'251188'),
(119,'251210'),
(108,'251251'),
(111,'251272'),
(104,'251325'),
(105,'251343'),
(103,'251367'),
(102,'251386'),
(116,'251477'),
(105,'251488'),
(105,'251491'),
(114,'251495'),
(112,'251529'),
(97,'251560'),
(109,'251609'),
(118,'251648'),
(106,'251673'),
(108,'251681'),
(111,'251699'),
(112,'251724'),
(107,'251778'),
(105,'251849'),
(113,'251857'),
(104,'251875'),
(114,'251926'),
(117,'251940'),
(111,'251981'),
(103,'252013'),
(101,'252017'),
(113,'252032'),
(103,'252072'),
(117,'252085'),
(109,'252103'),
(111,'252130'),
(114,'252166'),
(98,'252175'),
(103,'252194'),
(113,'252200'),
(117,'252220'),
(102,'252237'),
(113,'252264'),
(107,'252286'),
(119,'252295'),
(102,'252316'),
(112,'252319'),
(117,'252336'),
(99,'252342'),
(117,'252358'),
(97,'252370'),
(107,'252395'),
(116,'252434'),
(97,'252468'),
(109,'252482'),
(113,'252496'),
(114,'252518'),
(106,'252547'),
(112,'252566'),
(118,'252568'),
(115,'252586'),
(106,'252627'),
(98,'252658'),
(115,'252672'),
(109,'252674'),
(111,'252691'),
(106,'252705'),
(106,'252724'),
(103,'252799'),
(111,'252814'),
(111,'252830'),
(109,'252846'),
(115,'252848'),
(109,'252856'),
(106,'252918'),
(109,'252990'),
(102,'253003'),
(117,'253018'),
(103,'253044'),
(113,'253063'),
(118,'253079'),
(98,'253095'),
(109,'253099'),
(112,'253150'),
(98,'253168'),
(114,'253203'),
(99,'253206'),
(109,'253220'),
(118,'253236'),
(110,'253261'),
(101,'253274'),
(103,'253289'),
(110,'253359'),
(115,'253375'),
(97,'253407'),
(109,'253422'),
(102,'253439'),
(100,'253454'),
(101,'253462'),
(97,'253550'),
(98,'253578'),
(103,'253634'),
(115,'253671'),
(113,'253706'),
(109,'253719'),
(116,'253745'),
(106,'253789'),
(99,'253809'),
(110,'253855'),
(107,'253868'),
(106,'253878'),
(110,'253884'),
(114,'253953'),
(101,'253973'),
(113,'253990'),
(111,'254003'),
(97,'254013'),
(104,'254059'),
(113,'254060'),
(109,'254062'),
(119,'254089'),
(117,'254100'),
(113,'254119'),
(103,'254124'),
(97,'254129'),
(105,'254155'),
(107,'254166'),
(100,'254173'),
(103,'254176'),
(115,'254206'),
(105,'254254'),
(101,'254279'),
(107,'254286'),
(106,'254298'),
(113,'254319'),
(114,'254335'),
(112,'254338'),
(97,'254351'),
(119,'254355'),
(113,'254485'),
(116,'254494'),
(115,'254531'),
(111,'254534'),
(99,'254541'),
(101,'254545'),
(103,'254562'),
(118,'254608'),
(110,'254613'),
(107,'254632'),
(119,'254638'),
(118,'254639'),
(116,'254697'),
(100,'254701'),
(97,'254713'),
(103,'254732'),
(105,'254740'),
(115,'254784'),
(103,'254819'),
(110,'254839'),
(104,'254852'),
(116,'254889'),
(112,'254906'),
(98,'254931'),
(119,'254933'),
(109,'254949'),
(106,'254979'),
(107,'255016'),
(118,'255028'),
(113,'255031'),
(101,'255053'),
(99,'255093'),
(110,'255107'),
(117,'255143'),
(119,'255155'),
(113,'255176'),
(115,'255194'),
(108,'255202'),
(111,'255219'),
(115,'255229'),
(97,'255259'),
(116,'255270'),
(104,'255333'),
(119,'255335'),
(114,'255388'),
(111,'255447'),
(107,'255463'),
(103,'255464'),
(101,'255476'),
(107,'255541'),
(100,'255567'),
(111,'255586'),
(105,'255604'),
(111,'255662'),
(103,'255672'),
(97,'255728'),
(101,'255746'),
(100,'255799'),
(114,'255815'),
(111,'255830'),
(110,'255845'),
(108,'255860'),
(112,'255881'),
(113,'255892'),
(106,'255908'),
(110,'255940'),
(98,'255959'),
(109,'255999'),
(103,'256033'),
(108,'256082'),
(118,'256092'),
(119,'256127'),
(113,'256129'),
(116,'256166'),
(119,'256176'),
(118,'256184'),
(117,'256196'),
(114,'256245'),
(108,'256262'),
(104,'256278'),
(97,'256298'),
(118,'256322'),
(107,'256350'),
(103,'256359'),
(103,'256406'),
(114,'256421'),
(112,'256435'),
(115,'256482'),
(119,'256509'),
(113,'256515'),
(98,'256550'),
(106,'256567'),
(110,'256577'),
(116,'256592'),
(98,'256619'),
(117,'256655'),
(97,'256687'),
(100,'256696'),
(102,'256700'),
(114,'256712'),
(114,'256713'),
(106,'256745'),
(103,'256748'),
(104,'256791'),
(115,'256808'),
(103,'256811'),
(116,'256821'),
(103,'256822'),
(101,'256845'),
(105,'256859'),
(117,'256869'),
(98,'256879'),
(103,'256919'),
(111,'256954'),
(116,'256995'),
(101,'257056'),
(103,'257088'),
(97,'257132'),
(119,'257149'),
(111,'257179'),
(98,'257194'),
(103,'257217'),
(102,'257240'),
(97,'257260'),
(102,'257275'),
(98,'257289'),
(110,'257307'),
(116,'257312'),
(117,'257324'),
(101,'257340'),
(108,'257346'),
(97,'257361'),
(100,'257370'),
(114,'257383'),
(103,'257402'),
(103,'257440'),
(117,'257491'),
(117,'257526'),
(105,'257536'),
(101,'257567'),
(105,'257577'),
(108,'257589'),
(114,'257602'),
(103,'257620'),
(105,'257647'),
(101,'257650'),
(103,'257658'),
(111,'257661'),
(104,'257680'),
(105,'257684'),
(119,'257698'),
(117,'257752'),
(102,'257780'),
(110,'257793'),
(101,'257797'),
(111,'257800'),
(108,'257808'),
(99,'257876'),
(109,'257900'),
(114,'257909'),
(101,'257917'),
(97,'257928'),
(112,'257954'),
(106,'257967'),
(103,'257968'),
(116,'257991'),
(97,'257998'),
(112,'258000'),
(99,'258058'),
(119,'258071'),
(103,'258101'),
(105,'258115'),
(107,'258142'),
(99,'258144'),
(109,'258160'),
(117,'258202'),
(111,'258218'),
(109,'258238'),
(117,'258271'),
(102,'258283'),
(100,'258301'),
(112,'258317'),
(113,'258343'),
(114,'258367'),
(111,'258374'),
(112,'258378'),
(119,'258494'),
(117,'258526'),
(113,'258529'),
(108,'258537'),
(108,'258548'),
(105,'258577'),
(98,'258590'),
(102,'258597'),
(114,'258609'),
(102,'258625'),
(104,'258632'),
(114,'258638'),
(108,'258654'),
(117,'258672'),
(116,'258730'),
(97,'258745'),
(107,'258748'),
(117,'258770'),
(106,'258814'),
(109,'258823'),
(117,'258831'),
(106,'258864'),
(100,'258886'),
(100,'258904'),
(103,'258906'),
(113,'258907'),
(114,'258912'),
(106,'258925'),
(107,'258932'),
(116,'258947'),
(111,'258979'),
(105,'258989'),
(118,'259016'),
(104,'259026'),
(97,'259043'),
(107,'259052'),
(99,'259056'),
(108,'259083'),
(108,'259107'),
(97,'259124'),
(115,'259153'),
(113,'259187'),
(97,'259209'),
(109,'259251'),
(99,'259291'),
(103,'259308'),
(102,'259312'),
(106,'259323'),
(98,'259334'),
(108,'259397'),
(100,'259433'),
(102,'259461'),
(98,'259471'),
(107,'259489'),
(98,'259496'),
(98,'259508'),
(119,'259518'),
(114,'259520'),
(119,'259548'),
(105,'259549'),
(101,'259576'),
(105,'259579'),
(99,'259585'),
(97,'259643'),
(104,'259644'),
(97,'259660'),
(117,'259665'),
(111,'259687'),
(112,'259700'),
(115,'259710'),
(113,'259713'),
(100,'259727'),
(107,'259746'),
(105,'259761'),
(111,'259772'),
(114,'259808'),
(106,'259818'),
(119,'259826'),
(102,'259895'),
(111,'259899'),
(101,'259909'),
(105,'259925'),
(115,'259935'),
(114,'259946'),
(106,'259952'),
(115,'259986'),
(119,'260019'),
(99,'260047'),
(104,'260057'),
(109,'260063'),
(97,'260077'),
(99,'260087'),
(118,'260153'),
(100,'260194'),
(112,'260196'),
(100,'260212'),
(104,'260235'),
(99,'260268'),
(106,'260272'),
(103,'260276'),
(99,'260321'),
(103,'260333'),
(107,'260390'),
(113,'260409'),
(107,'260429'),
(103,'260471'),
(118,'260487'),
(103,'260530'),
(115,'260604'),
(107,'260613'),
(103,'260655'),
(108,'260664'),
(103,'260675'),
(110,'260681'),
(115,'260730'),
(103,'260743'),
(118,'260761'),
(107,'260829'),
(108,'260869'),
(110,'260880'),
(112,'260902'),
(110,'260939'),
(98,'260958'),
(105,'260985'),
(105,'261021'),
(115,'261039'),
(104,'261044'),
(106,'261064'),
(100,'261081'),
(112,'261084'),
(119,'261093'),
(99,'261112'),
(106,'261165'),
(108,'261168'),
(98,'261184'),
(116,'261200'),
(117,'261206'),
(110,'261225'),
(100,'261236'),
(108,'261237'),
(103,'261247'),
(111,'261261'),
(109,'261272'),
(99,'261314'),
(98,'261316'),
(119,'261332'),
(107,'261336'),
(114,'261361'),
(118,'261380'),
(107,'261399'),
(104,'261413'),
(118,'261456'),
(111,'261504'),
(97,'261517'),
(109,'261520'),
(98,'261537'),
(109,'261549'),
(99,'261595'),
(107,'261612'),
(114,'261647'),
(102,'261678'),
(114,'261682'),
(97,'261696'),
(100,'261711'),
(101,'261726'),
(118,'261753'),
(112,'261758'),
(117,'261829'),
(100,'261867'),
(115,'261886'),
(107,'261888'),
(99,'261894'),
(112,'261920'),
(106,'261934'),
(100,'261954'),
(119,'261964'),
(115,'261981'),
(104,'261986'),
(115,'262036'),
(110,'262056'),
(108,'262057'),
(101,'262078'),
(107,'262098'),
(102,'262125'),
(112,'262181'),
(99,'262191'),
(112,'262215'),
(117,'262218'),
(111,'262241'),
(101,'262275'),
(112,'262302'),
(102,'262321'),
(101,'262334'),
(117,'262355'),
(107,'262358'),
(105,'262379'),
(104,'262393'),
(107,'262406'),
(106,'262441'),
(111,'262468'),
(97,'262481'),
(114,'262512'),
(116,'262521'),
(106,'262571'),
(104,'262590'),
(103,'262631'),
(119,'262649'),
(102,'262680'),
(102,'262697'),
(99,'262708'),
(111,'262787'),
(105,'262792'),
(114,'262850'),
(116,'262863'),
(116,'262949'),
(97,'262962'),
(104,'263020'),
(102,'263035'),
(108,'263040'),
(115,'263091'),
(104,'263122'),
(116,'263128'),
(102,'263141'),
(113,'263186'),
(110,'263210'),
(102,'263213'),
(100,'263230'),
(97,'263231'),
(101,'263256'),
(103,'263329'),
(110,'263389'),
(115,'263437'),
(100,'263441'),
(106,'263462'),
(102,'263485'),
(100,'263499'),
(110,'263513'),
(110,'263557'),
(106,'263599'),
(98,'263632'),
(119,'263656'),
(116,'263671'),
(106,'263676'),
(102,'263686'),
(104,'263711'),
(118,'263719'),
(109,'263744'),
(107,'263760'),
(105,'263770'),
(100,'263784'),
(111,'263803'),
(101,'263808'),
(115,'263823'),
(97,'263852'),
(110,'263923'),
(103,'264016'),
(103,'264034'),
(99,'264044'),
(114,'264057'),
(117,'264092'),
(112,'264111'),
(119,'264120'),
(105,'264140'),
(114,'264151'),
(113,'264161'),
(111,'264165'),
(107,'264197'),
(104,'264231'),
(108,'264246'),
(104,'264281'),
(109,'264301'),
(110,'264316'),
(115,'264329'),
(116,'264348'),
(113,'264388'),
(117,'264410'),
(108,'264412'),
(108,'264432'),
(111,'264433'),
(109,'264443'),
(117,'264463'),
(113,'264520'),
(114,'264533'),
(105,'264571'),
(116,'264590'),
(110,'264611'),
(115,'264620'),
(118,'264644'),
(106,'264645'),
(113,'264662'),
(106,'264699'),
(112,'264713'),
(104,'264714'),
(114,'264740'),
(112,'264743'),
(105,'264797'),
(107,'264834'),
(112,'264924'),
(102,'264945'),
(118,'264958'),
(97,'264966'),
(112,'264998'),
(104,'265049'),
(114,'265057'),
(105,'265075'),
(113,'265096'),
(116,'265159'),
(100,'265160'),
(110,'265171'),
(119,'265184'),
(115,'265234'),
(118,'265293'),
(100,'265323'),
(119,'265326'),
(113,'265347'),
(117,'265384'),
(117,'265404'),
(109,'265408'),
(108,'265453'),
(98,'265483'),
(99,'265514'),
(104,'265532'),
(98,'265536'),
(110,'265579'),
(115,'265582'),
(97,'265594'),
(116,'265608'),
(100,'265626'),
(115,'265637'),
(108,'265695'),
(114,'265715'),
(107,'265730'),
(99,'265745'),
(104,'265781'),
(102,'265798'),
(113,'265808'),
(105,'265819'),
(111,'265825'),
(119,'265840'),
(102,'265850'),
(108,'265869'),
(104,'265891'),
(118,'265899'),
(97,'265917'),
(108,'265954'),
(112,'265979'),
(103,'265989'),
(116,'265992'),
(106,'266015'),
(104,'266021'),
(117,'266025'),
(115,'266031'),
(106,'266062'),
(108,'266092'),
(98,'266104'),
(116,'266125'),
(118,'266196'),
(97,'266214'),
(105,'266233'),
(104,'266237'),
(101,'266269'),
(113,'266287'),
(117,'266310'),
(98,'266335'),
(105,'266345'),
(105,'266349'),
(119,'266366'),
(103,'266375'),
(102,'266392'),
(109,'266403'),
(118,'266421'),
(112,'266432'),
(113,'266445'),
(103,'266447'),
(103,'266466'),
(111,'266482'),
(114,'266489'),
(104,'266526'),
(113,'266547'),
(113,'266567'),
(109,'266581'),
(103,'266644'),
(109,'266700'),
(118,'266708'),
(105,'266710'),
(105,'266727'),
(118,'266739'),
(99,'266742'),
(104,'266748'),
(103,'266818'),
(119,'266837'),
(113,'266856'),
(113,'266876'),
(119,'266885'),
(114,'266916'),
(104,'266946'),
(99,'266951'),
(116,'267014'),
(117,'267031'),
(110,'267097'),
(114,'267098'),
(115,'267136'),
(116,'267138'),
(118,'267149'),
(101,'267151'),
(102,'267162'),
(110,'267182'),
(117,'267183'),
(117,'267203'),
(116,'267205'),
(117,'267208'),
(118,'267237'),
(97,'267263'),
(105,'267281'),
(100,'267303'),
(104,'267326'),
(107,'267347'),
(118,'267349'),
(113,'267366'),
(118,'267388'),
(101,'267434'),
(109,'267441'),
(107,'267467'),
(112,'267514'),
(110,'267523'),
(112,'267528'),
(100,'267551'),
(118,'267580'),
(108,'267589'),
(112,'267594'),
(100,'267613'),
(97,'267614'),
(113,'267627'),
(112,'267645'),
(115,'267681'),
(117,'267685'),
(103,'267745'),
(116,'267768'),
(98,'267803'),
(107,'267827'),
(119,'267831'),
(116,'267873'),
(118,'267891'),
(100,'267943'),
(110,'267948'),
(117,'267950'),
(110,'267966'),
(118,'267968'),
(115,'267987'),
(111,'268000'),
(115,'268013'),
(110,'268023'),
(108,'268035'),
(107,'268053'),
(118,'268067'),
(116,'268092'),
(99,'268096'),
(113,'268118'),
(119,'268127'),
(98,'268144'),
(100,'268180'),
(109,'268195'),
(117,'268206'),
(97,'268221'),
(117,'268232'),
(108,'268247'),
(104,'268259'),
(110,'268282'),
(118,'268291'),
(112,'268297'),
(111,'268327'),
(98,'268344'),
(108,'268379'),
(97,'268404'),
(111,'268406'),
(97,'268423'),
(101,'268446'),
(114,'268480'),
(112,'268485'),
(104,'268508'),
(107,'268554'),
(110,'268567'),
(108,'268586'),
(110,'268591'),
(107,'268608'),
(105,'268640'),
(102,'268665'),
(102,'268685'),
(117,'268719'),
(118,'268725'),
(97,'268733'),
(113,'268789'),
(100,'268819'),
(105,'268824'),
(99,'268834'),
(104,'268841'),
(114,'268863'),
(117,'268877'),
(100,'268905'),
(113,'268920'),
(107,'268923'),
(99,'268950'),
(108,'269000'),
(98,'269011'),
(116,'269036'),
(102,'269038'),
(102,'269050'),
(117,'269069'),
(97,'269133'),
(112,'269136'),
(99,'269139'),
(98,'269154'),
(118,'269178'),
(106,'269182'),
(100,'269210'),
(101,'269216'),
(106,'269234'),
(119,'269255'),
(118,'269275'),
(99,'269283'),
(116,'269302'),
(113,'269311'),
(107,'269325'),
(115,'269368'),
(115,'269369'),
(108,'269443'),
(111,'269476'),
(119,'269495'),
(111,'269520'),
(110,'269553'),
(117,'269589'),
(102,'269636'),
(114,'269689'),
(108,'269715'),
(110,'269725'),
(103,'269746'),
(119,'269809'),
(114,'269823'),
(108,'269839'),
(102,'269862'),
(100,'269883'),
(114,'269902'),
(116,'269905'),
(97,'269925'),
(105,'269928'),
(107,'269937'),
(111,'269955'),
(106,'269975'),
(97,'270038'),
(113,'270043'),
(99,'270059'),
(104,'270074'),
(97,'270093'),
(98,'270110'),
(105,'270142'),
(110,'270203'),
(114,'270229'),
(113,'270234'),
(119,'270246'),
(116,'270252'),
(101,'270282'),
(99,'270294'),
(117,'270333'),
(111,'270344'),
(107,'270381'),
(110,'270393'),
(111,'270394'),
(110,'270450'),
(98,'270477'),
(106,'270481'),
(115,'270503'),
(106,'270513'),
(101,'270518'),
(101,'270532'),
(112,'270543'),
(112,'270558'),
(107,'270577'),
(108,'270595'),
(97,'270628'),
(102,'270651'),
(107,'270707'),
(107,'270751'),
(99,'270761'),
(100,'270792'),
(101,'270834'),
(103,'270854'),
(101,'270858'),
(114,'270865'),
(115,'270870'),
(115,'270910'),
(111,'270978'),
(109,'270997'),
(112,'271058'),
(101,'271068'),
(102,'271106'),
(102,'271147'),
(106,'271167'),
(97,'271178'),
(115,'271190'),
(109,'271205'),
(113,'271222'),
(108,'271231'),
(112,'271272'),
(105,'271301'),
(112,'271307'),
(108,'271324'),
(107,'271336'),
(115,'271346'),
(119,'271386'),
(97,'271403'),
(97,'271432'),
(97,'271445'),
(106,'271470'),
(108,'271484'),
(118,'271503'),
(103,'271516'),
(97,'271523'),
(99,'271536'),
(112,'271562'),
(97,'271589'),
(118,'271607'),
(117,'271612'),
(97,'271641'),
(118,'271661'),
(97,'271690'),
(117,'271714'),
(104,'271724'),
(112,'271743'),
(103,'271744'),
(103,'271774'),
(111,'271788'),
(116,'271804'),
(105,'271819'),
(111,'271827'),
(105,'271842'),
(114,'271878'),
(116,'271891'),
(98,'271943'),
(118,'271949'),
(112,'271967'),
(111,'271983'),
(104,'272003'),
(111,'272031'),
(109,'272067'),
(100,'272068'),
(104,'272082'),
(100,'272106'),
(106,'272110'),
(115,'272125'),
(111,'272134'),
(108,'272179'),
(114,'272199'),
(110,'272240'),
(100,'272260'),
(98,'272367'),
(98,'272391'),
(112,'272408'),
(113,'272418'),
(100,'272432'),
(105,'272443'),
(107,'272448'),
(107,'272449'),
(117,'272483'),
(101,'272503'),
(105,'272508'),
(115,'272528'),
(99,'272544'),
(113,'272575'),
(99,'272580'),
(105,'272592'),
(119,'272618'),
(111,'272631'),
(114,'272668'),
(98,'272676'),
(116,'272697'),
(113,'272702'),
(110,'272740'),
(111,'272784'),
(97,'272819'),
(101,'272833'),
(100,'272846'),
(109,'272868'),
(106,'272873'),
(109,'272881'),
(106,'272902'),
(109,'272930'),
(119,'272946'),
(119,'272965'),
(101,'272982'),
(104,'273033'),
(117,'273051'),
(100,'273094'),
(101,'273127'),
(101,'273150'),
(102,'273159'),
(97,'273193'),
(107,'273220'),
(100,'273238'),
(113,'273302'),
(119,'273312'),
(110,'273321'),
(114,'273396'),
(99,'273402'),
(110,'273421'),
(104,'273430'),
(117,'273449'),
(107,'273453'),
(112,'273476'),
(102,'273479'),
(110,'273501'),
(117,'273513'),
(97,'273522'),
(111,'273554'),
(116,'273569'),
(118,'273589'),
(98,'273600'),
(103,'273634'),
(116,'273641'),
(112,'273653'),
(118,'273662'),
(100,'273682'),
(111,'273699'),
(99,'273707'),
(104,'273728'),
(116,'273783'),
(99,'273804'),
(104,'273807'),
(117,'273827'),
(117,'273862'),
(114,'273882'),
(102,'273887'),
(117,'273902'),
(109,'273976'),
(100,'274036'),
(118,'274057'),
(102,'274089'),
(99,'274105'),
(118,'274155'),
(114,'274172'),
(104,'274190'),
(113,'274236'),
(102,'274261'),
(97,'274267'),
(106,'274272'),
(101,'274275'),
(97,'274309'),
(112,'274321'),
(113,'274341'),
(107,'274343'),
(119,'274412'),
(111,'274414'),
(111,'274501'),
(108,'274506'),
(116,'274526'),
(105,'274532'),
(98,'274545'),
(106,'274589'),
(99,'274639'),
(105,'274657'),
(106,'274665'),
(116,'274681'),
(98,'274685'),
(108,'274721'),
(100,'274766'),
(110,'274775'),
(111,'274789'),
(117,'274824'),
(107,'274830'),
(117,'274850'),
(113,'274855'),
(108,'274895'),
(97,'274911'),
(101,'274925'),
(103,'274948'),
(110,'274975'),
(103,'274979'),
(99,'275016'),
(106,'275022'),
(110,'275053'),
(104,'275055'),
(98,'275066'),
(106,'275104'),
(105,'275123'),
(100,'275152'),
(108,'275156'),
(111,'275172'),
(111,'275184'),
(107,'275206'),
(113,'275223'),
(108,'275228'),
(116,'275237'),
(97,'275248'),
(103,'275292'),
(99,'275338'),
(114,'275355'),
(100,'275372'),
(113,'275378'),
(117,'275382'),
(108,'275390'),
(102,'275422'),
(105,'275466'),
(119,'275481'),
(103,'275500'),
(106,'275548'),
(116,'275556'),
(97,'275560'),
(114,'275600'),
(107,'275613'),
(107,'275647'),
(104,'275677'),
(106,'275681'),
(113,'275689'),
(103,'275701'),
(115,'275722'),
(97,'275743'),
(110,'275813'),
(98,'275841'),
(118,'275842'),
(97,'275860'),
(119,'275884'),
(116,'275897'),
(106,'275940'),
(98,'275957'),
(98,'276025'),
(108,'276055'),
(119,'276063'),
(117,'276134'),
(108,'276152'),
(107,'276202'),
(104,'276212'),
(101,'276236'),
(117,'276253'),
(116,'276289'),
(99,'276313'),
(100,'276336'),
(98,'276365'),
(113,'276375'),
(116,'276397'),
(116,'276412'),
(116,'276436'),
(106,'276444'),
(106,'276484'),
(98,'276496'),
(110,'276557'),
(109,'276569'),
(100,'276575'),
(111,'276601'),
(110,'276611'),
(119,'276660'),
(101,'276661'),
(99,'276733'),
(111,'276830'),
(99,'276847'),
(116,'276873'),
(116,'276900'),
(97,'276919'),
(110,'276984'),
(116,'277016'),
(116,'277040'),
(100,'277058'),
(109,'277061'),
(115,'277081'),
(115,'277082'),
(109,'277101'),
(119,'277120'),
(109,'277198'),
(97,'277230'),
(114,'277244'),
(103,'277246'),
(115,'277264'),
(118,'277265'),
(108,'277287'),
(103,'277307'),
(115,'277314'),
(115,'277328'),
(98,'277381'),
(119,'277413'),
(110,'277428'),
(113,'277443'),
(107,'277490'),
(113,'277509'),
(114,'277536'),
(113,'277553'),
(117,'277564'),
(110,'277591'),
(111,'277601'),
(117,'277602'),
(102,'277665'),
(111,'277672'),
(117,'277673'),
(109,'277772'),
(104,'277776'),
(117,'277790'),
(112,'277818'),
(110,'277832'),
(116,'277844'),
(103,'277850'),
(104,'277868'),
(119,'277884'),
(119,'277923'),
(112,'277932'),
(114,'277962'),
(105,'277970'),
(97,'278000'),
(98,'278019'),
(97,'278055'),
(110,'278079'),
(116,'278099'),
(113,'278100'),
(97,'278117'),
(116,'278138'),
(119,'278182'),
(102,'278240'),
(106,'278298'),
(116,'278342'),
(109,'278343'),
(99,'278389'),
(112,'278407'),
(118,'278450'),
(102,'278452'),
(99,'278500'),
(99,'278514'),
(111,'278542'),
(109,'278559'),
(99,'278569'),
(118,'278589'),
(110,'278599'),
(108,'278618'),
(97,'278627'),
(97,'278635'),
(97,'278656'),
(104,'278666'),
(114,'278683'),
(99,'278715'),
(102,'278718'),
(104,'278731'),
(108,'278738'),
(104,'278761'),
(99,'278767'),
(101,'278786'),
(107,'278792'),
(102,'278831'),
(109,'278843'),
(105,'278844'),
(98,'278923'),
(97,'278954'),
(119,'278963'),
(98,'279021'),
(109,'279028'),
(118,'279046'),
(97,'279051'),
(104,'279065'),
(111,'279108'),
(114,'279153'),
(98,'279172'),
(104,'279227'),
(106,'279259'),
(103,'279341'),
(103,'279351'),
(117,'279405'),
(107,'279432'),
(113,'279476'),
(117,'279489'),
(105,'279500'),
(105,'279537'),
(105,'279539'),
(106,'279545'),
(98,'279563'),
(97,'279583'),
(101,'279621'),
(107,'279629'),
(105,'279638'),
(110,'279719'),
(107,'279738'),
(118,'279748'),
(114,'279758'),
(111,'279777'),
(108,'279802'),
(110,'279876'),
(106,'279927'),
(106,'279939'),
(110,'279974'),
(117,'279978'),
(115,'280014'),
(112,'280018'),
(105,'280083'),
(118,'280092'),
(105,'280138'),
(97,'280171'),
(110,'280184'),
(100,'280193'),
(115,'280207'),
(100,'280218'),
(100,'280225'),
(117,'280230'),
(104,'280259'),
(102,'280262'),
(115,'280277'),
(116,'280285'),
(98,'280289'),
(104,'280303'),
(108,'280305'),
(102,'280368'),
(116,'280388'),
(103,'280457'),
(97,'280467'),
(99,'280484'),
(111,'280514'),
(106,'280525'),
(97,'280533'),
(98,'280549'),
(98,'280564'),
(97,'280594'),
(116,'280606'),
(108,'280644'),
(118,'280655'),
(118,'280659'),
(117,'280679'),
(118,'280682'),
(104,'280711'),
(115,'280756'),
(117,'280778'),
(118,'280796'),
(100,'280814'),
(99,'280866'),
(118,'280879'),
(99,'280882'),
(99,'280971'),
(106,'281024'),
(106,'281064'),
(97,'281072'),
(111,'281083'),
(106,'281095'),
(106,'281113'),
(116,'281136'),
(104,'281156'),
(114,'281181'),
(114,'281191'),
(117,'281220'),
(119,'281235'),
(107,'281270'),
(104,'281281'),
(113,'281285'),
(98,'281288'),
(111,'281295'),
(112,'281319'),
(104,'281332'),
(106,'281346'),
(99,'281366'),
(101,'281381'),
(110,'281390'),
(111,'281392'),
(103,'281436'),
(117,'281455'),
(104,'281467'),
(105,'281491'),
(104,'281506'),
(115,'281533'),
(112,'281544'),
(105,'281565'),
(97,'281591'),
(119,'281612'),
(110,'281696'),
(111,'281727'),
(112,'281760'),
(105,'281777'),
(110,'281779'),
(114,'281788'),
(97,'281803'),
(97,'281806'),
(118,'281811'),
(106,'281814'),
(112,'281826'),
(104,'281828'),
(118,'281833'),
(109,'281849'),
(97,'281851'),
(97,'281860'),
(99,'281875'),
(109,'281930'),
(108,'281944'),
(119,'281947'),
(99,'281958'),
(119,'282000'),
(114,'282026'),
(107,'282060'),
(115,'282108'),
(114,'282129'),
(117,'282156'),
(113,'282209'),
(103,'282268'),
(118,'282278'),
(113,'282292'),
(118,'282301'),
(113,'282313'),
(104,'282333'),
(106,'282353'),
(112,'282359'),
(117,'282361'),
(113,'282378'),
(117,'282391'),
(101,'282404'),
(110,'282450'),
(117,'282463'),
(110,'282569'),
(118,'282584'),
(104,'282607'),
(101,'282620'),
(110,'282630'),
(111,'282645'),
(119,'282688'),
(109,'282694'),
(110,'282696'),
(104,'282713'),
(106,'282745'),
(114,'282765'),
(100,'282782'),
(100,'282804'),
(108,'282850'),
(101,'282855'),
(117,'282900'),
(115,'282917'),
(114,'282936'),
(116,'282955'),
(102,'282966'),
(109,'282991'),
(106,'283006'),
(103,'283024'),
(108,'283036'),
(109,'283056'),
(106,'283074'),
(119,'283086'),
(115,'283103'),
(118,'283123'),
(115,'283175'),
(104,'283204'),
(97,'283218'),
(106,'283231'),
(106,'283260'),
(108,'283266'),
(104,'283287'),
(112,'283316'),
(98,'283365'),
(116,'283367'),
(104,'283385'),
(118,'283388'),
(114,'283416'),
(117,'283442'),
(106,'283457'),
(117,'283478'),
(118,'283498'),
(115,'283539'),
(107,'283559'),
(109,'283641'),
(114,'283682'),
(116,'283695'),
(113,'283717'),
(109,'283729'),
(117,'283754'),
(110,'283767'),
(117,'283770'),
(116,'283788'),
(108,'283809'),
(104,'283810'),
(112,'283826'),
(107,'283860'),
(104,'283887'),
(117,'283918'),
(112,'283920'),
(98,'283941'),
(109,'283961'),
(109,'283966'),
(108,'283985'),
(111,'283995'),
(99,'284033'),
(106,'284035'),
(98,'284037'),
(100,'284059'),
(109,'284089'),
(110,'284116'),
(106,'284123'),
(102,'284129'),
(108,'284146'),
(100,'284148'),
(110,'284163'),
(97,'284212'),
(118,'284214'),
(98,'284242'),
(112,'284265'),
(106,'284274'),
(107,'284288'),
(113,'284340'),
(108,'284360'),
(103,'284365'),
(100,'284387'),
(105,'284397'),
(117,'284405'),
(115,'284436'),
(103,'284445'),
(112,'284462'),
(101,'284470'),
(114,'284511'),
(100,'284513'),
(117,'284536'),
(99,'284545'),
(117,'284580'),
(112,'284589'),
(116,'284596'),
(106,'284631'),
(102,'284665'),
(117,'284679'),
(98,'284743'),
(101,'284760'),
(111,'284792'),
(109,'284806'),
(99,'284870'),
(105,'284896'),
(116,'284941'),
(106,'285027'),
(105,'285054'),
(98,'285073'),
(105,'285089'),
(116,'285096'),
(102,'285102'),
(107,'285119'),
(117,'285210'),
(114,'285290'),
(115,'285309'),
(117,'285348'),
(101,'285349'),
(107,'285380'),
(110,'285394'),
(97,'285404'),
(113,'285467'),
(111,'285476'),
(114,'285493'),
(112,'285522'),
(110,'285538'),
(113,'285558'),
(113,'285576'),
(103,'285625'),
(100,'285642'),
(115,'285679'),
(108,'285693'),
(114,'285710'),
(102,'285715'),
(105,'285745'),
(108,'285749'),
(104,'285799'),
(101,'285848'),
(113,'285850'),
(110,'285858'),
(109,'285874'),
(109,'285893'),
(104,'285922'),
(115,'285949'),
(117,'285950'),
(108,'285965'),
(97,'286020'),
(101,'286064'),
(118,'286078'),
(119,'286085'),
(118,'286091'),
(118,'286100'),
(117,'286108'),
(101,'286113'),
(114,'286133'),
(103,'286155'),
(100,'286175'),
(115,'286191'),
(110,'286210'),
(117,'286229'),
(119,'286262'),
(113,'286264'),
(103,'286293'),
(109,'286338'),
(118,'286339'),
(107,'286353'),
(110,'286360'),
(115,'286368'),
(103,'286415'),
(109,'286437'),
(100,'286446'),
(117,'286477'),
(111,'286494'),
(106,'286518'),
(113,'286533'),
(117,'286546'),
(109,'286563'),
(112,'286580'),
(113,'286598'),
(116,'286621'),
(112,'286625'),
(112,'286673'),
(103,'286684'),
(114,'286710'),
(116,'286740'),
(101,'286765'),
(119,'286817'),
(103,'286843'),
(110,'286867'),
(102,'286944'),
(112,'286953'),
(115,'286955'),
(105,'286965'),
(100,'286988'),
(113,'286996'),
(108,'287014'),
(101,'287015'),
(100,'287029'),
(108,'287033'),
(111,'287071'),
(103,'287086'),
(107,'287102'),
(118,'287117'),
(102,'287126'),
(99,'287127'),
(109,'287147'),
(109,'287176'),
(100,'287203'),
(119,'287249'),
(103,'287256'),
(117,'287265'),
(105,'287273'),
(114,'287287'),
(110,'287305'),
(103,'287314'),
(111,'287315'),
(105,'287331'),
(108,'287377'),
(102,'287394'),
(104,'287395'),
(112,'287421'),
(115,'287430'),
(106,'287434'),
(118,'287448'),
(105,'287483'),
(98,'287496'),
(106,'287498'),
(101,'287535'),
(116,'287546'),
(110,'287589'),
(101,'287621'),
(103,'287629'),
(110,'287661'),
(115,'287668'),
(108,'287709'),
(119,'287712'),
(119,'287746'),
(98,'287783'),
(106,'287790'),
(99,'287797'),
(105,'287817'),
(106,'287852'),
(118,'287853'),
(116,'287863'),
(103,'287878'),
(115,'287896'),
(112,'287898'),
(115,'287928'),
(109,'287954'),
(99,'287971'),
(117,'288011'),
(103,'288031'),
(113,'288050'),
(115,'288070'),
(103,'288081'),
(102,'288123'),
(97,'288142'),
(106,'288176'),
(118,'288214'),
(115,'288238'),
(98,'288258'),
(108,'288278'),
(117,'288290'),
(115,'288346'),
(110,'288358'),
(118,'288383'),
(101,'288431'),
(104,'288439'),
(98,'288445'),
(118,'288478'),
(99,'288492'),
(109,'288509'),
(108,'288564'),
(118,'288585'),
(97,'288609'),
(110,'288641'),
(104,'288674'),
(103,'288690'),
(112,'288706'),
(112,'288734'),
(108,'288767'),
(104,'288799'),
(104,'288815'),
(116,'288828'),
(112,'288837'),
(106,'288847'),
(98,'288848'),
(111,'288858'),
(115,'288861'),
(112,'288873'),
(105,'288891'),
(99,'288907'),
(108,'288908'),
(115,'288922'),
(98,'288942'),
(119,'288959'),
(118,'288977'),
(107,'288997'),
(108,'289033'),
(117,'289045'),
(111,'289061'),
(100,'289081'),
(114,'289083'),
(116,'289123'),
(105,'289129'),
(103,'289140'),
(117,'289154'),
(112,'289188'),
(97,'289196'),
(109,'289201'),
(111,'289217'),
(102,'289241'),
(108,'289247'),
(111,'289276'),
(103,'289301'),
(100,'289302'),
(113,'289308'),
(106,'289312'),
(111,'289411'),
(107,'289418'),
(107,'289434'),
(102,'289451'),
(119,'289453'),
(118,'289462'),
(110,'289474'),
(100,'289477'),
(114,'289496'),
(100,'289511'),
(101,'289519'),
(111,'289547'),
(119,'289560'),
(103,'289568'),
(105,'289571'),
(115,'289579'),
(98,'289599'),
(102,'289616'),
(104,'289622'),
(106,'289662'),
(101,'289697'),
(114,'289723'),
(98,'289740'),
(116,'289759'),
(97,'289788'),
(118,'289793'),
(118,'289829'),
(116,'289852'),
(111,'289867'),
(107,'289869'),
(99,'289887'),
(107,'289900'),
(115,'289915'),
(102,'289953'),
(118,'289995'),
(106,'290001'),
(107,'290019'),
(113,'290025'),
(108,'290036'),
(109,'290040'),
(106,'290049'),
(119,'290056'),
(103,'290076'),
(109,'290087'),
(107,'290099'),
(98,'290115'),
(110,'290130'),
(109,'290142'),
(108,'290151'),
(101,'290154'),
(111,'290161'),
(116,'290172'),
(101,'290216'),
(105,'290220'),
(110,'290234'),
(110,'290236'),
(99,'290250'),
(107,'290264'),
(108,'290296'),
(107,'290316'),
(106,'290337'),
(112,'290381'),
(105,'290391'),
(112,'290406'),
(113,'290441'),
(98,'290450'),
(111,'290477'),
(119,'290495'),
(107,'290507'),
(106,'290511'),
(115,'290519'),
(106,'290533'),
(113,'290561'),
(108,'290577'),
(102,'290590'),
(111,'290599'),
(97,'290622'),
(109,'290660'),
(101,'290661'),
(106,'290679'),
(99,'290730'),
(115,'290742'),
(119,'290745'),
(116,'290825'),
(116,'290839'),
(117,'290873'),
(110,'290922'),
(107,'290940'),
(102,'290951'),
(109,'290963'),
(100,'290990'),
(104,'291053'),
(117,'291083'),
(108,'291088'),
(104,'291169'),
(107,'291185'),
(114,'291236'),
(97,'291241'),
(115,'291259'),
(99,'291293'),
(107,'291295'),
(110,'291369'),
(100,'291370'),
(101,'291400'),
(117,'291423'),
(108,'291434'),
(115,'291462'),
(114,'291488'),
(119,'291522'),
(108,'291551'),
(103,'291558'),
(119,'291595'),
(108,'291608'),
(110,'291640'),
(97,'291650'),
(109,'291673'),
(108,'291691'),
(103,'291705'),
(97,'291720'),
(118,'291779'),
(109,'291796'),
(108,'291797'),
(99,'291813'),
(114,'291835'),
(97,'291859'),
(101,'291866'),
(101,'291885'),
(109,'291979'),
(100,'291999'),
(111,'292072'),
(119,'292088'),
(97,'292101'),
(97,'292117'),
(107,'292122'),
(104,'292151'),
(100,'292157'),
(114,'292206'),
(113,'292221'),
(115,'292247'),
(119,'292291'),
(114,'292298'),
(119,'292340'),
(105,'292380'),
(107,'292385'),
(112,'292409'),
(104,'292424'),
(106,'292435'),
(119,'292450'),
(99,'292470'),
(110,'292517'),
(101,'292544'),
(111,'292563'),
(99,'292569'),
(119,'292602'),
(113,'292614'),
(102,'292623'),
(118,'292626'),
(111,'292629'),
(116,'292639'),
(98,'292663'),
(108,'292674'),
(111,'292717'),
(98,'292783'),
(111,'292803'),
(102,'292820'),
(110,'292842'),
(99,'292858'),
(107,'292877'),
(107,'292888'),
(111,'292924'),
(116,'292927'),
(107,'292952'),
(110,'292976'),
(116,'292996'),
(100,'293006'),
(116,'293028'),
(102,'293047'),
(109,'293083'),
(108,'293108'),
(107,'293122'),
(100,'293129'),
(102,'293132'),
(117,'293136'),
(102,'293139'),
(119,'293155'),
(111,'293189'),
(117,'293199'),
(110,'293205'),
(113,'293228'),
(110,'293259'),
(107,'293262'),
(106,'293278'),
(110,'293280'),
(98,'293296'),
(114,'293307'),
(115,'293347'),
(100,'293367'),
(119,'293459'),
(119,'293478'),
(100,'293521'),
(117,'293539'),
(113,'293587'),
(114,'293618'),
(102,'293632'),
(101,'293649'),
(110,'293651'),
(99,'293661'),
(106,'293679'),
(110,'293681'),
(104,'293690'),
(111,'293720'),
(119,'293745'),
(105,'293747'),
(110,'293765'),
(100,'293801'),
(110,'293823'),
(110,'293856'),
(111,'293858'),
(97,'293866'),
(116,'293877'),
(102,'293895'),
(103,'293918'),
(102,'293922'),
(101,'293931'),
(117,'293933'),
(119,'293942'),
(106,'293955'),
(117,'293982'),
(115,'294015'),
(117,'294016'),
(106,'294027'),
(98,'294046'),
(116,'294084'),
(100,'294096'),
(99,'294106'),
(101,'294119'),
(98,'294177'),
(112,'294229'),
(115,'294285'),
(110,'294320'),
(97,'294332'),
(116,'294348'),
(99,'294388'),
(112,'294394'),
(116,'294463'),
(106,'294475'),
(105,'294492'),
(104,'294495'),
(116,'294501'),
(104,'294521'),
(97,'294529'),
(113,'294539'),
(119,'294555'),
(110,'294569'),
(119,'294584'),
(100,'294585'),
(118,'294596'),
(101,'294598'),
(111,'294610'),
(107,'294622'),
(119,'294623'),
(109,'294632'),
(101,'294683'),
(97,'294699'),
(107,'294716'),
(113,'294749'),
(100,'294760'),
(119,'294766'),
(97,'294794'),
(100,'294795'),
(99,'294823'),
(111,'294839'),
(101,'294849'),
(107,'294855'),
(113,'294872'),
(101,'294892'),
(113,'294900'),
(107,'294908'),
(105,'294924'),
(99,'294940'),
(103,'294968'),
(117,'294979'),
(119,'295028'),
(111,'295050'),
(117,'295054'),
(100,'295092'),
(113,'295119'),
(117,'295120'),
(115,'295142'),
(99,'295164'),
(112,'295183'),
(109,'295202'),
(108,'295207'),
(108,'295266'),
(109,'295310'),
(105,'295316'),
(107,'295330'),
(110,'295347'),
(112,'295356'),
(106,'295383'),
(115,'295394'),
(109,'295428'),
(118,'295433'),
(98,'295480'),
(101,'295491'),
(99,'295502'),
(105,'295521'),
(107,'295570'),
(99,'295582'),
(100,'295595'),
(106,'295648'),
(118,'295679'),
(108,'295686'),
(112,'295706'),
(109,'295707'),
(100,'295743'),
(100,'295775'),
(105,'295785'),
(98,'295832'),
(97,'295852'),
(118,'295876'),
(111,'295884'),
(113,'295911'),
(118,'295931'),
(98,'295963'),
(102,'295966'),
(119,'295975'),
(106,'295985'),
(119,'296013'),
(112,'296036'),
(105,'296057'),
(106,'296084'),
(101,'296104'),
(106,'296127'),
(100,'296135'),
(101,'296145'),
(110,'296159'),
(109,'296183'),
(118,'296218'),
(109,'296247'),
(100,'296275'),
(113,'296333'),
(101,'296365'),
(112,'296375'),
(117,'296380'),
(112,'296411'),
(108,'296426'),
(113,'296445'),
(116,'296465'),
(104,'296466'),
(116,'296478'),
(110,'296479'),
(107,'296503'),
(114,'296526'),
(116,'296535'),
(106,'296547'),
(105,'296564'),
(111,'296600'),
(104,'296653'),
(103,'296670'),
(112,'296711'),
(106,'296747'),
(97,'296813'),
(97,'296865'),
(98,'296895'),
(119,'296915'),
(115,'296933'),
(116,'296979'),
(97,'296980'),
(116,'297021'),
(103,'297052'),
(117,'297083'),
(111,'297115'),
(100,'297122'),
(108,'297140'),
(100,'297159'),
(97,'297191'),
(118,'297214'),
(115,'297219'),
(117,'297237'),
(117,'297259'),
(98,'297263'),
(106,'297340'),
(97,'297357'),
(102,'297368'),
(114,'297373'),
(114,'297388'),
(98,'297475'),
(101,'297506'),
(110,'297543'),
(100,'297552'),
(97,'297579'),
(107,'297596'),
(97,'297631'),
(105,'297662'),
(104,'297671'),
(116,'297673'),
(114,'297697'),
(111,'297712'),
(119,'297724'),
(107,'297734'),
(107,'297742'),
(111,'297780'),
(106,'297812'),
(117,'297831'),
(113,'297858'),
(114,'297866'),
(117,'297885'),
(105,'297886'),
(104,'297905'),
(101,'297921'),
(108,'297938'),
(117,'297955'),
(111,'297968'),
(119,'297998'),
(99,'298012'),
(107,'298029'),
(108,'298062'),
(117,'298081'),
(117,'298094'),
(104,'298119'),
(114,'298125'),
(101,'298160'),
(106,'298176'),
(106,'298205'),
(116,'298216'),
(113,'298231'),
(106,'298259'),
(107,'298330'),
(107,'298365'),
(101,'298373'),
(109,'298385'),
(112,'298445'),
(98,'298463'),
(108,'298477'),
(116,'298495'),
(99,'298520'),
(115,'298551'),
(103,'298593'),
(100,'298597'),
(119,'298639'),
(114,'298658'),
(116,'298695'),
(103,'298711'),
(97,'298730'),
(100,'298748'),
(107,'298753'),
(104,'298756'),
(114,'298786'),
(98,'298802'),
(102,'298830'),
(115,'298885'),
(108,'298901'),
(112,'298920'),
(102,'299003'),
(108,'299042'),
(102,'299061'),
(115,'299063'),
(103,'299081'),
(114,'299125'),
(113,'299181'),
(117,'299212'),
(101,'299217'),
(108,'299229'),
(111,'299239'),
(116,'299246'),
(99,'299266'),
(109,'299283'),
(111,'299286'),
(111,'299299'),
(119,'299300'),
(117,'299315'),
(108,'299329'),
(117,'299341'),
(108,'299347'),
(110,'299348'),
(109,'299384'),
(111,'299387'),
(109,'299388'),
(119,'299410'),
(109,'299421'),
(109,'299437'),
(105,'299471'),
(109,'299500'),
(106,'299515'),
(116,'299583'),
(116,'299603'),
(98,'299647'),
(119,'299692'),
(103,'299697'),
(112,'299721'),
(99,'299750'),
(114,'299764'),
(108,'299782'),
(104,'299803'),
(106,'299820'),
(102,'299844'),
(99,'299885'),
(117,'299904'),
(109,'299916'),
(119,'299926'),
(116,'299942'),
(104,'299958'),
(118,'299984'),
(100,'300052'),
(118,'300069'),
(101,'300079'),
(109,'300083'),
(115,'300093'),
(114,'300137'),
(104,'300153'),
(109,'300193'),
(113,'300233'),
(118,'300234'),
(118,'300246'),
(117,'300261'),
(101,'300305'),
(105,'300332'),
(97,'300350'),
(105,'300379'),
(115,'300410'),
(105,'300421'),
(99,'300467'),
(99,'300485'),
(109,'300525'),
(117,'300547'),
(119,'300562'),
(107,'300582'),
(98,'300615'),
(110,'300617'),
(99,'300631'),
(107,'300642'),
(115,'300652'),
(111,'300668'),
(109,'300682'),
(108,'300691'),
(99,'300712'),
(113,'300742'),
(115,'300754'),
(109,'300862'),
(112,'300890'),
(97,'300941'),
(109,'300968'),
(104,'301011'),
(107,'301021'),
(110,'301031'),
(117,'301042'),
(111,'301063'),
(116,'301099'),
(112,'301100'),
(116,'301136'),
(119,'301188'),
(108,'301192'),
(103,'301219'),
(106,'301288'),
(101,'301309'),
(109,'301318'),
(99,'301346'),
(105,'301366'),
(116,'301384'),
(102,'301389'),
(118,'301453'),
(117,'301455'),
(109,'301470'),
(107,'301483'),
(115,'301519'),
(105,'301536'),
(101,'301546'),
(102,'301566'),
(106,'301601'),
(111,'301637'),
(102,'301667'),
(97,'301673'),
(97,'301682'),
(107,'301696'),
(98,'301724'),
(111,'301739'),
(119,'301748'),
(118,'301750'),
(119,'301776'),
(109,'301787'),
(106,'301794'),
(106,'301813'),
(110,'301833'),
(116,'301837'),
(117,'301857'),
(109,'301874'),
(100,'301928'),
(104,'301938'),
(118,'301962'),
(107,'302003'),
(114,'302010'),
(111,'302025'),
(116,'302035'),
(106,'302067'),
(102,'302077'),
(115,'302098'),
(110,'302115'),
(115,'302122'),
(118,'302140'),
(106,'302167'),
(116,'302207'),
(100,'302232'),
(102,'302252'),
(104,'302293'),
(110,'302305'),
(102,'302315'),
(117,'302318'),
(109,'302383'),
(100,'302390'),
(105,'302410'),
(110,'302428'),
(102,'302442'),
(100,'302479'),
(116,'302489'),
(104,'302517'),
(115,'302534'),
(100,'302543'),
(106,'302547'),
(119,'302557'),
(106,'302575'),
(106,'302579'),
(119,'302596'),
(97,'302613'),
(119,'302617'),
(100,'302631'),
(113,'302638'),
(101,'302649'),
(104,'302664'),
(106,'302690'),
(104,'302717'),
(113,'302763'),
(116,'302777'),
(108,'302782'),
(97,'302796'),
(118,'302836'),
(110,'302849'),
(104,'302870'),
(119,'302901'),
(106,'302918'),
(103,'302922'),
(117,'302935'),
(101,'302945'),
(106,'302992'),
(111,'303004'),
(114,'303005'),
(103,'303010'),
(109,'303035'),
(104,'303092'),
(113,'303096'),
(102,'303103'),
(113,'303156'),
(102,'303170'),
(107,'303199'),
(103,'303239'),
(98,'303244'),
(104,'303266'),
(115,'303275'),
(108,'303281'),
(119,'303301'),
(106,'303347'),
(106,'303377'),
(100,'303402'),
(108,'303412'),
(98,'303434'),
(103,'303464'),
(103,'303475'),
(118,'303478'),
(113,'303497'),
(111,'303514'),
(117,'303559'),
(100,'303574'),
(102,'303582'),
(116,'303586'),
(110,'303597'),
(97,'303611'),
(102,'303624'),
(103,'303640'),
(107,'303653'),
(110,'303666'),
(107,'303680'),
(100,'303681'),
(105,'303685'),
(106,'303739'),
(114,'303788'),
(100,'303808'),
(113,'303809'),
(117,'303819'),
(97,'303831'),
(110,'303849'),
(115,'303863'),
(100,'303872'),
(105,'303964'),
(118,'303974'),
(114,'303976'),
(105,'303977'),
(99,'303982'),
(104,'303986'),
(99,'304000'),
(112,'304014'),
(112,'304029'),
(106,'304039'),
(98,'304091'),
(116,'304096'),
(119,'304101'),
(110,'304111'),
(98,'304138'),
(107,'304139'),
(117,'304175'),
(119,'304202'),
(103,'304248'),
(111,'304274'),
(119,'304293'),
(107,'304329'),
(119,'304347'),
(99,'304415'),
(113,'304431'),
(97,'304443'),
(103,'304463'),
(112,'304467'),
(110,'304488'),
(118,'304499'),
(109,'304519'),
(104,'304542'),
(110,'304548'),
(112,'304572'),
(110,'304615'),
(119,'304630'),
(97,'304654'),
(113,'304661'),
(99,'304704'),
(113,'304707'),
(112,'304721'),
(113,'304740'),
(97,'304751'),
(104,'304767'),
(108,'304817'),
(117,'304828'),
(97,'304859'),
(101,'304865'),
(103,'304868'),
(109,'304870'),
(112,'304879'),
(100,'304893'),
(101,'304912'),
(112,'304921'),
(118,'304943'),
(99,'304967'),
(98,'304981'),
(103,'305000'),
(113,'305043'),
(102,'305060'),
(111,'305066'),
(102,'305100'),
(107,'305146'),
(118,'305147'),
(105,'305174'),
(98,'305181'),
(98,'305217'),
(110,'305236'),
(98,'305240'),
(117,'305250'),
(115,'305265'),
(116,'305310'),
(114,'305329'),
(103,'305336'),
(107,'305369'),
(115,'305372'),
(117,'305374'),
(99,'305385'),
(101,'305388'),
(108,'305414'),
(109,'305428'),
(108,'305431'),
(100,'305451'),
(98,'305459'),
(107,'305470'),
(119,'305505'),
(111,'305556'),
(105,'305575'),
(104,'305580'),
(110,'305588'),
(112,'305625'),
(118,'305671'),
(98,'305697'),
(102,'305716'),
(105,'305724'),
(116,'305750'),
(115,'305773'),
(108,'305797'),
(114,'305804'),
(108,'305821'),
(110,'305870'),
(107,'305874'),
(103,'305922'),
(111,'305943'),
(97,'305962'),
(116,'305968'),
(107,'305980'),
(101,'305995'),
(108,'306006'),
(116,'306034'),
(98,'306084'),
(101,'306096'),
(99,'306121'),
(98,'306192'),
(111,'306198'),
(101,'306224'),
(101,'306259'),
(101,'306275'),
(100,'306278'),
(111,'306291'),
(97,'306327'),
(97,'306347'),
(118,'306380'),
(114,'306401'),
(98,'306416'),
(119,'306425'),
(118,'306430'),
(115,'306445'),
(117,'306468'),
(101,'306493'),
(107,'306533'),
(109,'306547'),
(107,'306563'),
(113,'306576'),
(102,'306613'),
(105,'306617'),
(105,'306625'),
(97,'306638'),
(119,'306660'),
(116,'306688'),
(109,'306718'),
(101,'306734'),
(115,'306754'),
(99,'306786'),
(118,'306793'),
(97,'306842'),
(104,'306859'),
(115,'306869'),
(106,'306870'),
(119,'306887'),
(108,'306927'),
(104,'306931'),
(104,'306946'),
(118,'306966'),
(103,'307015'),
(115,'307089'),
(116,'307127'),
(98,'307159'),
(99,'307171'),
(105,'307209'),
(119,'307226'),
(111,'307231'),
(97,'307241'),
(109,'307265'),
(115,'307278'),
(109,'307296'),
(116,'307312'),
(119,'307340'),
(113,'307373'),
(106,'307398'),
(106,'307457'),
(114,'307462'),
(116,'307473'),
(115,'307482'),
(112,'307496'),
(112,'307533'),
(102,'307555'),
(102,'307574'),
(100,'307583'),
(118,'307584'),
(97,'307585'),
(107,'307588'),
(111,'307634'),
(108,'307648'),
(104,'307659'),
(101,'307670'),
(117,'307690'),
(116,'307768'),
(104,'307773'),
(111,'307780'),
(101,'307791'),
(100,'307806'),
(101,'307820'),
(107,'307831'),
(114,'307840'),
(114,'307860'),
(105,'307874'),
(104,'307879'),
(99,'307890'),
(112,'307894'),
(113,'307955'),
(109,'307962'),
(103,'307966'),
(98,'307980'),
(111,'307984'),
(103,'308003'),
(99,'308036'),
(106,'308073'),
(108,'308079'),
(107,'308098'),
(106,'308129'),
(99,'308141'),
(101,'308147'),
(115,'308165'),
(105,'308182'),
(99,'308191'),
(99,'308216'),
(97,'308253'),
(99,'308276'),
(107,'308289'),
(110,'308311'),
(111,'308328'),
(116,'308331'),
(108,'308343'),
(97,'308358'),
(113,'308376'),
(112,'308390'),
(110,'308402'),
(110,'308404'),
(116,'308446'),
(104,'308475'),
(119,'308514'),
(107,'308570'),
(110,'308622'),
(108,'308644'),
(103,'308661'),
(116,'308688'),
(115,'308699'),
(109,'308727'),
(108,'308740'),
(113,'308745'),
(112,'308844'),
(97,'308852'),
(97,'308871'),
(101,'308883'),
(100,'308899'),
(108,'308916'),
(108,'308934'),
(111,'308946'),
(117,'309023'),
(105,'309033'),
(116,'309094'),
(117,'309110'),
(107,'309128'),
(107,'309151'),
(119,'309167'),
(115,'309200'),
(97,'309225'),
(112,'309274'),
(107,'309293'),
(113,'309314'),
(100,'309317'),
(105,'309319'),
(114,'309333'),
(101,'309371'),
(97,'309381'),
(117,'309469'),
(104,'309486'),
(119,'309493'),
(103,'309506'),
(111,'309542'),
(100,'309553'),
(116,'309570'),
(111,'309610'),
(109,'309630'),
(105,'309638'),
(117,'309669'),
(100,'309671'),
(98,'309718'),
(119,'309727'),
(115,'309738'),
(110,'309746'),
(116,'309764'),
(105,'309782'),
(114,'309799'),
(109,'309814'),
(117,'309833'),
(116,'309852'),
(105,'309868'),
(108,'309911'),
(109,'309921'),
(98,'309937'),
(107,'310024'),
(111,'310039'),
(108,'310071'),
(112,'310083'),
(105,'310093'),
(107,'310126'),
(103,'310152'),
(98,'310163'),
(108,'310191'),
(98,'310213'),
(107,'310219'),
(106,'310230'),
(119,'310242'),
(117,'310279'),
(106,'310290'),
(112,'310309'),
(111,'310316'),
(104,'310320'),
(119,'310339'),
(117,'310340'),
(114,'310356'),
(103,'310364'),
(104,'310371'),
(101,'310451'),
(103,'310500'),
(116,'310526'),
(110,'310540'),
(106,'310541'),
(108,'310548'),
(112,'310552'),
(114,'310578'),
(100,'310582'),
(115,'310685'),
(105,'310691'),
(116,'310707'),
(117,'310719'),
(108,'310744'),
(119,'310803'),
(112,'310830'),
(99,'310849'),
(107,'310863'),
(105,'310869'),
(108,'310878'),
(105,'310892'),
(104,'310923'),
(107,'310946'),
(119,'310952'),
(115,'310987'),
(98,'310996'),
(119,'311019'),
(109,'311022'),
(103,'311031'),
(113,'311038'),
(119,'311049'),
(103,'311086'),
(97,'311090'),
(99,'311113'),
(111,'311119'),
(113,'311129'),
(105,'311156'),
(111,'311166'),
(107,'311176'),
(114,'311292'),
(113,'311325'),
(102,'311358'),
(108,'311408'),
(113,'311425'),
(101,'311430'),
(101,'311449'),
(119,'311461'),
(117,'311477'),
(113,'311505'),
(99,'311516'),
(105,'311530'),
(107,'311549'),
(114,'311566'),
(98,'311629'),
(101,'311668'),
(112,'311688'),
(100,'311706'),
(102,'311733'),
(98,'311778'),
(98,'311824'),
(97,'311844'),
(97,'311873'),
(102,'311893'),
(108,'311905'),
(114,'311929'),
(99,'311930'),
(118,'311943'),
(99,'311967'),
(116,'311972'),
(119,'311989'),
(100,'312027'),
(113,'312043'),
(98,'312054'),
(116,'312058'),
(108,'312064'),
(104,'312088'),
(118,'312097'),
(97,'312116'),
(111,'312146'),
(98,'312164'),
(108,'312277'),
(101,'312288'),
(104,'312314'),
(117,'312339'),
(118,'312411'),
(107,'312413'),
(102,'312430'),
(107,'312433'),
(117,'312452'),
(99,'312460'),
(109,'312481'),
(118,'312507'),
(111,'312524'),
(112,'312536'),
(110,'312552'),
(99,'312617'),
(114,'312652'),
(117,'312671'),
(101,'312680'),
(98,'312691'),
(108,'312711'),
(103,'312720'),
(97,'312746'),
(110,'312748'),
(103,'312750'),
(107,'312760'),
(105,'312795'),
(101,'312800'),
(105,'312814'),
(102,'312834'),
(104,'312848'),
(107,'312877'),
(103,'312891'),
(114,'312911'),
(113,'312914'),
(119,'312945'),
(106,'312956'),
(109,'312962'),
(109,'312987'),
(98,'313026'),
(119,'313187'),
(110,'313207'),
(106,'313232'),
(100,'313243'),
(112,'313294'),
(103,'313304'),
(115,'313317'),
(97,'313350'),
(113,'313351'),
(108,'313364'),
(117,'313412'),
(114,'313467'),
(106,'313486'),
(115,'313497'),
(100,'313513'),
(105,'313561'),
(113,'313572'),
(116,'313592'),
(104,'313602'),
(98,'313650'),
(114,'313652'),
(98,'313661'),
(117,'313676'),
(110,'313682'),
(97,'313702'),
(107,'313728'),
(107,'313742'),
(112,'313790'),
(110,'313797'),
(108,'313810'),
(114,'313837'),
(99,'313851'),
(102,'313886'),
(112,'313891'),
(101,'313908'),
(101,'313964'),
(100,'313981'),
(117,'314001'),
(97,'314007'),
(100,'314037'),
(110,'314038'),
(105,'314080'),
(103,'314093'),
(104,'314125'),
(99,'314136'),
(119,'314153'),
(114,'314170'),
(104,'314172'),
(102,'314184'),
(108,'314218'),
(106,'314226'),
(99,'314253'),
(103,'314257'),
(102,'314265'),
(100,'314277'),
(100,'314287'),
(111,'314299'),
(110,'314319'),
(109,'314336'),
(115,'314347'),
(116,'314383'),
(109,'314392'),
(115,'314424'),
(110,'314434'),
(109,'314459'),
(117,'314476'),
(109,'314504'),
(100,'314530'),
(114,'314548'),
(98,'314552'),
(99,'314695'),
(101,'314709'),
(99,'314730'),
(114,'314739'),
(110,'314768'),
(108,'314773'),
(112,'314783'),
(118,'314800'),
(98,'314815'),
(112,'314822'),
(101,'314826'),
(99,'314849'),
(109,'314866'),
(97,'314878'),
(103,'314897'),
(116,'314907'),
(117,'314920'),
(111,'314936'),
(115,'314969'),
(99,'314989'),
(110,'315001'),
(115,'315019'),
(112,'315037'),
(118,'315050'),
(98,'315098'),
(112,'315135'),
(108,'315140'),
(112,'315153'),
(108,'315158'),
(97,'315198'),
(105,'315231'),
(100,'315266'),
(103,'315318'),
(98,'315333'),
(119,'315349'),
(97,'315419'),
(117,'315501'),
(108,'315518'),
(107,'315524'),
(115,'315549'),
(106,'315552'),
(102,'315578'),
(118,'315625'),
(101,'315641'),
(97,'315666'),
(97,'315715'),
(114,'315728'),
(106,'315788'),
(97,'315806'),
(112,'315846'),
(117,'315855'),
(117,'315869'),
(109,'315883'),
(108,'315899'),
(100,'315911'),
(106,'315913'),
(104,'315934'),
(98,'315965'),
(113,'315976'),
(104,'315985'),
(109,'316002'),
(109,'316017'),
(105,'316019'),
(106,'316039'),
(115,'316040'),
(98,'316067'),
(100,'316069'),
(105,'316089'),
(104,'316119'),
(111,'316137'),
(103,'316160'),
(118,'316203'),
(104,'316238'),
(107,'316241'),
(104,'316254'),
(117,'316286'),
(101,'316292'),
(111,'316306'),
(104,'316315'),
(101,'316345'),
(99,'316361'),
(115,'316376'),
(105,'316412'),
(110,'316432'),
(114,'316468'),
(114,'316500'),
(97,'316514'),
(116,'316528'),
(101,'316563'),
(117,'316572'),
(103,'316591'),
(111,'316593'),
(109,'316601'),
(115,'316621'),
(114,'316651'),
(119,'316660'),
(103,'316685'),
(105,'316707'),
(98,'316708'),
(107,'316710'),
(108,'316721'),
(102,'316760'),
(115,'316832'),
(97,'316868'),
(109,'316880'),
(104,'316899'),
(103,'316915'),
(99,'316919'),
(97,'316940'),
(104,'316955'),
(99,'316975'),
(116,'316994'),
(105,'317020'),
(107,'317028'),
(100,'317032'),
(118,'317075'),
(118,'317090'),
(114,'317111'),
(102,'317114'),
(100,'317116'),
(97,'317168'),
(117,'317217'),
(117,'317247'),
(99,'317304'),
(115,'317321'),
(119,'317357'),
(98,'317364'),
(114,'317374'),
(108,'317385'),
(118,'317399'),
(119,'317485'),
(118,'317498'),
(116,'317542'),
(109,'317546'),
(110,'317564'),
(105,'317566'),
(115,'317597'),
(117,'317612'),
(110,'317642'),
(109,'317662'),
(118,'317698'),
(100,'317754'),
(98,'317764'),
(99,'317766'),
(100,'317767'),
(107,'317802'),
(102,'317827'),
(105,'317835'),
(113,'317845'),
(99,'317923'),
(110,'317932'),
(104,'318005'),
(103,'318025'),
(118,'318063'),
(116,'318073'),
(113,'318100'),
(97,'318154'),
(98,'318184'),
(108,'318198'),
(116,'318296'),
(112,'318315'),
(105,'318327'),
(115,'318328'),
(100,'318339'),
(113,'318342'),
(109,'318374'),
(117,'318399'),
(112,'318401'),
(110,'318413'),
(112,'318431'),
(114,'318438'),
(111,'318453'),
(116,'318467'),
(112,'318468'),
(113,'318482'),
(117,'318483'),
(109,'318554'),
(102,'318582'),
(98,'318607'),
(117,'318631'),
(118,'318649'),
(104,'318692'),
(99,'318709'),
(103,'318730'),
(97,'318759'),
(112,'318767'),
(117,'318776'),
(98,'318797'),
(116,'318807'),
(105,'318822'),
(113,'318828'),
(99,'318847'),
(102,'318866'),
(106,'318880'),
(97,'318884'),
(108,'318934'),
(112,'318964'),
(106,'318972'),
(107,'318996'),
(116,'319009'),
(114,'319027'),
(103,'319056'),
(99,'319103'),
(99,'319119'),
(97,'319147'),
(116,'319207'),
(98,'319233'),
(114,'319241'),
(114,'319267'),
(112,'319288'),
(108,'319304'),
(117,'319316'),
(108,'319344'),
(106,'319412'),
(109,'319414'),
(113,'319426'),
(114,'319452'),
(101,'319454'),
(98,'319473'),
(109,'319496'),
(97,'319497'),
(114,'319519'),
(116,'319542'),
(102,'319599'),
(100,'319632'),
(111,'319639'),
(109,'319644'),
(113,'319679'),
(118,'319711'),
(118,'319730'),
(102,'319747'),
(99,'319762'),
(98,'319779'),
(100,'319796'),
(102,'319814'),
(103,'319889'),
(101,'319916'),
(101,'319933'),
(108,'319952'),
(113,'319997'),
(112,'320004'),
(108,'320024'),
(119,'320035'),
(104,'320060'),
(108,'320104'),
(104,'320115'),
(101,'320150'),
(99,'320156'),
(112,'320191'),
(107,'320204'),
(119,'320230'),
(100,'320242'),
(108,'320244'),
(110,'320252'),
(108,'320279'),
(105,'320286'),
(108,'320295'),
(100,'320313'),
(116,'320314'),
(97,'320337'),
(97,'320338'),
(101,'320342'),
(110,'320413'),
(101,'320429'),
(114,'320444'),
(113,'320463'),
(113,'320493'),
(114,'320508'),
(100,'320516'),
(100,'320569'),
(104,'320590'),
(110,'320610'),
(118,'320676'),
(117,'320709'),
(109,'320738'),
(102,'320829'),
(105,'320835'),
(101,'320915'),
(97,'320920'),
(113,'320931'),
(109,'320956'),
(115,'320974'),
(119,'320977'),
(108,'321048'),
(97,'321065'),
(107,'321082'),
(114,'321096'),
(114,'321113'),
(98,'321146'),
(106,'321181'),
(99,'321197'),
(108,'321205'),
(116,'321211'),
(117,'321215'),
(109,'321223'),
(110,'321239'),
(103,'321248'),
(118,'321311'),
(103,'321325'),
(102,'321339'),
(110,'321344'),
(101,'321393'),
(116,'321400'),
(115,'321412'),
(101,'321441'),
(111,'321480'),
(114,'321495'),
(105,'321505'),
(108,'321507'),
(118,'321585'),
(118,'321602'),
(117,'321661'),
(119,'321663'),
(115,'321676'),
(106,'321696'),
(105,'321734'),
(101,'321749'),
(109,'321776'),
(117,'321798'),
(99,'321806'),
(111,'321857'),
(116,'321884'),
(110,'321894'),
(116,'321911'),
(97,'322007'),
(104,'322081'),
(97,'322093'),
(109,'322097'),
(97,'322114'),
(114,'322117'),
(111,'322137'),
(107,'322155'),
(98,'322162'),
(100,'322202'),
(119,'322221'),
(115,'322243'),
(105,'322270'),
(105,'322288'),
(119,'322309'),
(98,'322326'),
(105,'322330'),
(112,'322357'),
(109,'322372'),
(116,'322419'),
(98,'322429'),
(115,'322451'),
(98,'322463'),
(113,'322499'),
(118,'322528'),
(112,'322538'),
(97,'322569'),
(112,'322570'),
(109,'322592'),
(101,'322596'),
(101,'322602'),
(111,'322612'),
(109,'322616'),
(118,'322625'),
(98,'322662'),
(111,'322675'),
(107,'322704'),
(102,'322735'),
(98,'322778'),
(103,'322797'),
(102,'322816'),
(100,'322847'),
(114,'322858'),
(117,'322874'),
(114,'322910'),
(111,'322925'),
(114,'322931'),
(106,'322943'),
(116,'322961'),
(111,'323013'),
(113,'323014'),
(114,'323026'),
(109,'323034'),
(114,'323052'),
(117,'323064'),
(100,'323086'),
(97,'323114'),
(101,'323168'),
(119,'323194'),
(103,'323209'),
(101,'323239'),
(97,'323248'),
(113,'323273'),
(112,'323296'),
(114,'323300'),
(103,'323313'),
(107,'323323'),
(114,'323345'),
(105,'323374'),
(109,'323385'),
(115,'323391'),
(117,'323394'),
(109,'323406'),
(111,'323471'),
(104,'323487'),
(100,'323567'),
(107,'323586'),
(98,'323610'),
(98,'323626'),
(109,'323654'),
(102,'323665'),
(116,'323702'),
(108,'323707'),
(97,'323722'),
(119,'323743'),
(99,'323783'),
(102,'323793'),
(104,'323817'),
(116,'323827'),
(104,'323867'),
(118,'323880'),
(110,'323889'),
(117,'323901'),
(99,'323911'),
(111,'323941'),
(114,'323960'),
(111,'324009'),
(111,'324013'),
(105,'324014'),
(99,'324041'),
(102,'324055'),
(116,'324072'),
(98,'324102'),
(99,'324132'),
(113,'324151'),
(115,'324182'),
(104,'324216'),
(103,'324252'),
(98,'324279'),
(105,'324313'),
(104,'324332'),
(117,'324344'),
(115,'324378'),
(116,'324387'),
(111,'324404'),
(110,'324435'),
(98,'324451'),
(110,'324458'),
(107,'324459'),
(112,'324471'),
(105,'324493'),
(114,'324502'),
(99,'324516'),
(104,'324544'),
(99,'324569'),
(97,'324590'),
(119,'324596'),
(116,'324616'),
(100,'324656'),
(101,'324670'),
(114,'324687'),
(102,'324708'),
(110,'324732'),
(116,'324770'),
(119,'324793'),
(117,'324833'),
(109,'324855'),
(100,'324864'),
(116,'324866'),
(101,'324885'),
(114,'324891'),
(111,'324897'),
(113,'324905'),
(97,'324936'),
(114,'324955'),
(103,'324983'),
(110,'325002'),
(101,'325003'),
(97,'325020'),
(113,'325038'),
(118,'325047'),
(102,'325050'),
(100,'325059'),
(117,'325099'),
(99,'325122'),
(101,'325151'),
(107,'325153'),
(112,'325158'),
(118,'325161'),
(101,'325167'),
(116,'325175'),
(117,'325214'),
(112,'325228'),
(109,'325254'),
(118,'325264'),
(106,'325265'),
(117,'325277'),
(106,'325279'),
(112,'325298'),
(106,'325316'),
(104,'325320'),
(106,'325322'),
(101,'325335'),
(112,'325343'),
(105,'325359'),
(97,'325367'),
(105,'325392'),
(99,'325393'),
(97,'325419'),
(118,'325434'),
(117,'325445'),
(100,'325485'),
(115,'325504'),
(111,'325518'),
(106,'325556'),
(113,'325571'),
(112,'325604'),
(112,'325611'),
(110,'325625'),
(107,'325645'),
(104,'325667'),
(100,'325704'),
(106,'325783'),
(116,'325788'),
(118,'325838'),
(106,'325850'),
(113,'325855'),
(117,'325856'),
(111,'325865'),
(110,'325875'),
(105,'325879'),
(106,'325901'),
(103,'325920'),
(100,'325939'),
(108,'325959'),
(104,'325972'),
(100,'325998'),
(99,'326011'),
(101,'326017'),
(107,'326034'),
(106,'326038'),
(109,'326070'),
(115,'326074'),
(118,'326077'),
(116,'326102'),
(107,'326104'),
(105,'326116'),
(98,'326140'),
(114,'326203'),
(100,'326215'),
(108,'326220'),
(116,'326257'),
(113,'326292'),
(103,'326297'),
(101,'326323'),
(107,'326344'),
(102,'326352'),
(109,'326372'),
(110,'326382'),
(117,'326394'),
(111,'326421'),
(101,'326443'),
(108,'326459'),
(100,'326475'),
(114,'326486'),
(100,'326501'),
(111,'326507'),
(116,'326520'),
(105,'326545'),
(118,'326569'),
(107,'326573'),
(116,'326587'),
(117,'326602'),
(107,'326637'),
(107,'326664'),
(117,'326680'),
(115,'326684'),
(100,'326730'),
(115,'326748'),
(113,'326788'),
(118,'326865'),
(97,'326911'),
(117,'326947'),
(119,'326996'),
(99,'327003'),
(99,'327004'),
(116,'327016'),
(113,'327021'),
(100,'327039'),
(111,'327041'),
(115,'327084'),
(106,'327109'),
(103,'327126'),
(105,'327134'),
(103,'327184'),
(103,'327214'),
(104,'327231'),
(97,'327243'),
(107,'327261'),
(111,'327280'),
(114,'327288'),
(117,'327307'),
(107,'327323'),
(106,'327332'),
(118,'327352'),
(104,'327371'),
(118,'327412'),
(111,'327415'),
(105,'327443'),
(107,'327490'),
(102,'327545'),
(109,'327554'),
(106,'327586'),
(117,'327605'),
(110,'327625'),
(107,'327633'),
(113,'327660'),
(112,'327670'),
(115,'327680'),
(119,'327686'),
(98,'327715'),
(115,'327726'),
(109,'327738'),
(105,'327780'),
(106,'327817'),
(119,'327832'),
(116,'327844'),
(111,'327874'),
(103,'327881'),
(110,'327895'),
(108,'327920'),
(113,'327925'),
(101,'327945'),
(114,'327948'),
(103,'327963'),
(113,'327978'),
(98,'327987'),
(100,'327992'),
(119,'327993'),
(119,'328001'),
(97,'328016'),
(112,'328047'),
(104,'328067'),
(106,'328068'),
(102,'328086'),
(113,'328112'),
(106,'328117'),
(98,'328162'),
(112,'328214'),
(104,'328220'),
(111,'328232'),
(113,'328246'),
(98,'328257'),
(117,'328273'),
(109,'328295'),
(111,'328311'),
(109,'328335'),
(110,'328352'),
(118,'328402'),
(117,'328417'),
(110,'328465'),
(117,'328533'),
(112,'328561'),
(103,'328567'),
(102,'328624'),
(108,'328635'),
(118,'328652'),
(107,'328697'),
(105,'328706'),
(113,'328719'),
(103,'328742'),
(102,'328760'),
(109,'328796'),
(98,'328806'),
(111,'328834'),
(117,'328898'),
(104,'328899'),
(103,'328902'),
(111,'328904'),
(99,'328915'),
(115,'328917'),
(97,'328989'),
(100,'329004'),
(113,'329025'),
(116,'329051'),
(99,'329052'),
(100,'329061'),
(105,'329075'),
(109,'329096'),
(100,'329107'),
(102,'329141'),
(112,'329169'),
(109,'329182'),
(103,'329219'),
(99,'329249'),
(113,'329267'),
(110,'329315'),
(97,'329339'),
(112,'329368'),
(107,'329370'),
(115,'329392'),
(112,'329410'),
(104,'329456'),
(105,'329474'),
(111,'329492'),
(97,'329554'),
(107,'329563'),
(108,'329615'),
(106,'329635'),
(103,'329665'),
(118,'329686'),
(117,'329704'),
(99,'329728'),
(119,'329731'),
(98,'329764'),
(116,'329779'),
(118,'329799'),
(111,'329861'),
(106,'329883'),
(116,'329902'),
(112,'329911'),
(105,'329957'),
(117,'329961'),
(97,'329962'),
(103,'329981'),
(116,'329983'),
(110,'329985'),
(100,'330016'),
(102,'330029'),
(97,'330035'),
(116,'330060'),
(102,'330079'),
(114,'330097'),
(105,'330108'),
(108,'330172'),
(118,'330185'),
(112,'330186'),
(109,'330235'),
(101,'330270'),
(106,'330289'),
(119,'330292'),
(116,'330307'),
(97,'330330'),
(114,'330407'),
(107,'330416'),
(108,'330445'),
(98,'330452'),
(102,'330476'),
(117,'330511'),
(101,'330527'),
(104,'330542'),
(104,'330557'),
(108,'330592'),
(99,'330594'),
(108,'330662'),
(107,'330705'),
(109,'330707'),
(107,'330721'),
(112,'330729'),
(114,'330739'),
(107,'330758'),
(115,'330838'),
(110,'330874'),
(112,'330897'),
(118,'330898'),
(103,'330912'),
(118,'330916'),
(104,'330927'),
(98,'330952'),
(105,'330975'),
(106,'330993'),
(101,'331014'),
(119,'331030'),
(98,'331048'),
(112,'331066'),
(107,'331100'),
(117,'331114'),
(119,'331147'),
(100,'331161'),
(101,'331177'),
(104,'331191'),
(100,'331206'),
(109,'331300'),
(106,'331316'),
(117,'331333'),
(116,'331371'),
(116,'331387'),
(116,'331407'),
(111,'331427'),
(114,'331455'),
(106,'331473'),
(109,'331520'),
(102,'331538'),
(108,'331547'),
(113,'331554'),
(118,'331576'),
(105,'331577'),
(110,'331591'),
(105,'331627'),
(111,'331644'),
(113,'331654'),
(106,'331676'),
(105,'331707'),
(97,'331739'),
(102,'331749'),
(103,'331799'),
(112,'331813'),
(112,'331816'),
(101,'331828'),
(118,'331843'),
(97,'331845'),
(99,'331872'),
(108,'331882'),
(118,'331894'),
(112,'331916'),
(116,'331960'),
(105,'331964'),
(116,'331971'),
(107,'331990'),
(108,'332001'),
(110,'332011'),
(110,'332024'),
(99,'332049'),
(111,'332070'),
(119,'332078'),
(100,'332090'),
(102,'332110'),
(109,'332174'),
(113,'332191'),
(109,'332221'),
(108,'332237'),
(105,'332277'),
(112,'332287'),
(113,'332290'),
(107,'332294'),
(102,'332307'),
(99,'332319'),
(119,'332335'),
(111,'332372'),
(102,'332421'),
(113,'332429'),
(111,'332436'),
(115,'332437'),
(105,'332492'),
(112,'332497'),
(100,'332512'),
(119,'332526'),
(101,'332535'),
(99,'332556'),
(109,'332559'),
(98,'332573'),
(101,'332586'),
(112,'332590'),
(100,'332606'),
(117,'332623'),
(119,'332672'),
(110,'332691'),
(119,'332729'),
(106,'332768'),
(116,'332774'),
(104,'332822'),
(99,'332871'),
(119,'332893'),
(105,'332920'),
(112,'332936'),
(113,'332946'),
(99,'332993'),
(108,'333030'),
(113,'333061'),
(100,'333089'),
(111,'333111'),
(119,'333116'),
(109,'333174'),
(99,'333176'),
(110,'333189'),
(116,'333199'),
(114,'333208'),
(103,'333218'),
(110,'333239'),
(104,'333257'),
(116,'333281'),
(106,'333301'),
(108,'333337'),
(111,'333340'),
(108,'333372'),
(104,'333382'),
(100,'333389'),
(107,'333412'),
(111,'333479'),
(98,'333482'),
(108,'333523'),
(98,'333563'),
(106,'333582'),
(112,'333613'),
(117,'333653'),
(103,'333678'),
(97,'333690'),
(98,'333710'),
(109,'333798'),
(105,'333799'),
(112,'333810'),
(110,'333812'),
(103,'333828'),
(98,'333856'),
(111,'333874'),
(100,'333903'),
(115,'333943'),
(113,'333970'),
(117,'333983'),
(99,'334005'),
(100,'334031'),
(105,'334036'),
(116,'334058'),
(109,'334085'),
(119,'334110'),
(98,'334121'),
(115,'334136'),
(114,'334138'),
(112,'334157'),
(103,'334160'),
(107,'334202'),
(117,'334218'),
(100,'334244'),
(114,'334267'),
(107,'334277'),
(117,'334308'),
(117,'334343'),
(109,'334356'),
(107,'334398'),
(108,'334425'),
(117,'334428'),
(118,'334458'),
(105,'334480'),
(101,'334490'),
(105,'334511'),
(118,'334537'),
(118,'334590'),
(110,'334591'),
(112,'334614'),
(101,'334617'),
(114,'334649'),
(117,'334662'),
(110,'334700'),
(102,'334730'),
(113,'334798'),
(107,'334800'),
(106,'334812'),
(113,'334822'),
(113,'334851'),
(104,'334855'),
(115,'334866'),
(114,'334921'),
(109,'334951'),
(103,'334959'),
(112,'334960'),
(118,'334990'),
(113,'335020'),
(113,'335030'),
(114,'335046'),
(107,'335081'),
(104,'335090'),
(114,'335097'),
(105,'335144'),
(103,'335174'),
(106,'335190'),
(118,'335222'),
(113,'335243'),
(110,'335246');


INSERT INTO votes(candidate_id,user_id) VALUES
(27,'129389'),
(27,'133356'),
(27,'133887'),
(27,'135059'),
(27,'139982'),
(27,'142042'),
(27,'142525'),
(27,'147099'),
(27,'147997'),
(27,'151465'),
(27,'155324'),
(27,'159072'),
(27,'160870'),
(27,'162214'),
(27,'166188'),
(27,'169977'),
(27,'170924'),
(27,'173211'),
(27,'173702'),
(27,'173928'),
(27,'177799'),
(27,'179067'),
(27,'180326'),
(27,'186150'),
(27,'187465'),
(27,'188478'),
(27,'189375'),
(27,'191862'),
(27,'193532'),
(27,'194065'),
(27,'195724'),
(27,'198274'),
(27,'200748'),
(27,'204213'),
(27,'204728'),
(27,'206390'),
(27,'208242'),
(27,'208330'),
(27,'208369'),
(27,'211714'),
(27,'213753'),
(27,'214471'),
(27,'214816'),
(27,'214987'),
(27,'215087'),
(27,'216273'),
(27,'216318'),
(27,'219012'),
(27,'219101'),
(27,'220066'),
(27,'220273'),
(27,'222040'),
(27,'223611'),
(27,'230226'),
(27,'231357'),
(27,'232981'),
(27,'234400'),
(27,'234779'),
(27,'237220'),
(27,'240071'),
(27,'249268'),
(27,'254124'),
(27,'257417'),
(27,'269038'),
(27,'269390'),
(27,'269461'),
(27,'278450'),
(27,'279949'),
(27,'281159'),
(27,'281973'),
(27,'282108'),
(27,'283344'),
(27,'284931'),
(27,'286673'),
(27,'287496'),
(27,'290730'),
(27,'294183'),
(27,'295120'),
(27,'296478'),
(27,'297130'),
(27,'298725'),
(27,'301837'),
(27,'302517'),
(27,'307241'),
(27,'309746'),
(27,'311762'),
(27,'312717'),
(27,'313468'),
(27,'314347'),
(27,'314459'),
(27,'315273'),
(27,'316045'),
(27,'320150'),
(27,'325277'),
(27,'328652'),
(27,'328719'),
(27,'329252'),
(27,'330045'),
(27,'330874'),
(27,'333049');


